<?xml version="1.0" encoding="UTF-8"?>
<JDBOR date="2021-07-02 08:44:53" version="1.3.7 / 4.1.7 [2020-12-03] (orientdb version)" copyright="Orphanet (c) 2021" dbserver="jdbc:sybase:Tds:canard.orpha.net:2020">
  <ClassificationList count="1">
    <Classification id="231">
      <OrphaNumber>280338</OrphaNumber>
      <Name lang="cs">Klasifikace vzácných systémových a revmatologických onemocnění dle Orphanetu</Name>
      <ClassificationNodeRootList count="1">
        <ClassificationNode>
          <Disorder id="20456">
            <OrphaCode>280342</OrphaCode>
            <ExpertLink lang="cs">http://www.orpha.net/consor/cgi-bin/OC_Exp.php?lng=cs&amp;Expert=280342</ExpertLink>
            <Name lang="cs">Vzácná revmatologická onemocnění dětského věku</Name>
            <DisorderType id="36561">
              <Name lang="cs">Kategorie</Name>
            </DisorderType>
          </Disorder>
          <ClassificationNodeChildList count="3">
            <ClassificationNode>
              <Disorder id="20461">
                <OrphaCode>280369</OrphaCode>
                <ExpertLink lang="cs">http://www.orpha.net/consor/cgi-bin/OC_Exp.php?lng=cs&amp;Expert=280369</ExpertLink>
                <Name lang="cs">Vaskulitidy v pediatrii</Name>
                <DisorderType id="36561">
                  <Name lang="cs">Kategorie</Name>
                </DisorderType>
              </Disorder>
              <ClassificationNodeChildList count="11">
                <ClassificationNode>
                  <Disorder id="749">
                    <OrphaCode>761</OrphaCode>
                    <ExpertLink lang="cs">http://www.orpha.net/consor/cgi-bin/OC_Exp.php?lng=cs&amp;Expert=761</ExpertLink>
                    <Name lang="cs">Imunoglobulin A vaskulitida</Name>
                    <DisorderType id="21394">
                      <Name lang="cs">Onemocnění</Name>
                    </DisorderType>
                  </Disorder>
                  <ClassificationNodeChildList count="0">
                  </ClassificationNodeChildList>
                </ClassificationNode>
                <ClassificationNode>
                  <Disorder id="788">
                    <OrphaCode>2331</OrphaCode>
                    <ExpertLink lang="cs">http://www.orpha.net/consor/cgi-bin/OC_Exp.php?lng=cs&amp;Expert=2331</ExpertLink>
                    <Name lang="cs">Kawasakiho syndrom</Name>
                    <DisorderType id="21394">
                      <Name lang="cs">Onemocnění</Name>
                    </DisorderType>
                  </Disorder>
                  <ClassificationNodeChildList count="0">
                  </ClassificationNodeChildList>
                </ClassificationNode>
                <ClassificationNode>
                  <Disorder id="806">
                    <OrphaCode>3287</OrphaCode>
                    <ExpertLink lang="cs">http://www.orpha.net/consor/cgi-bin/OC_Exp.php?lng=cs&amp;Expert=3287</ExpertLink>
                    <Name lang="cs">Takayasuova arteriitida</Name>
                    <DisorderType id="21394">
                      <Name lang="cs">Onemocnění</Name>
                    </DisorderType>
                  </Disorder>
                  <ClassificationNodeChildList count="0">
                  </ClassificationNodeChildList>
                </ClassificationNode>
                <ClassificationNode>
                  <Disorder id="3333">
                    <OrphaCode>1467</OrphaCode>
                    <ExpertLink lang="cs">http://www.orpha.net/consor/cgi-bin/OC_Exp.php?lng=cs&amp;Expert=1467</ExpertLink>
                    <Name lang="cs">Coganův syndrom</Name>
                    <DisorderType id="21394">
                      <Name lang="cs">Onemocnění</Name>
                    </DisorderType>
                  </Disorder>
                  <ClassificationNodeChildList count="0">
                  </ClassificationNodeChildList>
                </ClassificationNode>
                <ClassificationNode>
                  <Disorder id="10428">
                    <OrphaCode>36412</OrphaCode>
                    <ExpertLink lang="cs">http://www.orpha.net/consor/cgi-bin/OC_Exp.php?lng=cs&amp;Expert=36412</ExpertLink>
                    <Name lang="cs">Hypokomplementemická urtikariální vaskulitida</Name>
                    <DisorderType id="21394">
                      <Name lang="cs">Onemocnění</Name>
                    </DisorderType>
                  </Disorder>
                  <ClassificationNodeChildList count="0">
                  </ClassificationNodeChildList>
                </ClassificationNode>
                <ClassificationNode>
                  <Disorder id="12115">
                    <OrphaCode>91138</OrphaCode>
                    <ExpertLink lang="cs">http://www.orpha.net/consor/cgi-bin/OC_Exp.php?lng=cs&amp;Expert=91138</ExpertLink>
                    <Name lang="cs">Kryoglobulinemická vaskulitida</Name>
                    <DisorderType id="21394">
                      <Name lang="cs">Onemocnění</Name>
                    </DisorderType>
                  </Disorder>
                  <ClassificationNodeChildList count="2">
                    <ClassificationNode>
                      <Disorder id="12396">
                        <OrphaCode>93554</OrphaCode>
                        <ExpertLink lang="cs">http://www.orpha.net/consor/cgi-bin/OC_Exp.php?lng=cs&amp;Expert=93554</ExpertLink>
                        <Name lang="cs">Smíšená kryoglobulinemie, typ II</Name>
                        <DisorderType id="21443">
                          <Name lang="cs">Etiologický podtyp</Name>
                        </DisorderType>
                      </Disorder>
                      <ClassificationNodeChildList count="0">
                      </ClassificationNodeChildList>
                    </ClassificationNode>
                    <ClassificationNode>
                      <Disorder id="12397">
                        <OrphaCode>93555</OrphaCode>
                        <ExpertLink lang="cs">http://www.orpha.net/consor/cgi-bin/OC_Exp.php?lng=cs&amp;Expert=93555</ExpertLink>
                        <Name lang="cs">Smíšená kryoglobulinemie, typ III</Name>
                        <DisorderType id="21443">
                          <Name lang="cs">Etiologický podtyp</Name>
                        </DisorderType>
                      </Disorder>
                      <ClassificationNodeChildList count="0">
                      </ClassificationNodeChildList>
                    </ClassificationNode>
                  </ClassificationNodeChildList>
                </ClassificationNode>
                <ClassificationNode>
                  <Disorder id="17099">
                    <OrphaCode>156152</OrphaCode>
                    <ExpertLink lang="cs">http://www.orpha.net/consor/cgi-bin/OC_Exp.php?lng=cs&amp;Expert=156152</ExpertLink>
                    <Name lang="cs">Vaskulitida asociovaná s protilátkami proti cytoplazmě neutrofilů</Name>
                    <DisorderType id="21436">
                      <Name lang="cs">Klinická skupina</Name>
                    </DisorderType>
                  </Disorder>
                  <ClassificationNodeChildList count="3">
                    <ClassificationNode>
                      <Disorder id="745">
                        <OrphaCode>183</OrphaCode>
                        <ExpertLink lang="cs">http://www.orpha.net/consor/cgi-bin/OC_Exp.php?lng=cs&amp;Expert=183</ExpertLink>
                        <Name lang="cs">Eozinofilní granulomatóza s polyangiitidou</Name>
                        <DisorderType id="21394">
                          <Name lang="cs">Onemocnění</Name>
                        </DisorderType>
                      </Disorder>
                      <ClassificationNodeChildList count="0">
                      </ClassificationNodeChildList>
                    </ClassificationNode>
                    <ClassificationNode>
                      <Disorder id="753">
                        <OrphaCode>727</OrphaCode>
                        <ExpertLink lang="cs">http://www.orpha.net/consor/cgi-bin/OC_Exp.php?lng=cs&amp;Expert=727</ExpertLink>
                        <Name lang="cs">Mikroskopická polyangiitida</Name>
                        <DisorderType id="21394">
                          <Name lang="cs">Onemocnění</Name>
                        </DisorderType>
                      </Disorder>
                      <ClassificationNodeChildList count="0">
                      </ClassificationNodeChildList>
                    </ClassificationNode>
                    <ClassificationNode>
                      <Disorder id="759">
                        <OrphaCode>900</OrphaCode>
                        <ExpertLink lang="cs">http://www.orpha.net/consor/cgi-bin/OC_Exp.php?lng=cs&amp;Expert=900</ExpertLink>
                        <Name lang="cs">Granulomatóza s polyangiitidou</Name>
                        <DisorderType id="21394">
                          <Name lang="cs">Onemocnění</Name>
                        </DisorderType>
                      </Disorder>
                      <ClassificationNodeChildList count="0">
                      </ClassificationNodeChildList>
                    </ClassificationNode>
                  </ClassificationNodeChildList>
                </ClassificationNode>
                <ClassificationNode>
                  <Disorder id="19629">
                    <OrphaCode>251328</OrphaCode>
                    <ExpertLink lang="cs">http://www.orpha.net/consor/cgi-bin/OC_Exp.php?lng=cs&amp;Expert=251328</ExpertLink>
                    <Name lang="cs">Neklasifikovaná vaskulitida</Name>
                    <DisorderType id="21394">
                      <Name lang="cs">Onemocnění</Name>
                    </DisorderType>
                  </Disorder>
                  <ClassificationNodeChildList count="0">
                  </ClassificationNodeChildList>
                </ClassificationNode>
                <ClassificationNode>
                  <Disorder id="23521">
                    <OrphaCode>445197</OrphaCode>
                    <ExpertLink lang="cs">http://www.orpha.net/consor/cgi-bin/OC_Exp.php?lng=cs&amp;Expert=445197</ExpertLink>
                    <Name lang="cs">Sekundární vaskulitida</Name>
                    <DisorderType id="36561">
                      <Name lang="cs">Kategorie</Name>
                    </DisorderType>
                  </Disorder>
                  <ClassificationNodeChildList count="2">
                    <ClassificationNode>
                      <Disorder id="10626">
                        <OrphaCode>48435</OrphaCode>
                        <ExpertLink lang="cs">http://www.orpha.net/consor/cgi-bin/OC_Exp.php?lng=cs&amp;Expert=48435</ExpertLink>
                        <Name lang="cs">Postinfekční vaskulitida</Name>
                        <DisorderType id="21394">
                          <Name lang="cs">Onemocnění</Name>
                        </DisorderType>
                      </Disorder>
                      <ClassificationNodeChildList count="0">
                      </ClassificationNodeChildList>
                    </ClassificationNode>
                    <ClassificationNode>
                      <Disorder id="19628">
                        <OrphaCode>251325</OrphaCode>
                        <ExpertLink lang="cs">http://www.orpha.net/consor/cgi-bin/OC_Exp.php?lng=cs&amp;Expert=251325</ExpertLink>
                        <Name lang="cs">Léky indukovaná vaskulitida</Name>
                        <DisorderType id="21394">
                          <Name lang="cs">Onemocnění</Name>
                        </DisorderType>
                      </Disorder>
                      <ClassificationNodeChildList count="0">
                      </ClassificationNodeChildList>
                    </ClassificationNode>
                  </ClassificationNodeChildList>
                </ClassificationNode>
                <ClassificationNode>
                  <Disorder id="22938">
                    <OrphaCode>404553</OrphaCode>
                    <ExpertLink lang="cs">http://www.orpha.net/consor/cgi-bin/OC_Exp.php?lng=cs&amp;Expert=404553</ExpertLink>
                    <Name lang="cs">Vaskulitida způsobená deficitem ADA2</Name>
                    <DisorderType id="21394">
                      <Name lang="cs">Onemocnění</Name>
                    </DisorderType>
                  </Disorder>
                  <ClassificationNodeChildList count="0">
                  </ClassificationNodeChildList>
                </ClassificationNode>
                <ClassificationNode>
                  <Disorder id="23209">
                    <OrphaCode>425120</OrphaCode>
                    <ExpertLink lang="cs">http://www.orpha.net/consor/cgi-bin/OC_Exp.php?lng=cs&amp;Expert=425120</ExpertLink>
                    <Name lang="cs">STING-asociovaná vaskulopatie s nástupem v dětství</Name>
                    <DisorderType id="21394">
                      <Name lang="cs">Onemocnění</Name>
                    </DisorderType>
                  </Disorder>
                  <ClassificationNodeChildList count="0">
                  </ClassificationNodeChildList>
                </ClassificationNode>
              </ClassificationNodeChildList>
            </ClassificationNode>
            <ClassificationNode>
              <Disorder id="20462">
                <OrphaCode>280373</OrphaCode>
                <ExpertLink lang="cs">http://www.orpha.net/consor/cgi-bin/OC_Exp.php?lng=cs&amp;Expert=280373</ExpertLink>
                <Name lang="cs">Systémová onemocnění v pediatrii</Name>
                <DisorderType id="36561">
                  <Name lang="cs">Kategorie</Name>
                </DisorderType>
              </Disorder>
              <ClassificationNodeChildList count="13">
                <ClassificationNode>
                  <Disorder id="12002">
                    <OrphaCode>90291</OrphaCode>
                    <ExpertLink lang="cs">http://www.orpha.net/consor/cgi-bin/OC_Exp.php?lng=cs&amp;Expert=90291</ExpertLink>
                    <Name lang="cs">Systémová skleróza</Name>
                    <DisorderType id="21394">
                      <Name lang="cs">Onemocnění</Name>
                    </DisorderType>
                  </Disorder>
                  <ClassificationNodeChildList count="3">
                    <ClassificationNode>
                      <Disorder id="18906">
                        <OrphaCode>220402</OrphaCode>
                        <ExpertLink lang="cs">http://www.orpha.net/consor/cgi-bin/OC_Exp.php?lng=cs&amp;Expert=220402</ExpertLink>
                        <Name lang="cs">Omezená kutánní systémová skleróza</Name>
                        <DisorderType id="21450">
                          <Name lang="cs">Klinický podtyp</Name>
                        </DisorderType>
                      </Disorder>
                      <ClassificationNodeChildList count="0">
                      </ClassificationNodeChildList>
                    </ClassificationNode>
                    <ClassificationNode>
                      <Disorder id="18907">
                        <OrphaCode>220407</OrphaCode>
                        <ExpertLink lang="cs">http://www.orpha.net/consor/cgi-bin/OC_Exp.php?lng=cs&amp;Expert=220407</ExpertLink>
                        <Name lang="cs">Limitovaná systémová skleróza</Name>
                        <DisorderType id="21450">
                          <Name lang="cs">Klinický podtyp</Name>
                        </DisorderType>
                      </Disorder>
                      <ClassificationNodeChildList count="0">
                      </ClassificationNodeChildList>
                    </ClassificationNode>
                    <ClassificationNode>
                      <Disorder id="18905">
                        <OrphaCode>220393</OrphaCode>
                        <ExpertLink lang="cs">http://www.orpha.net/consor/cgi-bin/OC_Exp.php?lng=cs&amp;Expert=220393</ExpertLink>
                        <Name lang="cs">Systémová sklerodermie-sclerodermia diffusa</Name>
                        <DisorderType id="21450">
                          <Name lang="cs">Klinický podtyp</Name>
                        </DisorderType>
                      </Disorder>
                      <ClassificationNodeChildList count="0">
                      </ClassificationNodeChildList>
                    </ClassificationNode>
                  </ClassificationNodeChildList>
                </ClassificationNode>
                <ClassificationNode>
                  <Disorder id="19630">
                    <OrphaCode>251332</OrphaCode>
                    <ExpertLink lang="cs">http://www.orpha.net/consor/cgi-bin/OC_Exp.php?lng=cs&amp;Expert=251332</ExpertLink>
                    <Name lang="cs">Syndrom nevysvětlitelné dlouhotrvající horečky či zánětu</Name>
                    <DisorderType id="21394">
                      <Name lang="cs">Onemocnění</Name>
                    </DisorderType>
                  </Disorder>
                  <ClassificationNodeChildList count="0">
                  </ClassificationNodeChildList>
                </ClassificationNode>
                <ClassificationNode>
                  <Disorder id="735">
                    <OrphaCode>797</OrphaCode>
                    <ExpertLink lang="cs">http://www.orpha.net/consor/cgi-bin/OC_Exp.php?lng=cs&amp;Expert=797</ExpertLink>
                    <Name lang="cs">Sarkoidóza</Name>
                    <DisorderType id="21394">
                      <Name lang="cs">Onemocnění</Name>
                    </DisorderType>
                  </Disorder>
                  <ClassificationNodeChildList count="0">
                  </ClassificationNodeChildList>
                </ClassificationNode>
                <ClassificationNode>
                  <Disorder id="755">
                    <OrphaCode>3165</OrphaCode>
                    <ExpertLink lang="cs">http://www.orpha.net/consor/cgi-bin/OC_Exp.php?lng=cs&amp;Expert=3165</ExpertLink>
                    <Name lang="cs">Eozinofilní fasciitida</Name>
                    <DisorderType id="21394">
                      <Name lang="cs">Onemocnění</Name>
                    </DisorderType>
                  </Disorder>
                  <ClassificationNodeChildList count="0">
                  </ClassificationNodeChildList>
                </ClassificationNode>
                <ClassificationNode>
                  <Disorder id="12394">
                    <OrphaCode>93552</OrphaCode>
                    <ExpertLink lang="cs">http://www.orpha.net/consor/cgi-bin/OC_Exp.php?lng=cs&amp;Expert=93552</ExpertLink>
                    <Name lang="cs">Systémový lupus erythematodes dětského věku</Name>
                    <DisorderType id="21394">
                      <Name lang="cs">Onemocnění</Name>
                    </DisorderType>
                  </Disorder>
                  <ClassificationNodeChildList count="0">
                  </ClassificationNodeChildList>
                </ClassificationNode>
                <ClassificationNode>
                  <Disorder id="12410">
                    <OrphaCode>93568</OrphaCode>
                    <ExpertLink lang="cs">http://www.orpha.net/consor/cgi-bin/OC_Exp.php?lng=cs&amp;Expert=93568</ExpertLink>
                    <Name lang="cs">Juvenilní polymyozitida</Name>
                    <DisorderType id="21394">
                      <Name lang="cs">Onemocnění</Name>
                    </DisorderType>
                  </Disorder>
                  <ClassificationNodeChildList count="0">
                  </ClassificationNodeChildList>
                </ClassificationNode>
                <ClassificationNode>
                  <Disorder id="12464">
                    <OrphaCode>93672</OrphaCode>
                    <ExpertLink lang="cs">http://www.orpha.net/consor/cgi-bin/OC_Exp.php?lng=cs&amp;Expert=93672</ExpertLink>
                    <Name lang="cs">Juvenilní dermatomyozitida</Name>
                    <DisorderType id="21394">
                      <Name lang="cs">Onemocnění</Name>
                    </DisorderType>
                  </Disorder>
                  <ClassificationNodeChildList count="0">
                  </ClassificationNodeChildList>
                </ClassificationNode>
                <ClassificationNode>
                  <Disorder id="19626">
                    <OrphaCode>251312</OrphaCode>
                    <ExpertLink lang="cs">http://www.orpha.net/consor/cgi-bin/OC_Exp.php?lng=cs&amp;Expert=251312</ExpertLink>
                    <Name lang="cs">Překryvná nemoc pojivové tkáně</Name>
                    <DisorderType id="21436">
                      <Name lang="cs">Klinická skupina</Name>
                    </DisorderType>
                  </Disorder>
                  <ClassificationNodeChildList count="1">
                    <ClassificationNode>
                      <Disorder id="3631">
                        <OrphaCode>809</OrphaCode>
                        <ExpertLink lang="cs">http://www.orpha.net/consor/cgi-bin/OC_Exp.php?lng=cs&amp;Expert=809</ExpertLink>
                        <Name lang="cs">Smíšené nemoci pojivové tkáně</Name>
                        <DisorderType id="21394">
                          <Name lang="cs">Onemocnění</Name>
                        </DisorderType>
                      </Disorder>
                      <ClassificationNodeChildList count="0">
                      </ClassificationNodeChildList>
                    </ClassificationNode>
                  </ClassificationNodeChildList>
                </ClassificationNode>
                <ClassificationNode>
                  <Disorder id="21115">
                    <OrphaCode>300359</OrphaCode>
                    <ExpertLink lang="cs">http://www.orpha.net/consor/cgi-bin/OC_Exp.php?lng=cs&amp;Expert=300359</ExpertLink>
                    <Name lang="cs">Familiární chladová kopřivka s běžnou variabilní imunodeficiencí</Name>
                    <DisorderType id="21394">
                      <Name lang="cs">Onemocnění</Name>
                    </DisorderType>
                  </Disorder>
                  <ClassificationNodeChildList count="0">
                  </ClassificationNodeChildList>
                </ClassificationNode>
                <ClassificationNode>
                  <Disorder id="22724">
                    <OrphaCode>398091</OrphaCode>
                    <ExpertLink lang="cs">http://www.orpha.net/consor/cgi-bin/OC_Exp.php?lng=cs&amp;Expert=398091</ExpertLink>
                    <Name lang="cs">Sekundární neonatální autoimunitní onemocnění</Name>
                    <DisorderType id="36561">
                      <Name lang="cs">Kategorie</Name>
                    </DisorderType>
                  </Disorder>
                  <ClassificationNodeChildList count="6">
                    <ClassificationNode>
                      <Disorder id="22631">
                        <OrphaCode>391504</OrphaCode>
                        <ExpertLink lang="cs">http://www.orpha.net/consor/cgi-bin/OC_Exp.php?lng=cs&amp;Expert=391504</ExpertLink>
                        <Name lang="cs">Transientní neonatální myasthenia gravis</Name>
                        <DisorderType id="21450">
                          <Name lang="cs">Klinický podtyp</Name>
                        </DisorderType>
                      </Disorder>
                      <ClassificationNodeChildList count="0">
                      </ClassificationNodeChildList>
                    </ClassificationNode>
                    <ClassificationNode>
                      <Disorder id="22725">
                        <OrphaCode>398097</OrphaCode>
                        <ExpertLink lang="cs">http://www.orpha.net/consor/cgi-bin/OC_Exp.php?lng=cs&amp;Expert=398097</ExpertLink>
                        <Name lang="cs">Neonatální antifosfolipidový syndrom</Name>
                        <DisorderType id="21394">
                          <Name lang="cs">Onemocnění</Name>
                        </DisorderType>
                      </Disorder>
                      <ClassificationNodeChildList count="0">
                      </ClassificationNodeChildList>
                    </ClassificationNode>
                    <ClassificationNode>
                      <Disorder id="22726">
                        <OrphaCode>398109</OrphaCode>
                        <ExpertLink lang="cs">http://www.orpha.net/consor/cgi-bin/OC_Exp.php?lng=cs&amp;Expert=398109</ExpertLink>
                        <Name lang="cs">Neonatální AIHA</Name>
                        <DisorderType id="21394">
                          <Name lang="cs">Onemocnění</Name>
                        </DisorderType>
                      </Disorder>
                      <ClassificationNodeChildList count="0">
                      </ClassificationNodeChildList>
                    </ClassificationNode>
                    <ClassificationNode>
                      <Disorder id="22727">
                        <OrphaCode>398117</OrphaCode>
                        <ExpertLink lang="cs">http://www.orpha.net/consor/cgi-bin/OC_Exp.php?lng=cs&amp;Expert=398117</ExpertLink>
                        <Name lang="cs">Neonatální dermatomyozitida</Name>
                        <DisorderType id="21394">
                          <Name lang="cs">Onemocnění</Name>
                        </DisorderType>
                      </Disorder>
                      <ClassificationNodeChildList count="0">
                      </ClassificationNodeChildList>
                    </ClassificationNode>
                    <ClassificationNode>
                      <Disorder id="22728">
                        <OrphaCode>398124</OrphaCode>
                        <ExpertLink lang="cs">http://www.orpha.net/consor/cgi-bin/OC_Exp.php?lng=cs&amp;Expert=398124</ExpertLink>
                        <Name lang="cs">Neonatální lupus erythematodes</Name>
                        <DisorderType id="21394">
                          <Name lang="cs">Onemocnění</Name>
                        </DisorderType>
                      </Disorder>
                      <ClassificationNodeChildList count="0">
                      </ClassificationNodeChildList>
                    </ClassificationNode>
                    <ClassificationNode>
                      <Disorder id="22729">
                        <OrphaCode>398127</OrphaCode>
                        <ExpertLink lang="cs">http://www.orpha.net/consor/cgi-bin/OC_Exp.php?lng=cs&amp;Expert=398127</ExpertLink>
                        <Name lang="cs">Neonatální sklerodermie</Name>
                        <DisorderType id="21394">
                          <Name lang="cs">Onemocnění</Name>
                        </DisorderType>
                      </Disorder>
                      <ClassificationNodeChildList count="0">
                      </ClassificationNodeChildList>
                    </ClassificationNode>
                  </ClassificationNodeChildList>
                </ClassificationNode>
                <ClassificationNode>
                  <Disorder id="23366">
                    <OrphaCode>438159</OrphaCode>
                    <ExpertLink lang="cs">http://www.orpha.net/consor/cgi-bin/OC_Exp.php?lng=cs&amp;Expert=438159</ExpertLink>
                    <Name lang="cs">STAT3-vázané autoimunitní multisystémové onemocnění s časným nástupem</Name>
                    <DisorderType id="21394">
                      <Name lang="cs">Onemocnění</Name>
                    </DisorderType>
                  </Disorder>
                  <ClassificationNodeChildList count="0">
                  </ClassificationNodeChildList>
                </ClassificationNode>
                <ClassificationNode>
                  <Disorder id="23481">
                    <OrphaCode>444092</OrphaCode>
                    <ExpertLink lang="cs">http://www.orpha.net/consor/cgi-bin/OC_Exp.php?lng=cs&amp;Expert=444092</ExpertLink>
                    <Name lang="cs">Syndrom zahrnující autoimunitní intersticiální plicní chorobu a artritidu</Name>
                    <DisorderType id="21394">
                      <Name lang="cs">Onemocnění</Name>
                    </DisorderType>
                  </Disorder>
                  <ClassificationNodeChildList count="0">
                  </ClassificationNodeChildList>
                </ClassificationNode>
                <ClassificationNode>
                  <Disorder id="23490">
                    <OrphaCode>444463</OrphaCode>
                    <ExpertLink lang="cs">http://www.orpha.net/consor/cgi-bin/OC_Exp.php?lng=cs&amp;Expert=444463</ExpertLink>
                    <Name lang="cs">Syndrom zahrnující autoimunitní hemolytickou anemii, trombocytopenii a primární imunodeficit</Name>
                    <DisorderType id="21394">
                      <Name lang="cs">Onemocnění</Name>
                    </DisorderType>
                  </Disorder>
                  <ClassificationNodeChildList count="0">
                  </ClassificationNodeChildList>
                </ClassificationNode>
              </ClassificationNodeChildList>
            </ClassificationNode>
            <ClassificationNode>
              <Disorder id="25345">
                <OrphaCode>486955</OrphaCode>
                <ExpertLink lang="cs">http://www.orpha.net/consor/cgi-bin/OC_Exp.php?lng=cs&amp;Expert=486955</ExpertLink>
                <Name lang="cs">Vzácná pediatrická revmatologická onemocnění</Name>
                <DisorderType id="36561">
                  <Name lang="cs">Kategorie</Name>
                </DisorderType>
              </Disorder>
              <ClassificationNodeChildList count="8">
                <ClassificationNode>
                  <Disorder id="720">
                    <OrphaCode>92</OrphaCode>
                    <ExpertLink lang="cs">http://www.orpha.net/consor/cgi-bin/OC_Exp.php?lng=cs&amp;Expert=92</ExpertLink>
                    <Name lang="cs">Juvenilní idiopatická artritida</Name>
                    <DisorderType id="21436">
                      <Name lang="cs">Klinická skupina</Name>
                    </DisorderType>
                  </Disorder>
                  <ClassificationNodeChildList count="6">
                    <ClassificationNode>
                      <Disorder id="11710">
                        <OrphaCode>85410</OrphaCode>
                        <ExpertLink lang="cs">http://www.orpha.net/consor/cgi-bin/OC_Exp.php?lng=cs&amp;Expert=85410</ExpertLink>
                        <Name lang="cs">Oligoartikulární forma juvenilní idiopatické artritidy</Name>
                        <DisorderType id="21394">
                          <Name lang="cs">Onemocnění</Name>
                        </DisorderType>
                      </Disorder>
                      <ClassificationNodeChildList count="0">
                      </ClassificationNodeChildList>
                    </ClassificationNode>
                    <ClassificationNode>
                      <Disorder id="11711">
                        <OrphaCode>85414</OrphaCode>
                        <ExpertLink lang="cs">http://www.orpha.net/consor/cgi-bin/OC_Exp.php?lng=cs&amp;Expert=85414</ExpertLink>
                        <Name lang="cs">Systémová forma juvenilní idiopatické artritidy</Name>
                        <DisorderType id="21394">
                          <Name lang="cs">Onemocnění</Name>
                        </DisorderType>
                      </Disorder>
                      <ClassificationNodeChildList count="0">
                      </ClassificationNodeChildList>
                    </ClassificationNode>
                    <ClassificationNode>
                      <Disorder id="11713">
                        <OrphaCode>85436</OrphaCode>
                        <ExpertLink lang="cs">http://www.orpha.net/consor/cgi-bin/OC_Exp.php?lng=cs&amp;Expert=85436</ExpertLink>
                        <Name lang="cs">Juvenilní psoriatická artritida</Name>
                        <DisorderType id="21394">
                          <Name lang="cs">Onemocnění</Name>
                        </DisorderType>
                      </Disorder>
                      <ClassificationNodeChildList count="0">
                      </ClassificationNodeChildList>
                    </ClassificationNode>
                    <ClassificationNode>
                      <Disorder id="11715">
                        <OrphaCode>85438</OrphaCode>
                        <ExpertLink lang="cs">http://www.orpha.net/consor/cgi-bin/OC_Exp.php?lng=cs&amp;Expert=85438</ExpertLink>
                        <Name lang="cs">Artritida s entezitidou</Name>
                        <DisorderType id="21394">
                          <Name lang="cs">Onemocnění</Name>
                        </DisorderType>
                      </Disorder>
                      <ClassificationNodeChildList count="0">
                      </ClassificationNodeChildList>
                    </ClassificationNode>
                    <ClassificationNode>
                      <Disorder id="12117">
                        <OrphaCode>91140</OrphaCode>
                        <ExpertLink lang="cs">http://www.orpha.net/consor/cgi-bin/OC_Exp.php?lng=cs&amp;Expert=91140</ExpertLink>
                        <Name lang="cs">Neklasifikovaná juvenilní idiopatická artritida</Name>
                        <DisorderType id="21394">
                          <Name lang="cs">Onemocnění</Name>
                        </DisorderType>
                      </Disorder>
                      <ClassificationNodeChildList count="0">
                      </ClassificationNodeChildList>
                    </ClassificationNode>
                    <ClassificationNode>
                      <Disorder id="22944">
                        <OrphaCode>404580</OrphaCode>
                        <ExpertLink lang="cs">http://www.orpha.net/consor/cgi-bin/OC_Exp.php?lng=cs&amp;Expert=404580</ExpertLink>
                        <Name lang="cs">Juvenilní polyartritida</Name>
                        <DisorderType id="21436">
                          <Name lang="cs">Klinická skupina</Name>
                        </DisorderType>
                      </Disorder>
                      <ClassificationNodeChildList count="2">
                        <ClassificationNode>
                          <Disorder id="11709">
                            <OrphaCode>85408</OrphaCode>
                            <ExpertLink lang="cs">http://www.orpha.net/consor/cgi-bin/OC_Exp.php?lng=cs&amp;Expert=85408</ExpertLink>
                            <Name lang="cs">Juvenilní revmatoidní faktor-negativní polyartritida</Name>
                            <DisorderType id="21394">
                              <Name lang="cs">Onemocnění</Name>
                            </DisorderType>
                          </Disorder>
                          <ClassificationNodeChildList count="0">
                          </ClassificationNodeChildList>
                        </ClassificationNode>
                        <ClassificationNode>
                          <Disorder id="11712">
                            <OrphaCode>85435</OrphaCode>
                            <ExpertLink lang="cs">http://www.orpha.net/consor/cgi-bin/OC_Exp.php?lng=cs&amp;Expert=85435</ExpertLink>
                            <Name lang="cs">Juvenilní revmatoidní faktor-pozitivní polyartritida</Name>
                            <DisorderType id="21394">
                              <Name lang="cs">Onemocnění</Name>
                            </DisorderType>
                          </Disorder>
                          <ClassificationNodeChildList count="0">
                          </ClassificationNodeChildList>
                        </ClassificationNode>
                      </ClassificationNodeChildList>
                    </ClassificationNode>
                  </ClassificationNodeChildList>
                </ClassificationNode>
                <ClassificationNode>
                  <Disorder id="1276">
                    <OrphaCode>955</OrphaCode>
                    <ExpertLink lang="cs">http://www.orpha.net/consor/cgi-bin/OC_Exp.php?lng=cs&amp;Expert=955</ExpertLink>
                    <Name lang="cs">Akroosteolýza, dominantní typ</Name>
                    <DisorderType id="21401">
                      <Name lang="cs">Malformační syndrom</Name>
                    </DisorderType>
                  </Disorder>
                  <ClassificationNodeChildList count="0">
                  </ClassificationNodeChildList>
                </ClassificationNode>
                <ClassificationNode>
                  <Disorder id="3057">
                    <OrphaCode>3243</OrphaCode>
                    <ExpertLink lang="cs">http://www.orpha.net/consor/cgi-bin/OC_Exp.php?lng=cs&amp;Expert=3243</ExpertLink>
                    <Name lang="cs">Sweetův syndrom</Name>
                    <DisorderType id="21394">
                      <Name lang="cs">Onemocnění</Name>
                    </DisorderType>
                  </Disorder>
                  <ClassificationNodeChildList count="0">
                  </ClassificationNodeChildList>
                </ClassificationNode>
                <ClassificationNode>
                  <Disorder id="8684">
                    <OrphaCode>73</OrphaCode>
                    <ExpertLink lang="cs">http://www.orpha.net/consor/cgi-bin/OC_Exp.php?lng=cs&amp;Expert=73</ExpertLink>
                    <Name lang="cs">Gorhamova-Stoutova choroba</Name>
                    <DisorderType id="21401">
                      <Name lang="cs">Malformační syndrom</Name>
                    </DisorderType>
                  </Disorder>
                  <ClassificationNodeChildList count="0">
                  </ClassificationNodeChildList>
                </ClassificationNode>
                <ClassificationNode>
                  <Disorder id="8778">
                    <OrphaCode>29207</OrphaCode>
                    <ExpertLink lang="cs">http://www.orpha.net/consor/cgi-bin/OC_Exp.php?lng=cs&amp;Expert=29207</ExpertLink>
                    <Name lang="cs">Reaktivní artritida</Name>
                    <DisorderType id="21394">
                      <Name lang="cs">Onemocnění</Name>
                    </DisorderType>
                  </Disorder>
                  <ClassificationNodeChildList count="0">
                  </ClassificationNodeChildList>
                </ClassificationNode>
                <ClassificationNode>
                  <Disorder id="11651">
                    <OrphaCode>85193</OrphaCode>
                    <ExpertLink lang="cs">http://www.orpha.net/consor/cgi-bin/OC_Exp.php?lng=cs&amp;Expert=85193</ExpertLink>
                    <Name lang="cs">Idiopatická juvenilní osteoporóza</Name>
                    <DisorderType id="21401">
                      <Name lang="cs">Malformační syndrom</Name>
                    </DisorderType>
                  </Disorder>
                  <ClassificationNodeChildList count="0">
                  </ClassificationNodeChildList>
                </ClassificationNode>
                <ClassificationNode>
                  <Disorder id="21699">
                    <OrphaCode>319719</OrphaCode>
                    <ExpertLink lang="cs">http://www.orpha.net/consor/cgi-bin/OC_Exp.php?lng=cs&amp;Expert=319719</ExpertLink>
                    <Name lang="cs">Autozánětlivý syndrom v dětství</Name>
                    <DisorderType id="36561">
                      <Name lang="cs">Kategorie</Name>
                    </DisorderType>
                  </Disorder>
                  <ClassificationNodeChildList count="6">
                    <ClassificationNode>
                      <Disorder id="21810">
                        <OrphaCode>324933</OrphaCode>
                        <ExpertLink lang="cs">http://www.orpha.net/consor/cgi-bin/OC_Exp.php?lng=cs&amp;Expert=324933</ExpertLink>
                        <Name lang="cs">Smíšený autoinflamatorní a autoimunitní syndrom</Name>
                        <DisorderType id="36561">
                          <Name lang="cs">Kategorie</Name>
                        </DisorderType>
                      </Disorder>
                      <ClassificationNodeChildList count="3">
                        <ClassificationNode>
                          <Disorder id="21782">
                            <OrphaCode>324530</OrphaCode>
                            <ExpertLink lang="cs">http://www.orpha.net/consor/cgi-bin/OC_Exp.php?lng=cs&amp;Expert=324530</ExpertLink>
                            <Name lang="cs">Autoinflamace, PLCG2-asociovaný deficit protilátek a imunitní dysregulace</Name>
                            <DisorderType id="21394">
                              <Name lang="cs">Onemocnění</Name>
                            </DisorderType>
                          </Disorder>
                          <ClassificationNodeChildList count="0">
                          </ClassificationNodeChildList>
                        </ClassificationNode>
                        <ClassificationNode>
                          <Disorder id="21903">
                            <OrphaCode>329173</OrphaCode>
                            <ExpertLink lang="cs">http://www.orpha.net/consor/cgi-bin/OC_Exp.php?lng=cs&amp;Expert=329173</ExpertLink>
                            <Name lang="cs">Autoinflamatorní syndrom s pyogenní bakteriální infekcí a amylopektinózou</Name>
                            <DisorderType id="21394">
                              <Name lang="cs">Onemocnění</Name>
                            </DisorderType>
                          </Disorder>
                          <ClassificationNodeChildList count="0">
                          </ClassificationNodeChildList>
                        </ClassificationNode>
                        <ClassificationNode>
                          <Disorder id="21115">
                            <OrphaCode>300359</OrphaCode>
                            <ExpertLink lang="cs">http://www.orpha.net/consor/cgi-bin/OC_Exp.php?lng=cs&amp;Expert=300359</ExpertLink>
                            <Name lang="cs">Familiární chladová kopřivka s běžnou variabilní imunodeficiencí</Name>
                            <DisorderType id="21394">
                              <Name lang="cs">Onemocnění</Name>
                            </DisorderType>
                          </Disorder>
                          <ClassificationNodeChildList count="0">
                          </ClassificationNodeChildList>
                        </ClassificationNode>
                      </ClassificationNodeChildList>
                    </ClassificationNode>
                    <ClassificationNode>
                      <Disorder id="21812">
                        <OrphaCode>324939</OrphaCode>
                        <ExpertLink lang="cs">http://www.orpha.net/consor/cgi-bin/OC_Exp.php?lng=cs&amp;Expert=324939</ExpertLink>
                        <Name lang="cs">Syndrom periodické horečky v dětství</Name>
                        <DisorderType id="36561">
                          <Name lang="cs">Kategorie</Name>
                        </DisorderType>
                      </Disorder>
                      <ClassificationNodeChildList count="2">
                        <ClassificationNode>
                          <Disorder id="21807">
                            <OrphaCode>324924</OrphaCode>
                            <ExpertLink lang="cs">http://www.orpha.net/consor/cgi-bin/OC_Exp.php?lng=cs&amp;Expert=324924</ExpertLink>
                            <Name lang="cs">Hereditární syndrom periodických horeček</Name>
                            <DisorderType id="36561">
                              <Name lang="cs">Kategorie</Name>
                            </DisorderType>
                          </Disorder>
                          <ClassificationNodeChildList count="9">
                            <ClassificationNode>
                              <Disorder id="28477">
                                <OrphaCode>566067</OrphaCode>
                                <ExpertLink lang="cs">http://www.orpha.net/consor/cgi-bin/OC_Exp.php?lng=cs&amp;Expert=566067</ExpertLink>
                                <Name lang="en">CEBPE-associated autoinflammation-immunodeficiency-neutrophil dysfunction syndrome</Name>
                                <DisorderType id="21394">
                                  <Name lang="cs">Onemocnění</Name>
                                </DisorderType>
                              </Disorder>
                              <ClassificationNodeChildList count="0">
                              </ClassificationNodeChildList>
                            </ClassificationNode>
                            <ClassificationNode>
                              <Disorder id="25994">
                                <OrphaCode>500062</OrphaCode>
                                <ExpertLink lang="cs">http://www.orpha.net/consor/cgi-bin/OC_Exp.php?lng=cs&amp;Expert=500062</ExpertLink>
                                <Name lang="cs">Syndrom zahrnující periodické horečky, panniculitidu a dermatózu s nástupem v kojeneckém věku</Name>
                                <DisorderType id="21394">
                                  <Name lang="cs">Onemocnění</Name>
                                </DisorderType>
                              </Disorder>
                              <ClassificationNodeChildList count="0">
                              </ClassificationNodeChildList>
                            </ClassificationNode>
                            <ClassificationNode>
                              <Disorder id="920">
                                <OrphaCode>342</OrphaCode>
                                <ExpertLink lang="cs">http://www.orpha.net/consor/cgi-bin/OC_Exp.php?lng=cs&amp;Expert=342</ExpertLink>
                                <Name lang="cs">Familiární středozemská horečka</Name>
                                <DisorderType id="21394">
                                  <Name lang="cs">Onemocnění</Name>
                                </DisorderType>
                              </Disorder>
                              <ClassificationNodeChildList count="0">
                              </ClassificationNodeChildList>
                            </ClassificationNode>
                            <ClassificationNode>
                              <Disorder id="10303">
                                <OrphaCode>32960</OrphaCode>
                                <ExpertLink lang="cs">http://www.orpha.net/consor/cgi-bin/OC_Exp.php?lng=cs&amp;Expert=32960</ExpertLink>
                                <Name lang="cs">Periodický syndrom asociovaný s receptorem pro tumor-nekrotizující faktor</Name>
                                <DisorderType id="21394">
                                  <Name lang="cs">Onemocnění</Name>
                                </DisorderType>
                              </Disorder>
                              <ClassificationNodeChildList count="0">
                              </ClassificationNodeChildList>
                            </ClassificationNode>
                            <ClassificationNode>
                              <Disorder id="18613">
                                <OrphaCode>208650</OrphaCode>
                                <ExpertLink lang="cs">http://www.orpha.net/consor/cgi-bin/OC_Exp.php?lng=cs&amp;Expert=208650</ExpertLink>
                                <Name lang="cs">Periodické syndromy asociované s kryopyrinem</Name>
                                <DisorderType id="21436">
                                  <Name lang="cs">Klinická skupina</Name>
                                </DisorderType>
                              </Disorder>
                              <ClassificationNodeChildList count="3">
                                <ClassificationNode>
                                  <Disorder id="2375">
                                    <OrphaCode>575</OrphaCode>
                                    <ExpertLink lang="cs">http://www.orpha.net/consor/cgi-bin/OC_Exp.php?lng=cs&amp;Expert=575</ExpertLink>
                                    <Name lang="cs">Muckleův-Wellsův syndrom</Name>
                                    <DisorderType id="21394">
                                      <Name lang="cs">Onemocnění</Name>
                                    </DisorderType>
                                  </Disorder>
                                  <ClassificationNodeChildList count="0">
                                  </ClassificationNodeChildList>
                                </ClassificationNode>
                                <ClassificationNode>
                                  <Disorder id="3395">
                                    <OrphaCode>1451</OrphaCode>
                                    <ExpertLink lang="cs">http://www.orpha.net/consor/cgi-bin/OC_Exp.php?lng=cs&amp;Expert=1451</ExpertLink>
                                    <Name lang="cs">Syndrom CINCA</Name>
                                    <DisorderType id="21394">
                                      <Name lang="cs">Onemocnění</Name>
                                    </DisorderType>
                                  </Disorder>
                                  <ClassificationNodeChildList count="0">
                                  </ClassificationNodeChildList>
                                </ClassificationNode>
                                <ClassificationNode>
                                  <Disorder id="10608">
                                    <OrphaCode>47045</OrphaCode>
                                    <ExpertLink lang="cs">http://www.orpha.net/consor/cgi-bin/OC_Exp.php?lng=cs&amp;Expert=47045</ExpertLink>
                                    <Name lang="cs">Familiární chladová kopřivka</Name>
                                    <DisorderType id="21394">
                                      <Name lang="cs">Onemocnění</Name>
                                    </DisorderType>
                                  </Disorder>
                                  <ClassificationNodeChildList count="0">
                                  </ClassificationNodeChildList>
                                </ClassificationNode>
                              </ClassificationNodeChildList>
                            </ClassificationNode>
                            <ClassificationNode>
                              <Disorder id="19559">
                                <OrphaCode>247868</OrphaCode>
                                <ExpertLink lang="cs">http://www.orpha.net/consor/cgi-bin/OC_Exp.php?lng=cs&amp;Expert=247868</ExpertLink>
                                <Name lang="cs">Syndrom NLRP12-vázané hereditární periodické horečky</Name>
                                <DisorderType id="21394">
                                  <Name lang="cs">Onemocnění</Name>
                                </DisorderType>
                              </Disorder>
                              <ClassificationNodeChildList count="0">
                              </ClassificationNodeChildList>
                            </ClassificationNode>
                            <ClassificationNode>
                              <Disorder id="21338">
                                <OrphaCode>309025</OrphaCode>
                                <ExpertLink lang="cs">http://www.orpha.net/consor/cgi-bin/OC_Exp.php?lng=cs&amp;Expert=309025</ExpertLink>
                                <Name lang="cs">Deficit mevalonátkinázy</Name>
                                <DisorderType id="21436">
                                  <Name lang="cs">Klinická skupina</Name>
                                </DisorderType>
                              </Disorder>
                              <ClassificationNodeChildList count="2">
                                <ClassificationNode>
                                  <Disorder id="403">
                                    <OrphaCode>29</OrphaCode>
                                    <ExpertLink lang="cs">http://www.orpha.net/consor/cgi-bin/OC_Exp.php?lng=cs&amp;Expert=29</ExpertLink>
                                    <Name lang="cs">Mevalonová acidurie</Name>
                                    <DisorderType id="21394">
                                      <Name lang="cs">Onemocnění</Name>
                                    </DisorderType>
                                  </Disorder>
                                  <ClassificationNodeChildList count="0">
                                  </ClassificationNodeChildList>
                                </ClassificationNode>
                                <ClassificationNode>
                                  <Disorder id="3276">
                                    <OrphaCode>343</OrphaCode>
                                    <ExpertLink lang="cs">http://www.orpha.net/consor/cgi-bin/OC_Exp.php?lng=cs&amp;Expert=343</ExpertLink>
                                    <Name lang="cs">Hyperimunoglobulinemie D s periodickou horečkou</Name>
                                    <DisorderType id="21394">
                                      <Name lang="cs">Onemocnění</Name>
                                    </DisorderType>
                                  </Disorder>
                                  <ClassificationNodeChildList count="0">
                                  </ClassificationNodeChildList>
                                </ClassificationNode>
                              </ClassificationNodeChildList>
                            </ClassificationNode>
                            <ClassificationNode>
                              <Disorder id="23330">
                                <OrphaCode>436166</OrphaCode>
                                <ExpertLink lang="cs">http://www.orpha.net/consor/cgi-bin/OC_Exp.php?lng=cs&amp;Expert=436166</ExpertLink>
                                <Name lang="cs">Autozánětlivý syndrom s periodickými horečkami a infantilní enterokolitidou</Name>
                                <DisorderType id="21394">
                                  <Name lang="cs">Onemocnění</Name>
                                </DisorderType>
                              </Disorder>
                              <ClassificationNodeChildList count="0">
                              </ClassificationNodeChildList>
                            </ClassificationNode>
                            <ClassificationNode>
                              <Disorder id="28852">
                                <OrphaCode>576349</OrphaCode>
                                <ExpertLink lang="cs">http://www.orpha.net/consor/cgi-bin/OC_Exp.php?lng=cs&amp;Expert=576349</ExpertLink>
                                <Name lang="cs">NLRC4-vázaný familiární chladový autoinflamatorní syndrom</Name>
                                <DisorderType id="21394">
                                  <Name lang="cs">Onemocnění</Name>
                                </DisorderType>
                              </Disorder>
                              <ClassificationNodeChildList count="0">
                              </ClassificationNodeChildList>
                            </ClassificationNode>
                          </ClassificationNodeChildList>
                        </ClassificationNode>
                        <ClassificationNode>
                          <Disorder id="21816">
                            <OrphaCode>324960</OrphaCode>
                            <ExpertLink lang="cs">http://www.orpha.net/consor/cgi-bin/OC_Exp.php?lng=cs&amp;Expert=324960</ExpertLink>
                            <Name lang="cs">Syndrom nevysvětlené periodické horečky v dětství</Name>
                            <DisorderType id="36561">
                              <Name lang="cs">Kategorie</Name>
                            </DisorderType>
                          </Disorder>
                          <ClassificationNodeChildList count="1">
                            <ClassificationNode>
                              <Disorder id="10573">
                                <OrphaCode>42642</OrphaCode>
                                <ExpertLink lang="cs">http://www.orpha.net/consor/cgi-bin/OC_Exp.php?lng=cs&amp;Expert=42642</ExpertLink>
                                <Name lang="cs">PFAPA syndrom</Name>
                                <DisorderType id="21394">
                                  <Name lang="cs">Onemocnění</Name>
                                </DisorderType>
                              </Disorder>
                              <ClassificationNodeChildList count="0">
                              </ClassificationNodeChildList>
                            </ClassificationNode>
                          </ClassificationNodeChildList>
                        </ClassificationNode>
                      </ClassificationNodeChildList>
                    </ClassificationNode>
                    <ClassificationNode>
                      <Disorder id="21813">
                        <OrphaCode>324942</OrphaCode>
                        <ExpertLink lang="cs">http://www.orpha.net/consor/cgi-bin/OC_Exp.php?lng=cs&amp;Expert=324942</ExpertLink>
                        <Name lang="cs">Pyogenní autoinflamatorní syndrom v dětství</Name>
                        <DisorderType id="36561">
                          <Name lang="cs">Kategorie</Name>
                        </DisorderType>
                      </Disorder>
                      <ClassificationNodeChildList count="7">
                        <ClassificationNode>
                          <Disorder id="21817">
                            <OrphaCode>324964</OrphaCode>
                            <ExpertLink lang="cs">http://www.orpha.net/consor/cgi-bin/OC_Exp.php?lng=cs&amp;Expert=324964</ExpertLink>
                            <Name lang="cs">Chronický návratný víceložiskový kostní zánět</Name>
                            <DisorderType id="21394">
                              <Name lang="cs">Onemocnění</Name>
                            </DisorderType>
                          </Disorder>
                          <ClassificationNodeChildList count="0">
                          </ClassificationNodeChildList>
                        </ClassificationNode>
                        <ClassificationNode>
                          <Disorder id="10924">
                            <OrphaCode>69126</OrphaCode>
                            <ExpertLink lang="cs">http://www.orpha.net/consor/cgi-bin/OC_Exp.php?lng=cs&amp;Expert=69126</ExpertLink>
                            <Name lang="cs">Syndrom zahrnující pyogenní artritidu, pyoderma gangrenosum a akné</Name>
                            <DisorderType id="21394">
                              <Name lang="cs">Onemocnění</Name>
                            </DisorderType>
                          </Disorder>
                          <ClassificationNodeChildList count="0">
                          </ClassificationNodeChildList>
                        </ClassificationNode>
                        <ClassificationNode>
                          <Disorder id="11109">
                            <OrphaCode>77297</OrphaCode>
                            <ExpertLink lang="cs">http://www.orpha.net/consor/cgi-bin/OC_Exp.php?lng=cs&amp;Expert=77297</ExpertLink>
                            <Name lang="cs">Majeedův syndrom</Name>
                            <DisorderType id="21394">
                              <Name lang="cs">Onemocnění</Name>
                            </DisorderType>
                          </Disorder>
                          <ClassificationNodeChildList count="0">
                          </ClassificationNodeChildList>
                        </ClassificationNode>
                        <ClassificationNode>
                          <Disorder id="18683">
                            <OrphaCode>210115</OrphaCode>
                            <ExpertLink lang="cs">http://www.orpha.net/consor/cgi-bin/OC_Exp.php?lng=cs&amp;Expert=210115</ExpertLink>
                            <Name lang="cs">Sterilní multifokální osteomyelitida s periostitidou a pustulózou</Name>
                            <DisorderType id="21394">
                              <Name lang="cs">Onemocnění</Name>
                            </DisorderType>
                          </Disorder>
                          <ClassificationNodeChildList count="0">
                          </ClassificationNodeChildList>
                        </ClassificationNode>
                        <ClassificationNode>
                          <Disorder id="20902">
                            <OrphaCode>294023</OrphaCode>
                            <ExpertLink lang="cs">http://www.orpha.net/consor/cgi-bin/OC_Exp.php?lng=cs&amp;Expert=294023</ExpertLink>
                            <Name lang="cs">Neonatální zánětlivé onemocnění kůže a střev</Name>
                            <DisorderType id="21394">
                              <Name lang="cs">Onemocnění</Name>
                            </DisorderType>
                          </Disorder>
                          <ClassificationNodeChildList count="0">
                          </ClassificationNodeChildList>
                        </ClassificationNode>
                        <ClassificationNode>
                          <Disorder id="22937">
                            <OrphaCode>404546</OrphaCode>
                            <ExpertLink lang="cs">http://www.orpha.net/consor/cgi-bin/OC_Exp.php?lng=cs&amp;Expert=404546</ExpertLink>
                            <Name lang="cs">DITRA</Name>
                            <DisorderType id="21394">
                              <Name lang="cs">Onemocnění</Name>
                            </DisorderType>
                          </Disorder>
                          <ClassificationNodeChildList count="0">
                          </ClassificationNodeChildList>
                        </ClassificationNode>
                        <ClassificationNode>
                          <Disorder id="19644">
                            <OrphaCode>251523</OrphaCode>
                            <ExpertLink lang="cs">http://www.orpha.net/consor/cgi-bin/OC_Exp.php?lng=cs&amp;Expert=251523</ExpertLink>
                            <Name lang="cs">Syndrom zahrnující rekurentní infekce a zánět, způsobené poruchou metabolismu zinku</Name>
                            <DisorderType id="21394">
                              <Name lang="cs">Onemocnění</Name>
                            </DisorderType>
                          </Disorder>
                          <ClassificationNodeChildList count="0">
                          </ClassificationNodeChildList>
                        </ClassificationNode>
                      </ClassificationNodeChildList>
                    </ClassificationNode>
                    <ClassificationNode>
                      <Disorder id="21814">
                        <OrphaCode>324950</OrphaCode>
                        <ExpertLink lang="cs">http://www.orpha.net/consor/cgi-bin/OC_Exp.php?lng=cs&amp;Expert=324950</ExpertLink>
                        <Name lang="cs">Granulomatózní autoinflamatorní syndrom v dětství</Name>
                        <DisorderType id="36561">
                          <Name lang="cs">Kategorie</Name>
                        </DisorderType>
                      </Disorder>
                      <ClassificationNodeChildList count="2">
                        <ClassificationNode>
                          <Disorder id="12018">
                            <OrphaCode>90340</OrphaCode>
                            <ExpertLink lang="cs">http://www.orpha.net/consor/cgi-bin/OC_Exp.php?lng=cs&amp;Expert=90340</ExpertLink>
                            <Name lang="cs">Blauův syndrom</Name>
                            <DisorderType id="21394">
                              <Name lang="cs">Onemocnění</Name>
                            </DisorderType>
                          </Disorder>
                          <ClassificationNodeChildList count="0">
                          </ClassificationNodeChildList>
                        </ClassificationNode>
                        <ClassificationNode>
                          <Disorder id="19624">
                            <OrphaCode>251304</OrphaCode>
                            <ExpertLink lang="cs">http://www.orpha.net/consor/cgi-bin/OC_Exp.php?lng=cs&amp;Expert=251304</ExpertLink>
                            <Name lang="cs">Pannikulitida dětského věku s uveitidou a systémovou granulomatózou</Name>
                            <DisorderType id="21394">
                              <Name lang="cs">Onemocnění</Name>
                            </DisorderType>
                          </Disorder>
                          <ClassificationNodeChildList count="0">
                          </ClassificationNodeChildList>
                        </ClassificationNode>
                      </ClassificationNodeChildList>
                    </ClassificationNode>
                    <ClassificationNode>
                      <Disorder id="21815">
                        <OrphaCode>324953</OrphaCode>
                        <ExpertLink lang="cs">http://www.orpha.net/consor/cgi-bin/OC_Exp.php?lng=cs&amp;Expert=324953</ExpertLink>
                        <Name lang="cs">Neklasifikovaný autoinflamatorní syndrom v dětství</Name>
                        <DisorderType id="36561">
                          <Name lang="cs">Kategorie</Name>
                        </DisorderType>
                      </Disorder>
                      <ClassificationNodeChildList count="6">
                        <ClassificationNode>
                          <Disorder id="703">
                            <OrphaCode>117</OrphaCode>
                            <ExpertLink lang="cs">http://www.orpha.net/consor/cgi-bin/OC_Exp.php?lng=cs&amp;Expert=117</ExpertLink>
                            <Name lang="cs">Behçetův syndrom</Name>
                            <DisorderType id="21394">
                              <Name lang="cs">Onemocnění</Name>
                            </DisorderType>
                          </Disorder>
                          <ClassificationNodeChildList count="0">
                          </ClassificationNodeChildList>
                        </ClassificationNode>
                        <ClassificationNode>
                          <Disorder id="19625">
                            <OrphaCode>251307</OrphaCode>
                            <ExpertLink lang="cs">http://www.orpha.net/consor/cgi-bin/OC_Exp.php?lng=cs&amp;Expert=251307</ExpertLink>
                            <Name lang="cs">Idiopatická rekurentní perikarditida</Name>
                            <DisorderType id="21394">
                              <Name lang="cs">Onemocnění</Name>
                            </DisorderType>
                          </Disorder>
                          <ClassificationNodeChildList count="0">
                          </ClassificationNodeChildList>
                        </ClassificationNode>
                        <ClassificationNode>
                          <Disorder id="21819">
                            <OrphaCode>324977</OrphaCode>
                            <ExpertLink lang="cs">http://www.orpha.net/consor/cgi-bin/OC_Exp.php?lng=cs&amp;Expert=324977</ExpertLink>
                            <Name lang="cs">Syndrom postižení proteazomu</Name>
                            <DisorderType id="21394">
                              <Name lang="cs">Onemocnění</Name>
                            </DisorderType>
                          </Disorder>
                          <ClassificationNodeChildList count="0">
                          </ClassificationNodeChildList>
                        </ClassificationNode>
                        <ClassificationNode>
                          <Disorder id="25087">
                            <OrphaCode>476102</OrphaCode>
                            <ExpertLink lang="cs">http://www.orpha.net/consor/cgi-bin/OC_Exp.php?lng=cs&amp;Expert=476102</ExpertLink>
                            <Name lang="cs">Hereditary pediatric Behçet-like disease</Name>
                            <DisorderType id="21394">
                              <Name lang="cs">Onemocnění</Name>
                            </DisorderType>
                          </Disorder>
                          <ClassificationNodeChildList count="0">
                          </ClassificationNodeChildList>
                        </ClassificationNode>
                        <ClassificationNode>
                          <Disorder id="996">
                            <OrphaCode>184</OrphaCode>
                            <ExpertLink lang="cs">http://www.orpha.net/consor/cgi-bin/OC_Exp.php?lng=cs&amp;Expert=184</ExpertLink>
                            <Name lang="cs">Cherubismus</Name>
                            <DisorderType id="21401">
                              <Name lang="cs">Malformační syndrom</Name>
                            </DisorderType>
                          </Disorder>
                          <ClassificationNodeChildList count="0">
                          </ClassificationNodeChildList>
                        </ClassificationNode>
                        <ClassificationNode>
                          <Disorder id="23209">
                            <OrphaCode>425120</OrphaCode>
                            <ExpertLink lang="cs">http://www.orpha.net/consor/cgi-bin/OC_Exp.php?lng=cs&amp;Expert=425120</ExpertLink>
                            <Name lang="cs">STING-asociovaná vaskulopatie s nástupem v dětství</Name>
                            <DisorderType id="21394">
                              <Name lang="cs">Onemocnění</Name>
                            </DisorderType>
                          </Disorder>
                          <ClassificationNodeChildList count="0">
                          </ClassificationNodeChildList>
                        </ClassificationNode>
                      </ClassificationNodeChildList>
                    </ClassificationNode>
                    <ClassificationNode>
                      <Disorder id="25241">
                        <OrphaCode>481671</OrphaCode>
                        <ExpertLink lang="cs">http://www.orpha.net/consor/cgi-bin/OC_Exp.php?lng=cs&amp;Expert=481671</ExpertLink>
                        <Name lang="cs">Interferonopatie dětského věku, typ1</Name>
                        <DisorderType id="36561">
                          <Name lang="cs">Kategorie</Name>
                        </DisorderType>
                      </Disorder>
                      <ClassificationNodeChildList count="12">
                        <ClassificationNode>
                          <Disorder id="1309">
                            <OrphaCode>51</OrphaCode>
                            <ExpertLink lang="cs">http://www.orpha.net/consor/cgi-bin/OC_Exp.php?lng=cs&amp;Expert=51</ExpertLink>
                            <Name lang="cs">Aicardiho-Goutièresův syndrom</Name>
                            <DisorderType id="21394">
                              <Name lang="cs">Onemocnění</Name>
                            </DisorderType>
                          </Disorder>
                          <ClassificationNodeChildList count="0">
                          </ClassificationNodeChildList>
                        </ClassificationNode>
                        <ClassificationNode>
                          <Disorder id="25239">
                            <OrphaCode>481662</OrphaCode>
                            <ExpertLink lang="cs">http://www.orpha.net/consor/cgi-bin/OC_Exp.php?lng=cs&amp;Expert=481662</ExpertLink>
                            <Name lang="cs">Familiární omrzlinový lupus</Name>
                            <DisorderType id="21394">
                              <Name lang="cs">Onemocnění</Name>
                            </DisorderType>
                          </Disorder>
                          <ClassificationNodeChildList count="0">
                          </ClassificationNodeChildList>
                        </ClassificationNode>
                        <ClassificationNode>
                          <Disorder id="2842">
                            <OrphaCode>1855</OrphaCode>
                            <ExpertLink lang="cs">http://www.orpha.net/consor/cgi-bin/OC_Exp.php?lng=cs&amp;Expert=1855</ExpertLink>
                            <Name lang="cs">Spondyloenchondrodysplázie</Name>
                            <DisorderType id="21401">
                              <Name lang="cs">Malformační syndrom</Name>
                            </DisorderType>
                          </Disorder>
                          <ClassificationNodeChildList count="0">
                          </ClassificationNodeChildList>
                        </ClassificationNode>
                        <ClassificationNode>
                          <Disorder id="21114">
                            <OrphaCode>300345</OrphaCode>
                            <ExpertLink lang="cs">http://www.orpha.net/consor/cgi-bin/OC_Exp.php?lng=cs&amp;Expert=300345</ExpertLink>
                            <Name lang="cs">Autozomálně recesivní systémový lupus erythematodes</Name>
                            <DisorderType id="21394">
                              <Name lang="cs">Onemocnění</Name>
                            </DisorderType>
                          </Disorder>
                          <ClassificationNodeChildList count="0">
                          </ClassificationNodeChildList>
                        </ClassificationNode>
                        <ClassificationNode>
                          <Disorder id="21819">
                            <OrphaCode>324977</OrphaCode>
                            <ExpertLink lang="cs">http://www.orpha.net/consor/cgi-bin/OC_Exp.php?lng=cs&amp;Expert=324977</ExpertLink>
                            <Name lang="cs">Syndrom postižení proteazomu</Name>
                            <DisorderType id="21394">
                              <Name lang="cs">Onemocnění</Name>
                            </DisorderType>
                          </Disorder>
                          <ClassificationNodeChildList count="0">
                          </ClassificationNodeChildList>
                        </ClassificationNode>
                        <ClassificationNode>
                          <Disorder id="11649">
                            <OrphaCode>85191</OrphaCode>
                            <ExpertLink lang="cs">http://www.orpha.net/consor/cgi-bin/OC_Exp.php?lng=cs&amp;Expert=85191</ExpertLink>
                            <Name lang="cs">Singletonova-Mertenova dysplázie</Name>
                            <DisorderType id="21401">
                              <Name lang="cs">Malformační syndrom</Name>
                            </DisorderType>
                          </Disorder>
                          <ClassificationNodeChildList count="0">
                          </ClassificationNodeChildList>
                        </ClassificationNode>
                        <ClassificationNode>
                          <Disorder id="21674">
                            <OrphaCode>319563</OrphaCode>
                            <ExpertLink lang="cs">http://www.orpha.net/consor/cgi-bin/OC_Exp.php?lng=cs&amp;Expert=319563</ExpertLink>
                            <Name lang="cs">Genetická vnímavost k mykobakteriální infekci způsobená kompletním ISG15 deficitem</Name>
                            <DisorderType id="21394">
                              <Name lang="cs">Onemocnění</Name>
                            </DisorderType>
                          </Disorder>
                          <ClassificationNodeChildList count="0">
                          </ClassificationNodeChildList>
                        </ClassificationNode>
                        <ClassificationNode>
                          <Disorder id="11605">
                            <OrphaCode>84064</OrphaCode>
                            <ExpertLink lang="cs">http://www.orpha.net/consor/cgi-bin/OC_Exp.php?lng=cs&amp;Expert=84064</ExpertLink>
                            <Name lang="cs">Syndromický průjem</Name>
                            <DisorderType id="21394">
                              <Name lang="cs">Onemocnění</Name>
                            </DisorderType>
                          </Disorder>
                          <ClassificationNodeChildList count="0">
                          </ClassificationNodeChildList>
                        </ClassificationNode>
                        <ClassificationNode>
                          <Disorder id="23209">
                            <OrphaCode>425120</OrphaCode>
                            <ExpertLink lang="cs">http://www.orpha.net/consor/cgi-bin/OC_Exp.php?lng=cs&amp;Expert=425120</ExpertLink>
                            <Name lang="cs">STING-asociovaná vaskulopatie s nástupem v dětství</Name>
                            <DisorderType id="21394">
                              <Name lang="cs">Onemocnění</Name>
                            </DisorderType>
                          </Disorder>
                          <ClassificationNodeChildList count="0">
                          </ClassificationNodeChildList>
                        </ClassificationNode>
                        <ClassificationNode>
                          <Disorder id="11724">
                            <OrphaCode>85453</OrphaCode>
                            <ExpertLink lang="cs">http://www.orpha.net/consor/cgi-bin/OC_Exp.php?lng=cs&amp;Expert=85453</ExpertLink>
                            <Name lang="cs">X-vázaná porucha retikulární pigmentace se systémovou manifestací</Name>
                            <DisorderType id="21394">
                              <Name lang="cs">Onemocnění</Name>
                            </DisorderType>
                          </Disorder>
                          <ClassificationNodeChildList count="0">
                          </ClassificationNodeChildList>
                        </ClassificationNode>
                        <ClassificationNode>
                          <Disorder id="22938">
                            <OrphaCode>404553</OrphaCode>
                            <ExpertLink lang="cs">http://www.orpha.net/consor/cgi-bin/OC_Exp.php?lng=cs&amp;Expert=404553</ExpertLink>
                            <Name lang="cs">Vaskulitida způsobená deficitem ADA2</Name>
                            <DisorderType id="21394">
                              <Name lang="cs">Onemocnění</Name>
                            </DisorderType>
                          </Disorder>
                          <ClassificationNodeChildList count="0">
                          </ClassificationNodeChildList>
                        </ClassificationNode>
                        <ClassificationNode>
                          <Disorder id="25240">
                            <OrphaCode>481665</OrphaCode>
                            <ExpertLink lang="cs">http://www.orpha.net/consor/cgi-bin/OC_Exp.php?lng=cs&amp;Expert=481665</ExpertLink>
                            <Name lang="cs">USP18 deficit</Name>
                            <DisorderType id="21394">
                              <Name lang="cs">Onemocnění</Name>
                            </DisorderType>
                          </Disorder>
                          <ClassificationNodeChildList count="0">
                          </ClassificationNodeChildList>
                        </ClassificationNode>
                      </ClassificationNodeChildList>
                    </ClassificationNode>
                  </ClassificationNodeChildList>
                </ClassificationNode>
                <ClassificationNode>
                  <Disorder id="21950">
                    <OrphaCode>329967</OrphaCode>
                    <ExpertLink lang="cs">http://www.orpha.net/consor/cgi-bin/OC_Exp.php?lng=cs&amp;Expert=329967</ExpertLink>
                    <Name lang="cs">Intermitentní hydrartróza</Name>
                    <DisorderType id="21394">
                      <Name lang="cs">Onemocnění</Name>
                    </DisorderType>
                  </Disorder>
                  <ClassificationNodeChildList count="0">
                  </ClassificationNodeChildList>
                </ClassificationNode>
              </ClassificationNodeChildList>
            </ClassificationNode>
          </ClassificationNodeChildList>
        </ClassificationNode>
      </ClassificationNodeRootList>
    </Classification>
  </ClassificationList>
</JDBOR>
