<?xml version="1.0" encoding="UTF-8"?>
<JDBOR date="2021-07-02 08:44:42" version="1.3.7 / 4.1.7 [2020-12-03] (orientdb version)" copyright="Orphanet (c) 2021" dbserver="jdbc:sybase:Tds:canard.orpha.net:2020">
  <ClassificationList count="1">
    <Classification id="212">
      <OrphaNumber>164832</OrphaNumber>
      <Name lang="cs">Klasifikace vzácných alergických onemocnění dle Orphanetu</Name>
      <ClassificationNodeRootList count="1">
        <ClassificationNode>
          <Disorder id="13068">
            <OrphaCode>98050</OrphaCode>
            <ExpertLink lang="cs">http://www.orpha.net/consor/cgi-bin/OC_Exp.php?lng=cs&amp;Expert=98050</ExpertLink>
            <Name lang="cs">Vzácná alergická onemocnění</Name>
            <DisorderType id="36561">
              <Name lang="cs">Kategorie</Name>
            </DisorderType>
          </Disorder>
          <ClassificationNodeChildList count="4">
            <ClassificationNode>
              <Disorder id="8618">
                <OrphaCode>658</OrphaCode>
                <ExpertLink lang="cs">http://www.orpha.net/consor/cgi-bin/OC_Exp.php?lng=cs&amp;Expert=658</ExpertLink>
                <Name lang="cs">Non-histaminový angioedém</Name>
                <DisorderType id="21436">
                  <Name lang="cs">Klinická skupina</Name>
                </DisorderType>
              </Disorder>
              <ClassificationNodeChildList count="2">
                <ClassificationNode>
                  <Disorder id="12136">
                    <OrphaCode>91378</OrphaCode>
                    <ExpertLink lang="cs">http://www.orpha.net/consor/cgi-bin/OC_Exp.php?lng=cs&amp;Expert=91378</ExpertLink>
                    <Name lang="cs">Hereditární angioedém</Name>
                    <DisorderType id="21436">
                      <Name lang="cs">Klinická skupina</Name>
                    </DisorderType>
                  </Disorder>
                  <ClassificationNodeChildList count="2">
                    <ClassificationNode>
                      <Disorder id="27541">
                        <OrphaCode>528623</OrphaCode>
                        <ExpertLink lang="cs">http://www.orpha.net/consor/cgi-bin/OC_Exp.php?lng=cs&amp;Expert=528623</ExpertLink>
                        <Name lang="cs">Dědičný angioedém s deficitem C1Inh</Name>
                        <DisorderType id="21394">
                          <Name lang="cs">Onemocnění</Name>
                        </DisorderType>
                      </Disorder>
                      <ClassificationNodeChildList count="2">
                        <ClassificationNode>
                          <Disorder id="14623">
                            <OrphaCode>100050</OrphaCode>
                            <ExpertLink lang="cs">http://www.orpha.net/consor/cgi-bin/OC_Exp.php?lng=cs&amp;Expert=100050</ExpertLink>
                            <Name lang="cs">Hereditární angioedém, typ 1</Name>
                            <DisorderType id="21443">
                              <Name lang="cs">Etiologický podtyp</Name>
                            </DisorderType>
                          </Disorder>
                          <ClassificationNodeChildList count="0">
                          </ClassificationNodeChildList>
                        </ClassificationNode>
                        <ClassificationNode>
                          <Disorder id="14624">
                            <OrphaCode>100051</OrphaCode>
                            <ExpertLink lang="cs">http://www.orpha.net/consor/cgi-bin/OC_Exp.php?lng=cs&amp;Expert=100051</ExpertLink>
                            <Name lang="cs">Hereditární angioedém, typ 2</Name>
                            <DisorderType id="21443">
                              <Name lang="cs">Etiologický podtyp</Name>
                            </DisorderType>
                          </Disorder>
                          <ClassificationNodeChildList count="0">
                          </ClassificationNodeChildList>
                        </ClassificationNode>
                      </ClassificationNodeChildList>
                    </ClassificationNode>
                    <ClassificationNode>
                      <Disorder id="27542">
                        <OrphaCode>528647</OrphaCode>
                        <ExpertLink lang="cs">http://www.orpha.net/consor/cgi-bin/OC_Exp.php?lng=cs&amp;Expert=528647</ExpertLink>
                        <Name lang="cs">Dědičný angioedém s normální koncentrací C1Inh</Name>
                        <DisorderType id="21394">
                          <Name lang="cs">Onemocnění</Name>
                        </DisorderType>
                      </Disorder>
                      <ClassificationNodeChildList count="3">
                        <ClassificationNode>
                          <Disorder id="14627">
                            <OrphaCode>100054</OrphaCode>
                            <ExpertLink lang="cs">http://www.orpha.net/consor/cgi-bin/OC_Exp.php?lng=cs&amp;Expert=100054</ExpertLink>
                            <Name lang="cs">Hereditární angioedém, typ 3</Name>
                            <DisorderType id="21450">
                              <Name lang="cs">Klinický podtyp</Name>
                            </DisorderType>
                          </Disorder>
                          <ClassificationNodeChildList count="0">
                          </ClassificationNodeChildList>
                        </ClassificationNode>
                        <ClassificationNode>
                          <Disorder id="27892">
                            <OrphaCode>537072</OrphaCode>
                            <ExpertLink lang="cs">http://www.orpha.net/consor/cgi-bin/OC_Exp.php?lng=cs&amp;Expert=537072</ExpertLink>
                            <Name lang="cs">PLG-vázaný hereditání angioedém s normální funkcí C1Inh</Name>
                            <DisorderType id="21450">
                              <Name lang="cs">Klinický podtyp</Name>
                            </DisorderType>
                          </Disorder>
                          <ClassificationNodeChildList count="0">
                          </ClassificationNodeChildList>
                        </ClassificationNode>
                        <ClassificationNode>
                          <Disorder id="29926">
                            <OrphaCode>599418</OrphaCode>
                            <ExpertLink lang="cs">http://www.orpha.net/consor/cgi-bin/OC_Exp.php?lng=cs&amp;Expert=599418</ExpertLink>
                            <Name lang="en">Hereditary angioedema with normal C1Inh not related to F12 or PLG variant</Name>
                            <DisorderType id="21450">
                              <Name lang="cs">Klinický podtyp</Name>
                            </DisorderType>
                          </Disorder>
                          <ClassificationNodeChildList count="0">
                          </ClassificationNodeChildList>
                        </ClassificationNode>
                      </ClassificationNodeChildList>
                    </ClassificationNode>
                  </ClassificationNodeChildList>
                </ClassificationNode>
                <ClassificationNode>
                  <Disorder id="12137">
                    <OrphaCode>91385</OrphaCode>
                    <ExpertLink lang="cs">http://www.orpha.net/consor/cgi-bin/OC_Exp.php?lng=cs&amp;Expert=91385</ExpertLink>
                    <Name lang="cs">Získaný angioedém</Name>
                    <DisorderType id="21436">
                      <Name lang="cs">Klinická skupina</Name>
                    </DisorderType>
                  </Disorder>
                  <ClassificationNodeChildList count="2">
                    <ClassificationNode>
                      <Disorder id="27543">
                        <OrphaCode>528663</OrphaCode>
                        <ExpertLink lang="cs">http://www.orpha.net/consor/cgi-bin/OC_Exp.php?lng=cs&amp;Expert=528663</ExpertLink>
                        <Name lang="cs">Získaný angioedém s deficitem C1Inh</Name>
                        <DisorderType id="21394">
                          <Name lang="cs">Onemocnění</Name>
                        </DisorderType>
                      </Disorder>
                      <ClassificationNodeChildList count="2">
                        <ClassificationNode>
                          <Disorder id="14628">
                            <OrphaCode>100055</OrphaCode>
                            <ExpertLink lang="cs">http://www.orpha.net/consor/cgi-bin/OC_Exp.php?lng=cs&amp;Expert=100055</ExpertLink>
                            <Name lang="cs">Získaný angioedém, typ 2</Name>
                            <DisorderType id="21450">
                              <Name lang="cs">Klinický podtyp</Name>
                            </DisorderType>
                          </Disorder>
                          <ClassificationNodeChildList count="0">
                          </ClassificationNodeChildList>
                        </ClassificationNode>
                        <ClassificationNode>
                          <Disorder id="14629">
                            <OrphaCode>100056</OrphaCode>
                            <ExpertLink lang="cs">http://www.orpha.net/consor/cgi-bin/OC_Exp.php?lng=cs&amp;Expert=100056</ExpertLink>
                            <Name lang="cs">Získaný angioedém, typ 1</Name>
                            <DisorderType id="21450">
                              <Name lang="cs">Klinický podtyp</Name>
                            </DisorderType>
                          </Disorder>
                          <ClassificationNodeChildList count="0">
                          </ClassificationNodeChildList>
                        </ClassificationNode>
                      </ClassificationNodeChildList>
                    </ClassificationNode>
                    <ClassificationNode>
                      <Disorder id="14630">
                        <OrphaCode>100057</OrphaCode>
                        <ExpertLink lang="cs">http://www.orpha.net/consor/cgi-bin/OC_Exp.php?lng=cs&amp;Expert=100057</ExpertLink>
                        <Name lang="cs">Angioedém indukovaný blokátory renin-angiotenzin-aldosteronového systému</Name>
                        <DisorderType id="21394">
                          <Name lang="cs">Onemocnění</Name>
                        </DisorderType>
                      </Disorder>
                      <ClassificationNodeChildList count="0">
                      </ClassificationNodeChildList>
                    </ClassificationNode>
                  </ClassificationNodeChildList>
                </ClassificationNode>
              </ClassificationNodeChildList>
            </ClassificationNode>
            <ClassificationNode>
              <Disorder id="11410">
                <OrphaCode>79384</OrphaCode>
                <ExpertLink lang="cs">http://www.orpha.net/consor/cgi-bin/OC_Exp.php?lng=cs&amp;Expert=79384</ExpertLink>
                <Name lang="cs">Vzácné urtikárie</Name>
                <DisorderType id="36561">
                  <Name lang="cs">Kategorie</Name>
                </DisorderType>
              </Disorder>
              <ClassificationNodeChildList count="5">
                <ClassificationNode>
                  <Disorder id="2296">
                    <OrphaCode>2483</OrphaCode>
                    <ExpertLink lang="cs">http://www.orpha.net/consor/cgi-bin/OC_Exp.php?lng=cs&amp;Expert=2483</ExpertLink>
                    <Name lang="cs">Melkerssonův-Rosenthalův syndrom</Name>
                    <DisorderType id="21401">
                      <Name lang="cs">Malformační syndrom</Name>
                    </DisorderType>
                  </Disorder>
                  <ClassificationNodeChildList count="0">
                  </ClassificationNodeChildList>
                </ClassificationNode>
                <ClassificationNode>
                  <Disorder id="10849">
                    <OrphaCode>64745</OrphaCode>
                    <ExpertLink lang="cs">http://www.orpha.net/consor/cgi-bin/OC_Exp.php?lng=cs&amp;Expert=64745</ExpertLink>
                    <Name lang="cs">Pruritické urtikariální papuly a plaky v graviditě</Name>
                    <DisorderType id="21394">
                      <Name lang="cs">Onemocnění</Name>
                    </DisorderType>
                  </Disorder>
                  <ClassificationNodeChildList count="0">
                  </ClassificationNodeChildList>
                </ClassificationNode>
                <ClassificationNode>
                  <Disorder id="16886">
                    <OrphaCode>139402</OrphaCode>
                    <ExpertLink lang="cs">http://www.orpha.net/consor/cgi-bin/OC_Exp.php?lng=cs&amp;Expert=139402</ExpertLink>
                    <Name lang="cs">Léky způsobená vyrážka s eozinofilií a systémovými symptomy</Name>
                    <DisorderType id="21394">
                      <Name lang="cs">Onemocnění</Name>
                    </DisorderType>
                  </Disorder>
                  <ClassificationNodeChildList count="0">
                  </ClassificationNodeChildList>
                </ClassificationNode>
                <ClassificationNode>
                  <Disorder id="25553">
                    <OrphaCode>493342</OrphaCode>
                    <ExpertLink lang="cs">http://www.orpha.net/consor/cgi-bin/OC_Exp.php?lng=cs&amp;Expert=493342</ExpertLink>
                    <Name lang="cs">Vibrační kopřivka</Name>
                    <DisorderType id="21394">
                      <Name lang="cs">Onemocnění</Name>
                    </DisorderType>
                  </Disorder>
                  <ClassificationNodeChildList count="0">
                  </ClassificationNodeChildList>
                </ClassificationNode>
                <ClassificationNode>
                  <Disorder id="25555">
                    <OrphaCode>493348</OrphaCode>
                    <ExpertLink lang="cs">http://www.orpha.net/consor/cgi-bin/OC_Exp.php?lng=cs&amp;Expert=493348</ExpertLink>
                    <Name lang="cs">Vibrační angioedém</Name>
                    <DisorderType id="21394">
                      <Name lang="cs">Onemocnění</Name>
                    </DisorderType>
                  </Disorder>
                  <ClassificationNodeChildList count="0">
                  </ClassificationNodeChildList>
                </ClassificationNode>
              </ClassificationNodeChildList>
            </ClassificationNode>
            <ClassificationNode>
              <Disorder id="13070">
                <OrphaCode>98052</OrphaCode>
                <ExpertLink lang="cs">http://www.orpha.net/consor/cgi-bin/OC_Exp.php?lng=cs&amp;Expert=98052</ExpertLink>
                <Name lang="cs">Vzácná alergická respirační onemocnění</Name>
                <DisorderType id="36561">
                  <Name lang="cs">Kategorie</Name>
                </DisorderType>
              </Disorder>
              <ClassificationNodeChildList count="3">
                <ClassificationNode>
                  <Disorder id="744">
                    <OrphaCode>1164</OrphaCode>
                    <ExpertLink lang="cs">http://www.orpha.net/consor/cgi-bin/OC_Exp.php?lng=cs&amp;Expert=1164</ExpertLink>
                    <Name lang="cs">Alergická bronchopulmonální aspergilóza</Name>
                    <DisorderType id="21394">
                      <Name lang="cs">Onemocnění</Name>
                    </DisorderType>
                  </Disorder>
                  <ClassificationNodeChildList count="0">
                  </ClassificationNodeChildList>
                </ClassificationNode>
                <ClassificationNode>
                  <Disorder id="7033">
                    <OrphaCode>2902</OrphaCode>
                    <ExpertLink lang="cs">http://www.orpha.net/consor/cgi-bin/OC_Exp.php?lng=cs&amp;Expert=2902</ExpertLink>
                    <Name lang="cs">Idiopatická chronická eozinofilní pneumonie</Name>
                    <DisorderType id="21394">
                      <Name lang="cs">Onemocnění</Name>
                    </DisorderType>
                  </Disorder>
                  <ClassificationNodeChildList count="0">
                  </ClassificationNodeChildList>
                </ClassificationNode>
                <ClassificationNode>
                  <Disorder id="9794">
                    <OrphaCode>31740</OrphaCode>
                    <ExpertLink lang="cs">http://www.orpha.net/consor/cgi-bin/OC_Exp.php?lng=cs&amp;Expert=31740</ExpertLink>
                    <Name lang="cs">Hypersenzitivní pneumonitida</Name>
                    <DisorderType id="21436">
                      <Name lang="cs">Klinická skupina</Name>
                    </DisorderType>
                  </Disorder>
                  <ClassificationNodeChildList count="2">
                    <ClassificationNode>
                      <Disorder id="14480">
                        <OrphaCode>99907</OrphaCode>
                        <ExpertLink lang="cs">http://www.orpha.net/consor/cgi-bin/OC_Exp.php?lng=cs&amp;Expert=99907</ExpertLink>
                        <Name lang="cs">Alergická alveolitida s expozicí v domácím prostředí</Name>
                        <DisorderType id="21394">
                          <Name lang="cs">Onemocnění</Name>
                        </DisorderType>
                      </Disorder>
                      <ClassificationNodeChildList count="0">
                      </ClassificationNodeChildList>
                    </ClassificationNode>
                    <ClassificationNode>
                      <Disorder id="14482">
                        <OrphaCode>99909</OrphaCode>
                        <ExpertLink lang="cs">http://www.orpha.net/consor/cgi-bin/OC_Exp.php?lng=cs&amp;Expert=99909</ExpertLink>
                        <Name lang="cs">Exogenní alergická alveolitida</Name>
                        <DisorderType id="21436">
                          <Name lang="cs">Klinická skupina</Name>
                        </DisorderType>
                      </Disorder>
                      <ClassificationNodeChildList count="2">
                        <ClassificationNode>
                          <Disorder id="14479">
                            <OrphaCode>99906</OrphaCode>
                            <ExpertLink lang="cs">http://www.orpha.net/consor/cgi-bin/OC_Exp.php?lng=cs&amp;Expert=99906</ExpertLink>
                            <Name lang="cs">Farmářská plíce</Name>
                            <DisorderType id="21394">
                              <Name lang="cs">Onemocnění</Name>
                            </DisorderType>
                          </Disorder>
                          <ClassificationNodeChildList count="0">
                          </ClassificationNodeChildList>
                        </ClassificationNode>
                        <ClassificationNode>
                          <Disorder id="14481">
                            <OrphaCode>99908</OrphaCode>
                            <ExpertLink lang="cs">http://www.orpha.net/consor/cgi-bin/OC_Exp.php?lng=cs&amp;Expert=99908</ExpertLink>
                            <Name lang="cs">Holubářská plíce</Name>
                            <DisorderType id="21394">
                              <Name lang="cs">Onemocnění</Name>
                            </DisorderType>
                          </Disorder>
                          <ClassificationNodeChildList count="0">
                          </ClassificationNodeChildList>
                        </ClassificationNode>
                      </ClassificationNodeChildList>
                    </ClassificationNode>
                  </ClassificationNodeChildList>
                </ClassificationNode>
              </ClassificationNodeChildList>
            </ClassificationNode>
            <ClassificationNode>
              <Disorder id="22459">
                <OrphaCode>369992</OrphaCode>
                <ExpertLink lang="cs">http://www.orpha.net/consor/cgi-bin/OC_Exp.php?lng=cs&amp;Expert=369992</ExpertLink>
                <Name lang="cs">Syndrom zahrnující těžkou dermatitidu, mnohočetné alergie a metabolickou kachexii</Name>
                <DisorderType id="21394">
                  <Name lang="cs">Onemocnění</Name>
                </DisorderType>
              </Disorder>
              <ClassificationNodeChildList count="0">
              </ClassificationNodeChildList>
            </ClassificationNode>
          </ClassificationNodeChildList>
        </ClassificationNode>
      </ClassificationNodeRootList>
    </Classification>
  </ClassificationList>
</JDBOR>
