<?xml version="1.0" encoding="UTF-8"?>
<JDBOR date="2021-07-02 08:43:47" version="1.3.7 / 4.1.7 [2020-12-03] (orientdb version)" copyright="Orphanet (c) 2021" dbserver="jdbc:sybase:Tds:canard.orpha.net:2020">
  <ClassificationList count="1">
    <Classification id="197">
      <OrphaNumber>162958</OrphaNumber>
      <Name lang="cs">Klasifikace vzácných zubních onemocnění dle Orphanetu</Name>
      <ClassificationNodeRootList count="1">
        <ClassificationNode>
          <Disorder id="13044">
            <OrphaCode>98026</OrphaCode>
            <ExpertLink lang="cs">http://www.orpha.net/consor/cgi-bin/OC_Exp.php?lng=cs&amp;Expert=98026</ExpertLink>
            <Name lang="cs">Vzácná odontologická onemocnění</Name>
            <DisorderType id="36561">
              <Name lang="cs">Kategorie</Name>
            </DisorderType>
          </Disorder>
          <ClassificationNodeChildList count="4">
            <ClassificationNode>
              <Disorder id="13045">
                <OrphaCode>98027</OrphaCode>
                <ExpertLink lang="cs">http://www.orpha.net/consor/cgi-bin/OC_Exp.php?lng=cs&amp;Expert=98027</ExpertLink>
                <Name lang="cs">Vzácná onemocnění s odontologickou manifestací</Name>
                <DisorderType id="36561">
                  <Name lang="cs">Kategorie</Name>
                </DisorderType>
              </Disorder>
              <ClassificationNodeChildList count="25">
                <ClassificationNode>
                  <Disorder id="28140">
                    <OrphaCode>557003</OrphaCode>
                    <ExpertLink lang="cs">http://www.orpha.net/consor/cgi-bin/OC_Exp.php?lng=cs&amp;Expert=557003</ExpertLink>
                    <Name lang="cs">Oculocerebrodental syndrome</Name>
                    <DisorderType id="21394">
                      <Name lang="cs">Onemocnění</Name>
                    </DisorderType>
                  </Disorder>
                  <ClassificationNodeChildList count="0">
                  </ClassificationNodeChildList>
                </ClassificationNode>
                <ClassificationNode>
                  <Disorder id="19266">
                    <OrphaCode>238468</OrphaCode>
                    <ExpertLink lang="cs">http://www.orpha.net/consor/cgi-bin/OC_Exp.php?lng=cs&amp;Expert=238468</ExpertLink>
                    <Name lang="cs">Hypohidrotická ektodermální dysplázie</Name>
                    <DisorderType id="21394">
                      <Name lang="cs">Onemocnění</Name>
                    </DisorderType>
                  </Disorder>
                  <ClassificationNodeChildList count="3">
                    <ClassificationNode>
                      <Disorder id="180">
                        <OrphaCode>181</OrphaCode>
                        <ExpertLink lang="cs">http://www.orpha.net/consor/cgi-bin/OC_Exp.php?lng=cs&amp;Expert=181</ExpertLink>
                        <Name lang="cs">X-vázaná hypohidrotická ektodermální dysplázie</Name>
                        <DisorderType id="21443">
                          <Name lang="cs">Etiologický podtyp</Name>
                        </DisorderType>
                      </Disorder>
                      <ClassificationNodeChildList count="0">
                      </ClassificationNodeChildList>
                    </ClassificationNode>
                    <ClassificationNode>
                      <Disorder id="7026">
                        <OrphaCode>248</OrphaCode>
                        <ExpertLink lang="cs">http://www.orpha.net/consor/cgi-bin/OC_Exp.php?lng=cs&amp;Expert=248</ExpertLink>
                        <Name lang="cs">Autozomálně recesivní hypohidrotická ektodermální dysplázie</Name>
                        <DisorderType id="21443">
                          <Name lang="cs">Etiologický podtyp</Name>
                        </DisorderType>
                      </Disorder>
                      <ClassificationNodeChildList count="0">
                      </ClassificationNodeChildList>
                    </ClassificationNode>
                    <ClassificationNode>
                      <Disorder id="7027">
                        <OrphaCode>1810</OrphaCode>
                        <ExpertLink lang="cs">http://www.orpha.net/consor/cgi-bin/OC_Exp.php?lng=cs&amp;Expert=1810</ExpertLink>
                        <Name lang="cs">Autozomálně dominantní hypohidrotická ektodermální dysplázie</Name>
                        <DisorderType id="21443">
                          <Name lang="cs">Etiologický podtyp</Name>
                        </DisorderType>
                      </Disorder>
                      <ClassificationNodeChildList count="0">
                      </ClassificationNodeChildList>
                    </ClassificationNode>
                  </ClassificationNodeChildList>
                </ClassificationNode>
                <ClassificationNode>
                  <Disorder id="360">
                    <OrphaCode>464</OrphaCode>
                    <ExpertLink lang="cs">http://www.orpha.net/consor/cgi-bin/OC_Exp.php?lng=cs&amp;Expert=464</ExpertLink>
                    <Name lang="cs">Incontinentia pigmenti </Name>
                    <DisorderType id="21401">
                      <Name lang="cs">Malformační syndrom</Name>
                    </DisorderType>
                  </Disorder>
                  <ClassificationNodeChildList count="0">
                  </ClassificationNodeChildList>
                </ClassificationNode>
                <ClassificationNode>
                  <Disorder id="996">
                    <OrphaCode>184</OrphaCode>
                    <ExpertLink lang="cs">http://www.orpha.net/consor/cgi-bin/OC_Exp.php?lng=cs&amp;Expert=184</ExpertLink>
                    <Name lang="cs">Cherubismus</Name>
                    <DisorderType id="21401">
                      <Name lang="cs">Malformační syndrom</Name>
                    </DisorderType>
                  </Disorder>
                  <ClassificationNodeChildList count="0">
                  </ClassificationNodeChildList>
                </ClassificationNode>
                <ClassificationNode>
                  <Disorder id="2180">
                    <OrphaCode>2325</OrphaCode>
                    <ExpertLink lang="cs">http://www.orpha.net/consor/cgi-bin/OC_Exp.php?lng=cs&amp;Expert=2325</ExpertLink>
                    <Name lang="cs">Epidermolysis bullosa simplex s anodoncií/hypodoncií</Name>
                    <DisorderType id="21401">
                      <Name lang="cs">Malformační syndrom</Name>
                    </DisorderType>
                  </Disorder>
                  <ClassificationNodeChildList count="0">
                  </ClassificationNodeChildList>
                </ClassificationNode>
                <ClassificationNode>
                  <Disorder id="10864">
                    <OrphaCode>65282</OrphaCode>
                    <ExpertLink lang="cs">http://www.orpha.net/consor/cgi-bin/OC_Exp.php?lng=cs&amp;Expert=65282</ExpertLink>
                    <Name lang="cs">Carvajalův syndrom</Name>
                    <DisorderType id="21394">
                      <Name lang="cs">Onemocnění</Name>
                    </DisorderType>
                  </Disorder>
                  <ClassificationNodeChildList count="0">
                  </ClassificationNodeChildList>
                </ClassificationNode>
                <ClassificationNode>
                  <Disorder id="11082">
                    <OrphaCode>75392</OrphaCode>
                    <ExpertLink lang="cs">http://www.orpha.net/consor/cgi-bin/OC_Exp.php?lng=cs&amp;Expert=75392</ExpertLink>
                    <Name lang="cs">Ehlersův-Danlosův syndrom, periodontitický typ</Name>
                    <DisorderType id="21394">
                      <Name lang="cs">Onemocnění</Name>
                    </DisorderType>
                  </Disorder>
                  <ClassificationNodeChildList count="0">
                  </ClassificationNodeChildList>
                </ClassificationNode>
                <ClassificationNode>
                  <Disorder id="14365">
                    <OrphaCode>99792</OrphaCode>
                    <ExpertLink lang="cs">http://www.orpha.net/consor/cgi-bin/OC_Exp.php?lng=cs&amp;Expert=99792</ExpertLink>
                    <Name lang="cs">Syndrom zahrnující dentinovou dysplázii a sklerotické kosti</Name>
                    <DisorderType id="21394">
                      <Name lang="cs">Onemocnění</Name>
                    </DisorderType>
                  </Disorder>
                  <ClassificationNodeChildList count="0">
                  </ClassificationNodeChildList>
                </ClassificationNode>
                <ClassificationNode>
                  <Disorder id="17687">
                    <OrphaCode>167762</OrphaCode>
                    <ExpertLink lang="cs">http://www.orpha.net/consor/cgi-bin/OC_Exp.php?lng=cs&amp;Expert=167762</ExpertLink>
                    <Name lang="cs">Vzácná nemoc s dentinogenesis imperfecta</Name>
                    <DisorderType id="36561">
                      <Name lang="cs">Kategorie</Name>
                    </DisorderType>
                  </Disorder>
                  <ClassificationNodeChildList count="5">
                    <ClassificationNode>
                      <Disorder id="313">
                        <OrphaCode>2771</OrphaCode>
                        <ExpertLink lang="cs">http://www.orpha.net/consor/cgi-bin/OC_Exp.php?lng=cs&amp;Expert=2771</ExpertLink>
                        <Name lang="cs">Bruckův syndrom</Name>
                        <DisorderType id="21401">
                          <Name lang="cs">Malformační syndrom</Name>
                        </DisorderType>
                      </Disorder>
                      <ClassificationNodeChildList count="0">
                      </ClassificationNodeChildList>
                    </ClassificationNode>
                    <ClassificationNode>
                      <Disorder id="612">
                        <OrphaCode>287</OrphaCode>
                        <ExpertLink lang="cs">http://www.orpha.net/consor/cgi-bin/OC_Exp.php?lng=cs&amp;Expert=287</ExpertLink>
                        <Name lang="cs">Ehlersův-Danlosův syndrom, klasický typ</Name>
                        <DisorderType id="21394">
                          <Name lang="cs">Onemocnění</Name>
                        </DisorderType>
                      </Disorder>
                      <ClassificationNodeChildList count="0">
                      </ClassificationNodeChildList>
                    </ClassificationNode>
                    <ClassificationNode>
                      <Disorder id="18793">
                        <OrphaCode>216812</OrphaCode>
                        <ExpertLink lang="cs">http://www.orpha.net/consor/cgi-bin/OC_Exp.php?lng=cs&amp;Expert=216812</ExpertLink>
                        <Name lang="cs">Osteogenesis imperfecta, typ 3</Name>
                        <DisorderType id="21450">
                          <Name lang="cs">Klinický podtyp</Name>
                        </DisorderType>
                      </Disorder>
                      <ClassificationNodeChildList count="0">
                      </ClassificationNodeChildList>
                    </ClassificationNode>
                    <ClassificationNode>
                      <Disorder id="18794">
                        <OrphaCode>216820</OrphaCode>
                        <ExpertLink lang="cs">http://www.orpha.net/consor/cgi-bin/OC_Exp.php?lng=cs&amp;Expert=216820</ExpertLink>
                        <Name lang="cs">Osteogenesis imperfecta, typ 4</Name>
                        <DisorderType id="21450">
                          <Name lang="cs">Klinický podtyp</Name>
                        </DisorderType>
                      </Disorder>
                      <ClassificationNodeChildList count="0">
                      </ClassificationNodeChildList>
                    </ClassificationNode>
                    <ClassificationNode>
                      <Disorder id="19142">
                        <OrphaCode>230839</OrphaCode>
                        <ExpertLink lang="cs">http://www.orpha.net/consor/cgi-bin/OC_Exp.php?lng=cs&amp;Expert=230839</ExpertLink>
                        <Name lang="cs">Ehlersův-Danlosův syndrom způsobený deficitem tenascinu-X</Name>
                        <DisorderType id="21394">
                          <Name lang="cs">Onemocnění</Name>
                        </DisorderType>
                      </Disorder>
                      <ClassificationNodeChildList count="0">
                      </ClassificationNodeChildList>
                    </ClassificationNode>
                  </ClassificationNodeChildList>
                </ClassificationNode>
                <ClassificationNode>
                  <Disorder id="19533">
                    <OrphaCode>247651</OrphaCode>
                    <ExpertLink lang="cs">http://www.orpha.net/consor/cgi-bin/OC_Exp.php?lng=cs&amp;Expert=247651</ExpertLink>
                    <Name lang="cs">Infantilní hypofosfatázie</Name>
                    <DisorderType id="21450">
                      <Name lang="cs">Klinický podtyp</Name>
                    </DisorderType>
                  </Disorder>
                  <ClassificationNodeChildList count="0">
                  </ClassificationNodeChildList>
                </ClassificationNode>
                <ClassificationNode>
                  <Disorder id="19534">
                    <OrphaCode>247667</OrphaCode>
                    <ExpertLink lang="cs">http://www.orpha.net/consor/cgi-bin/OC_Exp.php?lng=cs&amp;Expert=247667</ExpertLink>
                    <Name lang="cs">Hypofosfatázie s nástupem v dětství</Name>
                    <DisorderType id="21450">
                      <Name lang="cs">Klinický podtyp</Name>
                    </DisorderType>
                  </Disorder>
                  <ClassificationNodeChildList count="0">
                  </ClassificationNodeChildList>
                </ClassificationNode>
                <ClassificationNode>
                  <Disorder id="19535">
                    <OrphaCode>247676</OrphaCode>
                    <ExpertLink lang="cs">http://www.orpha.net/consor/cgi-bin/OC_Exp.php?lng=cs&amp;Expert=247676</ExpertLink>
                    <Name lang="cs">Adultní hypofosfatázie</Name>
                    <DisorderType id="21450">
                      <Name lang="cs">Klinický podtyp</Name>
                    </DisorderType>
                  </Disorder>
                  <ClassificationNodeChildList count="0">
                  </ClassificationNodeChildList>
                </ClassificationNode>
                <ClassificationNode>
                  <Disorder id="19536">
                    <OrphaCode>247685</OrphaCode>
                    <ExpertLink lang="cs">http://www.orpha.net/consor/cgi-bin/OC_Exp.php?lng=cs&amp;Expert=247685</ExpertLink>
                    <Name lang="cs">Odontohypofosfatázie</Name>
                    <DisorderType id="21450">
                      <Name lang="cs">Klinický podtyp</Name>
                    </DisorderType>
                  </Disorder>
                  <ClassificationNodeChildList count="0">
                  </ClassificationNodeChildList>
                </ClassificationNode>
                <ClassificationNode>
                  <Disorder id="22317">
                    <OrphaCode>363523</OrphaCode>
                    <ExpertLink lang="cs">http://www.orpha.net/consor/cgi-bin/OC_Exp.php?lng=cs&amp;Expert=363523</ExpertLink>
                    <Name lang="cs">Syndrom zahrnující hypohidrózu, hypoplázii zubní skloviny, palmoplantární keratoderma a mentální retardaci</Name>
                    <DisorderType id="21394">
                      <Name lang="cs">Onemocnění</Name>
                    </DisorderType>
                  </Disorder>
                  <ClassificationNodeChildList count="0">
                  </ClassificationNodeChildList>
                </ClassificationNode>
                <ClassificationNode>
                  <Disorder id="2233">
                    <OrphaCode>2407</OrphaCode>
                    <ExpertLink lang="cs">http://www.orpha.net/consor/cgi-bin/OC_Exp.php?lng=cs&amp;Expert=2407</ExpertLink>
                    <Name lang="cs">LOC syndrom</Name>
                    <DisorderType id="21394">
                      <Name lang="cs">Onemocnění</Name>
                    </DisorderType>
                  </Disorder>
                  <ClassificationNodeChildList count="0">
                  </ClassificationNodeChildList>
                </ClassificationNode>
                <ClassificationNode>
                  <Disorder id="11428">
                    <OrphaCode>79402</OrphaCode>
                    <ExpertLink lang="cs">http://www.orpha.net/consor/cgi-bin/OC_Exp.php?lng=cs&amp;Expert=79402</ExpertLink>
                    <Name lang="cs">Generalizovaná junkční epidermolysis bullosa, non-Herlitzův typ</Name>
                    <DisorderType id="21394">
                      <Name lang="cs">Onemocnění</Name>
                    </DisorderType>
                  </Disorder>
                  <ClassificationNodeChildList count="0">
                  </ClassificationNodeChildList>
                </ClassificationNode>
                <ClassificationNode>
                  <Disorder id="11429">
                    <OrphaCode>79403</OrphaCode>
                    <ExpertLink lang="cs">http://www.orpha.net/consor/cgi-bin/OC_Exp.php?lng=cs&amp;Expert=79403</ExpertLink>
                    <Name lang="cs">Syndrom zahrnující junkční epidermolysis bullosa a atrézii pyloru</Name>
                    <DisorderType id="21394">
                      <Name lang="cs">Onemocnění</Name>
                    </DisorderType>
                  </Disorder>
                  <ClassificationNodeChildList count="0">
                  </ClassificationNodeChildList>
                </ClassificationNode>
                <ClassificationNode>
                  <Disorder id="11430">
                    <OrphaCode>79404</OrphaCode>
                    <ExpertLink lang="cs">http://www.orpha.net/consor/cgi-bin/OC_Exp.php?lng=cs&amp;Expert=79404</ExpertLink>
                    <Name lang="cs">Junkční epidermolysis bullosa, Herlitzův typ</Name>
                    <DisorderType id="21394">
                      <Name lang="cs">Onemocnění</Name>
                    </DisorderType>
                  </Disorder>
                  <ClassificationNodeChildList count="0">
                  </ClassificationNodeChildList>
                </ClassificationNode>
                <ClassificationNode>
                  <Disorder id="11431">
                    <OrphaCode>79405</OrphaCode>
                    <ExpertLink lang="cs">http://www.orpha.net/consor/cgi-bin/OC_Exp.php?lng=cs&amp;Expert=79405</ExpertLink>
                    <Name lang="cs">Junkční epidermolysis bullosa inversa</Name>
                    <DisorderType id="21394">
                      <Name lang="cs">Onemocnění</Name>
                    </DisorderType>
                  </Disorder>
                  <ClassificationNodeChildList count="0">
                  </ClassificationNodeChildList>
                </ClassificationNode>
                <ClassificationNode>
                  <Disorder id="11432">
                    <OrphaCode>79406</OrphaCode>
                    <ExpertLink lang="cs">http://www.orpha.net/consor/cgi-bin/OC_Exp.php?lng=cs&amp;Expert=79406</ExpertLink>
                    <Name lang="cs">Junkční epidermolysis bullosa s pozdním nástupem</Name>
                    <DisorderType id="21394">
                      <Name lang="cs">Onemocnění</Name>
                    </DisorderType>
                  </Disorder>
                  <ClassificationNodeChildList count="0">
                  </ClassificationNodeChildList>
                </ClassificationNode>
                <ClassificationNode>
                  <Disorder id="19200">
                    <OrphaCode>231556</OrphaCode>
                    <ExpertLink lang="cs">http://www.orpha.net/consor/cgi-bin/OC_Exp.php?lng=cs&amp;Expert=231556</ExpertLink>
                    <Name lang="cs">Syndrom zahrnující lokalizovanou junkční epidermolysis bullosa s pozdním nástupem a mentální retardaci</Name>
                    <DisorderType id="21394">
                      <Name lang="cs">Onemocnění</Name>
                    </DisorderType>
                  </Disorder>
                  <ClassificationNodeChildList count="0">
                  </ClassificationNodeChildList>
                </ClassificationNode>
                <ClassificationNode>
                  <Disorder id="19640">
                    <OrphaCode>251393</OrphaCode>
                    <ExpertLink lang="cs">http://www.orpha.net/consor/cgi-bin/OC_Exp.php?lng=cs&amp;Expert=251393</ExpertLink>
                    <Name lang="cs">Lokalizovaná junkční epidermolysis bullosa, non-Herlitzův typ</Name>
                    <DisorderType id="21394">
                      <Name lang="cs">Onemocnění</Name>
                    </DisorderType>
                  </Disorder>
                  <ClassificationNodeChildList count="0">
                  </ClassificationNodeChildList>
                </ClassificationNode>
                <ClassificationNode>
                  <Disorder id="23554">
                    <OrphaCode>447961</OrphaCode>
                    <ExpertLink lang="cs">http://www.orpha.net/consor/cgi-bin/OC_Exp.php?lng=cs&amp;Expert=447961</ExpertLink>
                    <Name lang="cs">Syndrom zahrnující poruchy pigmentace, palmoplantární keratoderma a karcinom kůže</Name>
                    <DisorderType id="21394">
                      <Name lang="cs">Onemocnění</Name>
                    </DisorderType>
                  </Disorder>
                  <ClassificationNodeChildList count="0">
                  </ClassificationNodeChildList>
                </ClassificationNode>
                <ClassificationNode>
                  <Disorder id="25086">
                    <OrphaCode>476096</OrphaCode>
                    <ExpertLink lang="cs">http://www.orpha.net/consor/cgi-bin/OC_Exp.php?lng=cs&amp;Expert=476096</ExpertLink>
                    <Name lang="cs">Syndrom zahrnující erytrokeratodermii a kardiomyopatii</Name>
                    <DisorderType id="21394">
                      <Name lang="cs">Onemocnění</Name>
                    </DisorderType>
                  </Disorder>
                  <ClassificationNodeChildList count="0">
                  </ClassificationNodeChildList>
                </ClassificationNode>
                <ClassificationNode>
                  <Disorder id="13830">
                    <OrphaCode>98813</OrphaCode>
                    <ExpertLink lang="cs">http://www.orpha.net/consor/cgi-bin/OC_Exp.php?lng=cs&amp;Expert=98813</ExpertLink>
                    <Name lang="cs">Hypohidrotická ektodermální dysplázie spojená s imunodeficiencí</Name>
                    <DisorderType id="21394">
                      <Name lang="cs">Onemocnění</Name>
                    </DisorderType>
                  </Disorder>
                  <ClassificationNodeChildList count="0">
                  </ClassificationNodeChildList>
                </ClassificationNode>
              </ClassificationNodeChildList>
            </ClassificationNode>
            <ClassificationNode>
              <Disorder id="16857">
                <OrphaCode>139042</OrphaCode>
                <ExpertLink lang="cs">http://www.orpha.net/consor/cgi-bin/OC_Exp.php?lng=cs&amp;Expert=139042</ExpertLink>
                <Name lang="cs">Syndromy malformace s odontální a periodontální komponentou</Name>
                <DisorderType id="36561">
                  <Name lang="cs">Kategorie</Name>
                </DisorderType>
              </Disorder>
              <ClassificationNodeChildList count="63">
                <ClassificationNode>
                  <Disorder id="2481">
                    <OrphaCode>2720</OrphaCode>
                    <ExpertLink lang="cs">http://www.orpha.net/consor/cgi-bin/OC_Exp.php?lng=cs&amp;Expert=2720</ExpertLink>
                    <Name lang="cs">Syndrom okulocerebrální hypopigmentace, Preusův typ</Name>
                    <DisorderType id="21401">
                      <Name lang="cs">Malformační syndrom</Name>
                    </DisorderType>
                  </Disorder>
                  <ClassificationNodeChildList count="0">
                  </ClassificationNodeChildList>
                </ClassificationNode>
                <ClassificationNode>
                  <Disorder id="28850">
                    <OrphaCode>576278</OrphaCode>
                    <ExpertLink lang="cs">http://www.orpha.net/consor/cgi-bin/OC_Exp.php?lng=cs&amp;Expert=576278</ExpertLink>
                    <Name lang="cs">Syndrom spojený s SATB2</Name>
                    <DisorderType id="21401">
                      <Name lang="cs">Malformační syndrom</Name>
                    </DisorderType>
                  </Disorder>
                  <ClassificationNodeChildList count="2">
                    <ClassificationNode>
                      <Disorder id="19605">
                        <OrphaCode>251028</OrphaCode>
                        <ExpertLink lang="cs">http://www.orpha.net/consor/cgi-bin/OC_Exp.php?lng=cs&amp;Expert=251028</ExpertLink>
                        <Name lang="cs">Syndrom mikrodelece 2q33.1</Name>
                        <DisorderType id="21443">
                          <Name lang="cs">Etiologický podtyp</Name>
                        </DisorderType>
                      </Disorder>
                      <ClassificationNodeChildList count="0">
                      </ClassificationNodeChildList>
                    </ClassificationNode>
                    <ClassificationNode>
                      <Disorder id="28851">
                        <OrphaCode>576283</OrphaCode>
                        <ExpertLink lang="cs">http://www.orpha.net/consor/cgi-bin/OC_Exp.php?lng=cs&amp;Expert=576283</ExpertLink>
                        <Name lang="cs">Syndrom spojený s SATB2 způsobený patogenní variantou</Name>
                        <DisorderType id="21443">
                          <Name lang="cs">Etiologický podtyp</Name>
                        </DisorderType>
                      </Disorder>
                      <ClassificationNodeChildList count="0">
                      </ClassificationNodeChildList>
                    </ClassificationNode>
                  </ClassificationNodeChildList>
                </ClassificationNode>
                <ClassificationNode>
                  <Disorder id="931">
                    <OrphaCode>627</OrphaCode>
                    <ExpertLink lang="cs">http://www.orpha.net/consor/cgi-bin/OC_Exp.php?lng=cs&amp;Expert=627</ExpertLink>
                    <Name lang="cs">Nanceův-Horanův syndrom</Name>
                    <DisorderType id="21401">
                      <Name lang="cs">Malformační syndrom</Name>
                    </DisorderType>
                  </Disorder>
                  <ClassificationNodeChildList count="0">
                  </ClassificationNodeChildList>
                </ClassificationNode>
                <ClassificationNode>
                  <Disorder id="1198">
                    <OrphaCode>1946</OrphaCode>
                    <ExpertLink lang="cs">http://www.orpha.net/consor/cgi-bin/OC_Exp.php?lng=cs&amp;Expert=1946</ExpertLink>
                    <Name lang="cs">Amelo-cerebro-hypohidrotický syndrom</Name>
                    <DisorderType id="21401">
                      <Name lang="cs">Malformační syndrom</Name>
                    </DisorderType>
                  </Disorder>
                  <ClassificationNodeChildList count="0">
                  </ClassificationNodeChildList>
                </ClassificationNode>
                <ClassificationNode>
                  <Disorder id="1297">
                    <OrphaCode>978</OrphaCode>
                    <ExpertLink lang="cs">http://www.orpha.net/consor/cgi-bin/OC_Exp.php?lng=cs&amp;Expert=978</ExpertLink>
                    <Name lang="cs">Syndrom zahrnující abnormální pigmentace, ektrodaktylii a hypodontii</Name>
                    <DisorderType id="21401">
                      <Name lang="cs">Malformační syndrom</Name>
                    </DisorderType>
                  </Disorder>
                  <ClassificationNodeChildList count="0">
                  </ClassificationNodeChildList>
                </ClassificationNode>
                <ClassificationNode>
                  <Disorder id="1339">
                    <OrphaCode>1031</OrphaCode>
                    <ExpertLink lang="cs">http://www.orpha.net/consor/cgi-bin/OC_Exp.php?lng=cs&amp;Expert=1031</ExpertLink>
                    <Name lang="cs">Syndrom zahrnující amelogenesis imperfecta a nefrokalcinózu</Name>
                    <DisorderType id="21401">
                      <Name lang="cs">Malformační syndrom</Name>
                    </DisorderType>
                  </Disorder>
                  <ClassificationNodeChildList count="0">
                  </ClassificationNodeChildList>
                </ClassificationNode>
                <ClassificationNode>
                  <Disorder id="1728">
                    <OrphaCode>3196</OrphaCode>
                    <ExpertLink lang="cs">http://www.orpha.net/consor/cgi-bin/OC_Exp.php?lng=cs&amp;Expert=3196</ExpertLink>
                    <Name lang="cs">Syndrom zahrnující deficit steroidní dehydrogenázy a zubní anomálie</Name>
                    <DisorderType id="21394">
                      <Name lang="cs">Onemocnění</Name>
                    </DisorderType>
                  </Disorder>
                  <ClassificationNodeChildList count="0">
                  </ClassificationNodeChildList>
                </ClassificationNode>
                <ClassificationNode>
                  <Disorder id="1749">
                    <OrphaCode>1660</OrphaCode>
                    <ExpertLink lang="cs">http://www.orpha.net/consor/cgi-bin/OC_Exp.php?lng=cs&amp;Expert=1660</ExpertLink>
                    <Name lang="cs">Dermo-odonto dysplázie</Name>
                    <DisorderType id="21401">
                      <Name lang="cs">Malformační syndrom</Name>
                    </DisorderType>
                  </Disorder>
                  <ClassificationNodeChildList count="0">
                  </ClassificationNodeChildList>
                </ClassificationNode>
                <ClassificationNode>
                  <Disorder id="1804">
                    <OrphaCode>1811</OrphaCode>
                    <ExpertLink lang="cs">http://www.orpha.net/consor/cgi-bin/OC_Exp.php?lng=cs&amp;Expert=1811</ExpertLink>
                    <Name lang="cs">Odontomikronychiální dysplázie</Name>
                    <DisorderType id="21401">
                      <Name lang="cs">Malformační syndrom</Name>
                    </DisorderType>
                  </Disorder>
                  <ClassificationNodeChildList count="0">
                  </ClassificationNodeChildList>
                </ClassificationNode>
                <ClassificationNode>
                  <Disorder id="1844">
                    <OrphaCode>1873</OrphaCode>
                    <ExpertLink lang="cs">http://www.orpha.net/consor/cgi-bin/OC_Exp.php?lng=cs&amp;Expert=1873</ExpertLink>
                    <Name lang="cs">Jaliliho syndrom</Name>
                    <DisorderType id="21401">
                      <Name lang="cs">Malformační syndrom</Name>
                    </DisorderType>
                  </Disorder>
                  <ClassificationNodeChildList count="0">
                  </ClassificationNodeChildList>
                </ClassificationNode>
                <ClassificationNode>
                  <Disorder id="1854">
                    <OrphaCode>1818</OrphaCode>
                    <ExpertLink lang="cs">http://www.orpha.net/consor/cgi-bin/OC_Exp.php?lng=cs&amp;Expert=1818</ExpertLink>
                    <Name lang="cs">Ektodermální dysplázie, trichoodontoonychiální typ</Name>
                    <DisorderType id="21401">
                      <Name lang="cs">Malformační syndrom</Name>
                    </DisorderType>
                  </Disorder>
                  <ClassificationNodeChildList count="0">
                  </ClassificationNodeChildList>
                </ClassificationNode>
                <ClassificationNode>
                  <Disorder id="1934">
                    <OrphaCode>1997</OrphaCode>
                    <ExpertLink lang="cs">http://www.orpha.net/consor/cgi-bin/OC_Exp.php?lng=cs&amp;Expert=1997</ExpertLink>
                    <Name lang="cs">Blefaro-cheilo-odontický syndrom</Name>
                    <DisorderType id="21401">
                      <Name lang="cs">Malformační syndrom</Name>
                    </DisorderType>
                  </Disorder>
                  <ClassificationNodeChildList count="0">
                  </ClassificationNodeChildList>
                </ClassificationNode>
                <ClassificationNode>
                  <Disorder id="1946">
                    <OrphaCode>2010</OrphaCode>
                    <ExpertLink lang="cs">http://www.orpha.net/consor/cgi-bin/OC_Exp.php?lng=cs&amp;Expert=2010</ExpertLink>
                    <Name lang="cs">Syndrom zahrnující rozštěp patra, fixaci třmínku a oligodoncii</Name>
                    <DisorderType id="21401">
                      <Name lang="cs">Malformační syndrom</Name>
                    </DisorderType>
                  </Disorder>
                  <ClassificationNodeChildList count="0">
                  </ClassificationNodeChildList>
                </ClassificationNode>
                <ClassificationNode>
                  <Disorder id="1956">
                    <OrphaCode>2025</OrphaCode>
                    <ExpertLink lang="cs">http://www.orpha.net/consor/cgi-bin/OC_Exp.php?lng=cs&amp;Expert=2025</ExpertLink>
                    <Name lang="cs">Syndrom zahrnující gingivální fibromatózu a faciální dysmorfismus</Name>
                    <DisorderType id="21401">
                      <Name lang="cs">Malformační syndrom</Name>
                    </DisorderType>
                  </Disorder>
                  <ClassificationNodeChildList count="0">
                  </ClassificationNodeChildList>
                </ClassificationNode>
                <ClassificationNode>
                  <Disorder id="1957">
                    <OrphaCode>2026</OrphaCode>
                    <ExpertLink lang="cs">http://www.orpha.net/consor/cgi-bin/OC_Exp.php?lng=cs&amp;Expert=2026</ExpertLink>
                    <Name lang="cs">Syndrom zahrnující gingivální fibromatózu a hypertrichózu</Name>
                    <DisorderType id="21401">
                      <Name lang="cs">Malformační syndrom</Name>
                    </DisorderType>
                  </Disorder>
                  <ClassificationNodeChildList count="0">
                  </ClassificationNodeChildList>
                </ClassificationNode>
                <ClassificationNode>
                  <Disorder id="1958">
                    <OrphaCode>2027</OrphaCode>
                    <ExpertLink lang="cs">http://www.orpha.net/consor/cgi-bin/OC_Exp.php?lng=cs&amp;Expert=2027</ExpertLink>
                    <Name lang="cs">Syndrom zahrnující gingivální fibromatózu a progresivní hluchotu</Name>
                    <DisorderType id="21401">
                      <Name lang="cs">Malformační syndrom</Name>
                    </DisorderType>
                  </Disorder>
                  <ClassificationNodeChildList count="0">
                  </ClassificationNodeChildList>
                </ClassificationNode>
                <ClassificationNode>
                  <Disorder id="1959">
                    <OrphaCode>2028</OrphaCode>
                    <ExpertLink lang="cs">http://www.orpha.net/consor/cgi-bin/OC_Exp.php?lng=cs&amp;Expert=2028</ExpertLink>
                    <Name lang="cs">Juvenilní hyalinní fibromatóza</Name>
                    <DisorderType id="21450">
                      <Name lang="cs">Klinický podtyp</Name>
                    </DisorderType>
                  </Disorder>
                  <ClassificationNodeChildList count="0">
                  </ClassificationNodeChildList>
                </ClassificationNode>
                <ClassificationNode>
                  <Disorder id="1985">
                    <OrphaCode>2067</OrphaCode>
                    <ExpertLink lang="cs">http://www.orpha.net/consor/cgi-bin/OC_Exp.php?lng=cs&amp;Expert=2067</ExpertLink>
                    <Name lang="cs">GAPO-syndrom</Name>
                    <DisorderType id="21401">
                      <Name lang="cs">Malformační syndrom</Name>
                    </DisorderType>
                  </Disorder>
                  <ClassificationNodeChildList count="0">
                  </ClassificationNodeChildList>
                </ClassificationNode>
                <ClassificationNode>
                  <Disorder id="2102">
                    <OrphaCode>2228</OrphaCode>
                    <ExpertLink lang="cs">http://www.orpha.net/consor/cgi-bin/OC_Exp.php?lng=cs&amp;Expert=2228</ExpertLink>
                    <Name lang="cs">Syndrom zahrnující hypodoncii a dysplázii nehtů</Name>
                    <DisorderType id="21401">
                      <Name lang="cs">Malformační syndrom</Name>
                    </DisorderType>
                  </Disorder>
                  <ClassificationNodeChildList count="0">
                  </ClassificationNodeChildList>
                </ClassificationNode>
                <ClassificationNode>
                  <Disorder id="2184">
                    <OrphaCode>2332</OrphaCode>
                    <ExpertLink lang="cs">http://www.orpha.net/consor/cgi-bin/OC_Exp.php?lng=cs&amp;Expert=2332</ExpertLink>
                    <Name lang="cs">KBG syndrom</Name>
                    <DisorderType id="21401">
                      <Name lang="cs">Malformační syndrom</Name>
                    </DisorderType>
                  </Disorder>
                  <ClassificationNodeChildList count="0">
                  </ClassificationNodeChildList>
                </ClassificationNode>
                <ClassificationNode>
                  <Disorder id="2194">
                    <OrphaCode>2342</OrphaCode>
                    <ExpertLink lang="cs">http://www.orpha.net/consor/cgi-bin/OC_Exp.php?lng=cs&amp;Expert=2342</ExpertLink>
                    <Name lang="cs">Haimův-Munkův syndrom</Name>
                    <DisorderType id="21394">
                      <Name lang="cs">Onemocnění</Name>
                    </DisorderType>
                  </Disorder>
                  <ClassificationNodeChildList count="0">
                  </ClassificationNodeChildList>
                </ClassificationNode>
                <ClassificationNode>
                  <Disorder id="2207">
                    <OrphaCode>2363</OrphaCode>
                    <ExpertLink lang="cs">http://www.orpha.net/consor/cgi-bin/OC_Exp.php?lng=cs&amp;Expert=2363</ExpertLink>
                    <Name lang="cs">Lakrimo-aurikulo-dento-digitální syndrom</Name>
                    <DisorderType id="21401">
                      <Name lang="cs">Malformační syndrom</Name>
                    </DisorderType>
                  </Disorder>
                  <ClassificationNodeChildList count="0">
                  </ClassificationNodeChildList>
                </ClassificationNode>
                <ClassificationNode>
                  <Disorder id="2363">
                    <OrphaCode>2561</OrphaCode>
                    <ExpertLink lang="cs">http://www.orpha.net/consor/cgi-bin/OC_Exp.php?lng=cs&amp;Expert=2561</ExpertLink>
                    <Name lang="cs">Ackermanův syndrom</Name>
                    <DisorderType id="21401">
                      <Name lang="cs">Malformační syndrom</Name>
                    </DisorderType>
                  </Disorder>
                  <ClassificationNodeChildList count="0">
                  </ClassificationNodeChildList>
                </ClassificationNode>
                <ClassificationNode>
                  <Disorder id="2470">
                    <OrphaCode>2709</OrphaCode>
                    <ExpertLink lang="cs">http://www.orpha.net/consor/cgi-bin/OC_Exp.php?lng=cs&amp;Expert=2709</ExpertLink>
                    <Name lang="cs">Okulodentální syndrom, typ Rutherfurdové</Name>
                    <DisorderType id="21401">
                      <Name lang="cs">Malformační syndrom</Name>
                    </DisorderType>
                  </Disorder>
                  <ClassificationNodeChildList count="0">
                  </ClassificationNodeChildList>
                </ClassificationNode>
                <ClassificationNode>
                  <Disorder id="2471">
                    <OrphaCode>2710</OrphaCode>
                    <ExpertLink lang="cs">http://www.orpha.net/consor/cgi-bin/OC_Exp.php?lng=cs&amp;Expert=2710</ExpertLink>
                    <Name lang="cs">Okulodentodigitální dysplázie</Name>
                    <DisorderType id="21401">
                      <Name lang="cs">Malformační syndrom</Name>
                    </DisorderType>
                  </Disorder>
                  <ClassificationNodeChildList count="0">
                  </ClassificationNodeChildList>
                </ClassificationNode>
                <ClassificationNode>
                  <Disorder id="2473">
                    <OrphaCode>2712</OrphaCode>
                    <ExpertLink lang="cs">http://www.orpha.net/consor/cgi-bin/OC_Exp.php?lng=cs&amp;Expert=2712</ExpertLink>
                    <Name lang="cs">Okulofaciokardiodentální syndrom</Name>
                    <DisorderType id="21401">
                      <Name lang="cs">Malformační syndrom</Name>
                    </DisorderType>
                  </Disorder>
                  <ClassificationNodeChildList count="0">
                  </ClassificationNodeChildList>
                </ClassificationNode>
                <ClassificationNode>
                  <Disorder id="2480">
                    <OrphaCode>2719</OrphaCode>
                    <ExpertLink lang="cs">http://www.orpha.net/consor/cgi-bin/OC_Exp.php?lng=cs&amp;Expert=2719</ExpertLink>
                    <Name lang="cs">Syndrom okulocerebrální hypopigmentace, Crossův typ</Name>
                    <DisorderType id="21401">
                      <Name lang="cs">Malformační syndrom</Name>
                    </DisorderType>
                  </Disorder>
                  <ClassificationNodeChildList count="0">
                  </ClassificationNodeChildList>
                </ClassificationNode>
                <ClassificationNode>
                  <Disorder id="2482">
                    <OrphaCode>2721</OrphaCode>
                    <ExpertLink lang="cs">http://www.orpha.net/consor/cgi-bin/OC_Exp.php?lng=cs&amp;Expert=2721</ExpertLink>
                    <Name lang="cs">Odonto-onycho-dermální dysplázie</Name>
                    <DisorderType id="21394">
                      <Name lang="cs">Onemocnění</Name>
                    </DisorderType>
                  </Disorder>
                  <ClassificationNodeChildList count="0">
                  </ClassificationNodeChildList>
                </ClassificationNode>
                <ClassificationNode>
                  <Disorder id="2483">
                    <OrphaCode>2722</OrphaCode>
                    <ExpertLink lang="cs">http://www.orpha.net/consor/cgi-bin/OC_Exp.php?lng=cs&amp;Expert=2722</ExpertLink>
                    <Name lang="cs">Syndrom zahrnující odonto-onycho dysplázii a alopecii</Name>
                    <DisorderType id="21401">
                      <Name lang="cs">Malformační syndrom</Name>
                    </DisorderType>
                  </Disorder>
                  <ClassificationNodeChildList count="0">
                  </ClassificationNodeChildList>
                </ClassificationNode>
                <ClassificationNode>
                  <Disorder id="2484">
                    <OrphaCode>2723</OrphaCode>
                    <ExpertLink lang="cs">http://www.orpha.net/consor/cgi-bin/OC_Exp.php?lng=cs&amp;Expert=2723</ExpertLink>
                    <Name lang="cs">Odontotrichomelický syndrom</Name>
                    <DisorderType id="21401">
                      <Name lang="cs">Malformační syndrom</Name>
                    </DisorderType>
                  </Disorder>
                  <ClassificationNodeChildList count="0">
                  </ClassificationNodeChildList>
                </ClassificationNode>
                <ClassificationNode>
                  <Disorder id="2485">
                    <OrphaCode>2724</OrphaCode>
                    <ExpertLink lang="cs">http://www.orpha.net/consor/cgi-bin/OC_Exp.php?lng=cs&amp;Expert=2724</ExpertLink>
                    <Name lang="cs">Syndrom zahrnující odontomatózu a aortoezofageální stenózu</Name>
                    <DisorderType id="21401">
                      <Name lang="cs">Malformační syndrom</Name>
                    </DisorderType>
                  </Disorder>
                  <ClassificationNodeChildList count="0">
                  </ClassificationNodeChildList>
                </ClassificationNode>
                <ClassificationNode>
                  <Disorder id="2539">
                    <OrphaCode>2791</OrphaCode>
                    <ExpertLink lang="cs">http://www.orpha.net/consor/cgi-bin/OC_Exp.php?lng=cs&amp;Expert=2791</ExpertLink>
                    <Name lang="cs">Otodentální syndrom</Name>
                    <DisorderType id="21401">
                      <Name lang="cs">Malformační syndrom</Name>
                    </DisorderType>
                  </Disorder>
                  <ClassificationNodeChildList count="0">
                  </ClassificationNodeChildList>
                </ClassificationNode>
                <ClassificationNode>
                  <Disorder id="2551">
                    <OrphaCode>678</OrphaCode>
                    <ExpertLink lang="cs">http://www.orpha.net/consor/cgi-bin/OC_Exp.php?lng=cs&amp;Expert=678</ExpertLink>
                    <Name lang="cs">Papillonův-Lefèvreho syndrom</Name>
                    <DisorderType id="21394">
                      <Name lang="cs">Onemocnění</Name>
                    </DisorderType>
                  </Disorder>
                  <ClassificationNodeChildList count="0">
                  </ClassificationNodeChildList>
                </ClassificationNode>
                <ClassificationNode>
                  <Disorder id="2620">
                    <OrphaCode>2892</OrphaCode>
                    <ExpertLink lang="cs">http://www.orpha.net/consor/cgi-bin/OC_Exp.php?lng=cs&amp;Expert=2892</ExpertLink>
                    <Name lang="cs">Syndrom zahrnující pilodentální dysplázii a refrakční vady</Name>
                    <DisorderType id="21401">
                      <Name lang="cs">Malformační syndrom</Name>
                    </DisorderType>
                  </Disorder>
                  <ClassificationNodeChildList count="0">
                  </ClassificationNodeChildList>
                </ClassificationNode>
                <ClassificationNode>
                  <Disorder id="2625">
                    <OrphaCode>2899</OrphaCode>
                    <ExpertLink lang="cs">http://www.orpha.net/consor/cgi-bin/OC_Exp.php?lng=cs&amp;Expert=2899</ExpertLink>
                    <Name lang="cs">Syndrom zahrnující brachyolmii a amelogenesis imperfecta</Name>
                    <DisorderType id="21401">
                      <Name lang="cs">Malformační syndrom</Name>
                    </DisorderType>
                  </Disorder>
                  <ClassificationNodeChildList count="0">
                  </ClassificationNodeChildList>
                </ClassificationNode>
                <ClassificationNode>
                  <Disorder id="2634">
                    <OrphaCode>2916</OrphaCode>
                    <ExpertLink lang="cs">http://www.orpha.net/consor/cgi-bin/OC_Exp.php?lng=cs&amp;Expert=2916</ExpertLink>
                    <Name lang="cs">Syndrom zahrnující postaxiální polydaktylii a anomálie zubů a obratlů</Name>
                    <DisorderType id="21401">
                      <Name lang="cs">Malformační syndrom</Name>
                    </DisorderType>
                  </Disorder>
                  <ClassificationNodeChildList count="0">
                  </ClassificationNodeChildList>
                </ClassificationNode>
                <ClassificationNode>
                  <Disorder id="2678">
                    <OrphaCode>2972</OrphaCode>
                    <ExpertLink lang="cs">http://www.orpha.net/consor/cgi-bin/OC_Exp.php?lng=cs&amp;Expert=2972</ExpertLink>
                    <Name lang="cs">Syndrom zahrnující neprořezání zubů, hypoplázii horní čelisti a genu valgum</Name>
                    <DisorderType id="21401">
                      <Name lang="cs">Malformační syndrom</Name>
                    </DisorderType>
                  </Disorder>
                  <ClassificationNodeChildList count="0">
                  </ClassificationNodeChildList>
                </ClassificationNode>
                <ClassificationNode>
                  <Disorder id="2715">
                    <OrphaCode>3019</OrphaCode>
                    <ExpertLink lang="cs">http://www.orpha.net/consor/cgi-bin/OC_Exp.php?lng=cs&amp;Expert=3019</ExpertLink>
                    <Name lang="cs">Ramonův syndrom</Name>
                    <DisorderType id="21401">
                      <Name lang="cs">Malformační syndrom</Name>
                    </DisorderType>
                  </Disorder>
                  <ClassificationNodeChildList count="0">
                  </ClassificationNodeChildList>
                </ClassificationNode>
                <ClassificationNode>
                  <Disorder id="2856">
                    <OrphaCode>3184</OrphaCode>
                    <ExpertLink lang="cs">http://www.orpha.net/consor/cgi-bin/OC_Exp.php?lng=cs&amp;Expert=3184</ExpertLink>
                    <Name lang="cs">Syndrom zahrnující steatocystoma multiplex a natální zuby</Name>
                    <DisorderType id="21401">
                      <Name lang="cs">Malformační syndrom</Name>
                    </DisorderType>
                  </Disorder>
                  <ClassificationNodeChildList count="0">
                  </ClassificationNodeChildList>
                </ClassificationNode>
                <ClassificationNode>
                  <Disorder id="2877">
                    <OrphaCode>3220</OrphaCode>
                    <ExpertLink lang="cs">http://www.orpha.net/consor/cgi-bin/OC_Exp.php?lng=cs&amp;Expert=3220</ExpertLink>
                    <Name lang="cs">Syndrom zahrnující hluchotu, hypoplázii skloviny a defekty nehtů</Name>
                    <DisorderType id="21401">
                      <Name lang="cs">Malformační syndrom</Name>
                    </DisorderType>
                  </Disorder>
                  <ClassificationNodeChildList count="0">
                  </ClassificationNodeChildList>
                </ClassificationNode>
                <ClassificationNode>
                  <Disorder id="2890">
                    <OrphaCode>3230</OrphaCode>
                    <ExpertLink lang="cs">http://www.orpha.net/consor/cgi-bin/OC_Exp.php?lng=cs&amp;Expert=3230</ExpertLink>
                    <Name lang="cs">Syndrom zahrnující hluchotu a oligodoncii</Name>
                    <DisorderType id="21401">
                      <Name lang="cs">Malformační syndrom</Name>
                    </DisorderType>
                  </Disorder>
                  <ClassificationNodeChildList count="0">
                  </ClassificationNodeChildList>
                </ClassificationNode>
                <ClassificationNode>
                  <Disorder id="2970">
                    <OrphaCode>3351</OrphaCode>
                    <ExpertLink lang="cs">http://www.orpha.net/consor/cgi-bin/OC_Exp.php?lng=cs&amp;Expert=3351</ExpertLink>
                    <Name lang="cs">Trichodentální syndrom</Name>
                    <DisorderType id="21401">
                      <Name lang="cs">Malformační syndrom</Name>
                    </DisorderType>
                  </Disorder>
                  <ClassificationNodeChildList count="0">
                  </ClassificationNodeChildList>
                </ClassificationNode>
                <ClassificationNode>
                  <Disorder id="2971">
                    <OrphaCode>3352</OrphaCode>
                    <ExpertLink lang="cs">http://www.orpha.net/consor/cgi-bin/OC_Exp.php?lng=cs&amp;Expert=3352</ExpertLink>
                    <Name lang="cs">Tricho-dento-oseální syndrom</Name>
                    <DisorderType id="21401">
                      <Name lang="cs">Malformační syndrom</Name>
                    </DisorderType>
                  </Disorder>
                  <ClassificationNodeChildList count="0">
                  </ClassificationNodeChildList>
                </ClassificationNode>
                <ClassificationNode>
                  <Disorder id="2972">
                    <OrphaCode>3353</OrphaCode>
                    <ExpertLink lang="cs">http://www.orpha.net/consor/cgi-bin/OC_Exp.php?lng=cs&amp;Expert=3353</ExpertLink>
                    <Name lang="cs">Syndrom zahrnující trichodermodysplázii a dentální alteraci</Name>
                    <DisorderType id="21401">
                      <Name lang="cs">Malformační syndrom</Name>
                    </DisorderType>
                  </Disorder>
                  <ClassificationNodeChildList count="0">
                  </ClassificationNodeChildList>
                </ClassificationNode>
                <ClassificationNode>
                  <Disorder id="2974">
                    <OrphaCode>3355</OrphaCode>
                    <ExpertLink lang="cs">http://www.orpha.net/consor/cgi-bin/OC_Exp.php?lng=cs&amp;Expert=3355</ExpertLink>
                    <Name lang="cs">Trichoodontoonychiální dysplázie</Name>
                    <DisorderType id="21401">
                      <Name lang="cs">Malformační syndrom</Name>
                    </DisorderType>
                  </Disorder>
                  <ClassificationNodeChildList count="0">
                  </ClassificationNodeChildList>
                </ClassificationNode>
                <ClassificationNode>
                  <Disorder id="28333">
                    <OrphaCode>562559</OrphaCode>
                    <ExpertLink lang="cs">http://www.orpha.net/consor/cgi-bin/OC_Exp.php?lng=cs&amp;Expert=562559</ExpertLink>
                    <Name lang="en">Anterior maxillary protrusion-strabismus-intellectual disability syndrome</Name>
                    <DisorderType id="21401">
                      <Name lang="cs">Malformační syndrom</Name>
                    </DisorderType>
                  </Disorder>
                  <ClassificationNodeChildList count="0">
                  </ClassificationNodeChildList>
                </ClassificationNode>
                <ClassificationNode>
                  <Disorder id="3052">
                    <OrphaCode>3473</OrphaCode>
                    <ExpertLink lang="cs">http://www.orpha.net/consor/cgi-bin/OC_Exp.php?lng=cs&amp;Expert=3473</ExpertLink>
                    <Name lang="cs">Labandův-Zimmermannův syndrom</Name>
                    <DisorderType id="21401">
                      <Name lang="cs">Malformační syndrom</Name>
                    </DisorderType>
                  </Disorder>
                  <ClassificationNodeChildList count="0">
                  </ClassificationNodeChildList>
                </ClassificationNode>
                <ClassificationNode>
                  <Disorder id="12059">
                    <OrphaCode>90650</OrphaCode>
                    <ExpertLink lang="cs">http://www.orpha.net/consor/cgi-bin/OC_Exp.php?lng=cs&amp;Expert=90650</ExpertLink>
                    <Name lang="cs">Otopalatodigitální syndrom, typ 1</Name>
                    <DisorderType id="21401">
                      <Name lang="cs">Malformační syndrom</Name>
                    </DisorderType>
                  </Disorder>
                  <ClassificationNodeChildList count="0">
                  </ClassificationNodeChildList>
                </ClassificationNode>
                <ClassificationNode>
                  <Disorder id="10664">
                    <OrphaCode>50944</OrphaCode>
                    <ExpertLink lang="cs">http://www.orpha.net/consor/cgi-bin/OC_Exp.php?lng=cs&amp;Expert=50944</ExpertLink>
                    <Name lang="cs">Schöpfův-Schulzův-Passargův syndrom</Name>
                    <DisorderType id="21394">
                      <Name lang="cs">Onemocnění</Name>
                    </DisorderType>
                  </Disorder>
                  <ClassificationNodeChildList count="0">
                  </ClassificationNodeChildList>
                </ClassificationNode>
                <ClassificationNode>
                  <Disorder id="10916">
                    <OrphaCode>69082</OrphaCode>
                    <ExpertLink lang="cs">http://www.orpha.net/consor/cgi-bin/OC_Exp.php?lng=cs&amp;Expert=69082</ExpertLink>
                    <Name lang="cs">Odonto-tricho-ungvo-digito-palmární syndrom</Name>
                    <DisorderType id="21401">
                      <Name lang="cs">Malformační syndrom</Name>
                    </DisorderType>
                  </Disorder>
                  <ClassificationNodeChildList count="0">
                  </ClassificationNodeChildList>
                </ClassificationNode>
                <ClassificationNode>
                  <Disorder id="10917">
                    <OrphaCode>69083</OrphaCode>
                    <ExpertLink lang="cs">http://www.orpha.net/consor/cgi-bin/OC_Exp.php?lng=cs&amp;Expert=69083</ExpertLink>
                    <Name lang="cs">Turnpennyho typ ektodermální dysplázie s natálními zuby</Name>
                    <DisorderType id="21401">
                      <Name lang="cs">Malformační syndrom</Name>
                    </DisorderType>
                  </Disorder>
                  <ClassificationNodeChildList count="0">
                  </ClassificationNodeChildList>
                </ClassificationNode>
                <ClassificationNode>
                  <Disorder id="11156">
                    <OrphaCode>79129</OrphaCode>
                    <ExpertLink lang="cs">http://www.orpha.net/consor/cgi-bin/OC_Exp.php?lng=cs&amp;Expert=79129</ExpertLink>
                    <Name lang="cs">Syndrom zahrnující trichodysplázii a amelogenesis imperfecta</Name>
                    <DisorderType id="21401">
                      <Name lang="cs">Malformační syndrom</Name>
                    </DisorderType>
                  </Disorder>
                  <ClassificationNodeChildList count="0">
                  </ClassificationNodeChildList>
                </ClassificationNode>
                <ClassificationNode>
                  <Disorder id="14379">
                    <OrphaCode>99806</OrphaCode>
                    <ExpertLink lang="cs">http://www.orpha.net/consor/cgi-bin/OC_Exp.php?lng=cs&amp;Expert=99806</ExpertLink>
                    <Name lang="cs">Okulootodentální syndrom</Name>
                    <DisorderType id="21401">
                      <Name lang="cs">Malformační syndrom</Name>
                    </DisorderType>
                  </Disorder>
                  <ClassificationNodeChildList count="0">
                  </ClassificationNodeChildList>
                </ClassificationNode>
                <ClassificationNode>
                  <Disorder id="443">
                    <OrphaCode>1452</OrphaCode>
                    <ExpertLink lang="cs">http://www.orpha.net/consor/cgi-bin/OC_Exp.php?lng=cs&amp;Expert=1452</ExpertLink>
                    <Name lang="cs">Kleido-kraniální dysplázie</Name>
                    <DisorderType id="21401">
                      <Name lang="cs">Malformační syndrom</Name>
                    </DisorderType>
                  </Disorder>
                  <ClassificationNodeChildList count="0">
                  </ClassificationNodeChildList>
                </ClassificationNode>
                <ClassificationNode>
                  <Disorder id="12060">
                    <OrphaCode>90652</OrphaCode>
                    <ExpertLink lang="cs">http://www.orpha.net/consor/cgi-bin/OC_Exp.php?lng=cs&amp;Expert=90652</ExpertLink>
                    <Name lang="cs">Otopalatodigitální syndrom, typ 2</Name>
                    <DisorderType id="21401">
                      <Name lang="cs">Malformační syndrom</Name>
                    </DisorderType>
                  </Disorder>
                  <ClassificationNodeChildList count="0">
                  </ClassificationNodeChildList>
                </ClassificationNode>
                <ClassificationNode>
                  <Disorder id="18155">
                    <OrphaCode>180766</OrphaCode>
                    <ExpertLink lang="cs">http://www.orpha.net/consor/cgi-bin/OC_Exp.php?lng=cs&amp;Expert=180766</ExpertLink>
                    <Name lang="cs">Malformační syndrom s dentinogenesis imperfecta</Name>
                    <DisorderType id="36561">
                      <Name lang="cs">Kategorie</Name>
                    </DisorderType>
                  </Disorder>
                  <ClassificationNodeChildList count="4">
                    <ClassificationNode>
                      <Disorder id="1812">
                        <OrphaCode>1830</OrphaCode>
                        <ExpertLink lang="cs">http://www.orpha.net/consor/cgi-bin/OC_Exp.php?lng=cs&amp;Expert=1830</ExpertLink>
                        <Name lang="cs">Schimkeho imunooseální dysplázie</Name>
                        <DisorderType id="21394">
                          <Name lang="cs">Onemocnění</Name>
                        </DisorderType>
                      </Disorder>
                      <ClassificationNodeChildList count="0">
                      </ClassificationNodeChildList>
                    </ClassificationNode>
                    <ClassificationNode>
                      <Disorder id="10989">
                        <OrphaCode>71267</OrphaCode>
                        <ExpertLink lang="cs">http://www.orpha.net/consor/cgi-bin/OC_Exp.php?lng=cs&amp;Expert=71267</ExpertLink>
                        <Name lang="cs">Syndrom zahrnující dentinogenesis imperfecta, malý vzrůst, ztrátu sluchu a mentální postižení</Name>
                        <DisorderType id="21401">
                          <Name lang="cs">Malformační syndrom</Name>
                        </DisorderType>
                      </Disorder>
                      <ClassificationNodeChildList count="0">
                      </ClassificationNodeChildList>
                    </ClassificationNode>
                    <ClassificationNode>
                      <Disorder id="17626">
                        <OrphaCode>166272</OrphaCode>
                        <ExpertLink lang="cs">http://www.orpha.net/consor/cgi-bin/OC_Exp.php?lng=cs&amp;Expert=166272</ExpertLink>
                        <Name lang="cs">Goldblattův syndrom</Name>
                        <DisorderType id="21401">
                          <Name lang="cs">Malformační syndrom</Name>
                        </DisorderType>
                      </Disorder>
                      <ClassificationNodeChildList count="0">
                      </ClassificationNodeChildList>
                    </ClassificationNode>
                    <ClassificationNode>
                      <Disorder id="17627">
                        <OrphaCode>166277</OrphaCode>
                        <ExpertLink lang="cs">http://www.orpha.net/consor/cgi-bin/OC_Exp.php?lng=cs&amp;Expert=166277</ExpertLink>
                        <Name lang="cs">Kostní dysplázie s wormiánskými kůstkami, mnohočetnými zlomeninami a dentinogenesis imperfecta</Name>
                        <DisorderType id="21401">
                          <Name lang="cs">Malformační syndrom</Name>
                        </DisorderType>
                      </Disorder>
                      <ClassificationNodeChildList count="0">
                      </ClassificationNodeChildList>
                    </ClassificationNode>
                  </ClassificationNodeChildList>
                </ClassificationNode>
                <ClassificationNode>
                  <Disorder id="20578">
                    <OrphaCode>284149</OrphaCode>
                    <ExpertLink lang="cs">http://www.orpha.net/consor/cgi-bin/OC_Exp.php?lng=cs&amp;Expert=284149</ExpertLink>
                    <Name lang="cs">Kraniosynostóza a anomálie zubů</Name>
                    <DisorderType id="21401">
                      <Name lang="cs">Malformační syndrom</Name>
                    </DisorderType>
                  </Disorder>
                  <ClassificationNodeChildList count="0">
                  </ClassificationNodeChildList>
                </ClassificationNode>
                <ClassificationNode>
                  <Disorder id="21134">
                    <OrphaCode>300576</OrphaCode>
                    <ExpertLink lang="cs">http://www.orpha.net/consor/cgi-bin/OC_Exp.php?lng=cs&amp;Expert=300576</ExpertLink>
                    <Name lang="cs">Syndrom zahrnující oligodontii a predispozici k nádorům</Name>
                    <DisorderType id="21394">
                      <Name lang="cs">Onemocnění</Name>
                    </DisorderType>
                  </Disorder>
                  <ClassificationNodeChildList count="0">
                  </ClassificationNodeChildList>
                </ClassificationNode>
                <ClassificationNode>
                  <Disorder id="21283">
                    <OrphaCode>307766</OrphaCode>
                    <ExpertLink lang="cs">http://www.orpha.net/consor/cgi-bin/OC_Exp.php?lng=cs&amp;Expert=307766</ExpertLink>
                    <Name lang="cs">Syndrom zahrnující kudrnaté vlasy, akrální keratoderma a zubní kaz</Name>
                    <DisorderType id="21394">
                      <Name lang="cs">Onemocnění</Name>
                    </DisorderType>
                  </Disorder>
                  <ClassificationNodeChildList count="0">
                  </ClassificationNodeChildList>
                </ClassificationNode>
                <ClassificationNode>
                  <Disorder id="21289">
                    <OrphaCode>307936</OrphaCode>
                    <ExpertLink lang="cs">http://www.orpha.net/consor/cgi-bin/OC_Exp.php?lng=cs&amp;Expert=307936</ExpertLink>
                    <Name lang="cs">Syndrom zahrnující hypotrichózu, osteolýzu, periodontitis a palmoplantární keratoderma</Name>
                    <DisorderType id="21394">
                      <Name lang="cs">Onemocnění</Name>
                    </DisorderType>
                  </Disorder>
                  <ClassificationNodeChildList count="0">
                  </ClassificationNodeChildList>
                </ClassificationNode>
                <ClassificationNode>
                  <Disorder id="22298">
                    <OrphaCode>363417</OrphaCode>
                    <ExpertLink lang="cs">http://www.orpha.net/consor/cgi-bin/OC_Exp.php?lng=cs&amp;Expert=363417</ExpertLink>
                    <Name lang="cs">Temtamyové syndrom preaxiální brachydaktylie</Name>
                    <DisorderType id="21401">
                      <Name lang="cs">Malformační syndrom</Name>
                    </DisorderType>
                  </Disorder>
                  <ClassificationNodeChildList count="0">
                  </ClassificationNodeChildList>
                </ClassificationNode>
                <ClassificationNode>
                  <Disorder id="29437">
                    <OrphaCode>589608</OrphaCode>
                    <ExpertLink lang="cs">http://www.orpha.net/consor/cgi-bin/OC_Exp.php?lng=cs&amp;Expert=589608</ExpertLink>
                    <Name lang="en">Linear hypopigmentation and craniofacial asymmetry with acral, ocular and brain anomalies</Name>
                    <DisorderType id="21394">
                      <Name lang="cs">Onemocnění</Name>
                    </DisorderType>
                  </Disorder>
                  <ClassificationNodeChildList count="0">
                  </ClassificationNodeChildList>
                </ClassificationNode>
                <ClassificationNode>
                  <Disorder id="29879">
                    <OrphaCode>598603</OrphaCode>
                    <ExpertLink lang="cs">http://www.orpha.net/consor/cgi-bin/OC_Exp.php?lng=cs&amp;Expert=598603</ExpertLink>
                    <Name lang="en">Facial dysmorphism-hypertrichosis-epilepsy-intellectual disability/developmental delay-gingival overgrowth syndrome</Name>
                    <DisorderType id="21401">
                      <Name lang="cs">Malformační syndrom</Name>
                    </DisorderType>
                  </Disorder>
                  <ClassificationNodeChildList count="0">
                  </ClassificationNodeChildList>
                </ClassificationNode>
              </ClassificationNodeChildList>
            </ClassificationNode>
            <ClassificationNode>
              <Disorder id="17563">
                <OrphaCode>164001</OrphaCode>
                <ExpertLink lang="cs">http://www.orpha.net/consor/cgi-bin/OC_Exp.php?lng=cs&amp;Expert=164001</ExpertLink>
                <Name lang="cs">Vzácné odontální a periodontální poruchy</Name>
                <DisorderType id="36561">
                  <Name lang="cs">Kategorie</Name>
                </DisorderType>
              </Disorder>
              <ClassificationNodeChildList count="12">
                <ClassificationNode>
                  <Disorder id="1371">
                    <OrphaCode>1077</OrphaCode>
                    <ExpertLink lang="cs">http://www.orpha.net/consor/cgi-bin/OC_Exp.php?lng=cs&amp;Expert=1077</ExpertLink>
                    <Name lang="cs">Zubní ankylóza</Name>
                    <DisorderType id="21401">
                      <Name lang="cs">Malformační syndrom</Name>
                    </DisorderType>
                  </Disorder>
                  <ClassificationNodeChildList count="0">
                  </ClassificationNodeChildList>
                </ClassificationNode>
                <ClassificationNode>
                  <Disorder id="1955">
                    <OrphaCode>2024</OrphaCode>
                    <ExpertLink lang="cs">http://www.orpha.net/consor/cgi-bin/OC_Exp.php?lng=cs&amp;Expert=2024</ExpertLink>
                    <Name lang="cs">Hereditární fibromatóza gingivy</Name>
                    <DisorderType id="21401">
                      <Name lang="cs">Malformační syndrom</Name>
                    </DisorderType>
                  </Disorder>
                  <ClassificationNodeChildList count="0">
                  </ClassificationNodeChildList>
                </ClassificationNode>
                <ClassificationNode>
                  <Disorder id="2154">
                    <OrphaCode>2287</OrphaCode>
                    <ExpertLink lang="cs">http://www.orpha.net/consor/cgi-bin/OC_Exp.php?lng=cs&amp;Expert=2287</ExpertLink>
                    <Name lang="cs">Spojené řezáky dolní čelisti</Name>
                    <DisorderType id="21415">
                      <Name lang="cs">Morfologická anomálie</Name>
                    </DisorderType>
                  </Disorder>
                  <ClassificationNodeChildList count="0">
                  </ClassificationNodeChildList>
                </ClassificationNode>
                <ClassificationNode>
                  <Disorder id="10900">
                    <OrphaCode>67039</OrphaCode>
                    <ExpertLink lang="cs">http://www.orpha.net/consor/cgi-bin/OC_Exp.php?lng=cs&amp;Expert=67039</ExpertLink>
                    <Name lang="cs">Segmentální odontomaxilární dysplázie</Name>
                    <DisorderType id="21394">
                      <Name lang="cs">Onemocnění</Name>
                    </DisorderType>
                  </Disorder>
                  <ClassificationNodeChildList count="0">
                  </ClassificationNodeChildList>
                </ClassificationNode>
                <ClassificationNode>
                  <Disorder id="11569">
                    <OrphaCode>83450</OrphaCode>
                    <ExpertLink lang="cs">http://www.orpha.net/consor/cgi-bin/OC_Exp.php?lng=cs&amp;Expert=83450</ExpertLink>
                    <Name lang="cs">Regionální odontodysplázie</Name>
                    <DisorderType id="21394">
                      <Name lang="cs">Onemocnění</Name>
                    </DisorderType>
                  </Disorder>
                  <ClassificationNodeChildList count="0">
                  </ClassificationNodeChildList>
                </ClassificationNode>
                <ClassificationNode>
                  <Disorder id="11570">
                    <OrphaCode>83451</OrphaCode>
                    <ExpertLink lang="cs">http://www.orpha.net/consor/cgi-bin/OC_Exp.php?lng=cs&amp;Expert=83451</ExpertLink>
                    <Name lang="cs">Floridní cemento-kostní dysplázie</Name>
                    <DisorderType id="21394">
                      <Name lang="cs">Onemocnění</Name>
                    </DisorderType>
                  </Disorder>
                  <ClassificationNodeChildList count="0">
                  </ClassificationNodeChildList>
                </ClassificationNode>
                <ClassificationNode>
                  <Disorder id="11823">
                    <OrphaCode>88661</OrphaCode>
                    <ExpertLink lang="cs">http://www.orpha.net/consor/cgi-bin/OC_Exp.php?lng=cs&amp;Expert=88661</ExpertLink>
                    <Name lang="cs">Amelogenesis imperfecta</Name>
                    <DisorderType id="21394">
                      <Name lang="cs">Onemocnění</Name>
                    </DisorderType>
                  </Disorder>
                  <ClassificationNodeChildList count="4">
                    <ClassificationNode>
                      <Disorder id="14604">
                        <OrphaCode>100031</OrphaCode>
                        <ExpertLink lang="cs">http://www.orpha.net/consor/cgi-bin/OC_Exp.php?lng=cs&amp;Expert=100031</ExpertLink>
                        <Name lang="cs">Hypoplastická amelogenesis imperfecta</Name>
                        <DisorderType id="21450">
                          <Name lang="cs">Klinický podtyp</Name>
                        </DisorderType>
                      </Disorder>
                      <ClassificationNodeChildList count="0">
                      </ClassificationNodeChildList>
                    </ClassificationNode>
                    <ClassificationNode>
                      <Disorder id="14605">
                        <OrphaCode>100032</OrphaCode>
                        <ExpertLink lang="cs">http://www.orpha.net/consor/cgi-bin/OC_Exp.php?lng=cs&amp;Expert=100032</ExpertLink>
                        <Name lang="cs">Hypokalficikovaná amelogenesis imperfecta</Name>
                        <DisorderType id="21450">
                          <Name lang="cs">Klinický podtyp</Name>
                        </DisorderType>
                      </Disorder>
                      <ClassificationNodeChildList count="0">
                      </ClassificationNodeChildList>
                    </ClassificationNode>
                    <ClassificationNode>
                      <Disorder id="14606">
                        <OrphaCode>100033</OrphaCode>
                        <ExpertLink lang="cs">http://www.orpha.net/consor/cgi-bin/OC_Exp.php?lng=cs&amp;Expert=100033</ExpertLink>
                        <Name lang="cs">Hypomaturační forma amelogenesis imperfecta</Name>
                        <DisorderType id="21450">
                          <Name lang="cs">Klinický podtyp</Name>
                        </DisorderType>
                      </Disorder>
                      <ClassificationNodeChildList count="0">
                      </ClassificationNodeChildList>
                    </ClassificationNode>
                    <ClassificationNode>
                      <Disorder id="14607">
                        <OrphaCode>100034</OrphaCode>
                        <ExpertLink lang="cs">http://www.orpha.net/consor/cgi-bin/OC_Exp.php?lng=cs&amp;Expert=100034</ExpertLink>
                        <Name lang="cs">Hypomaturačně-hypoplastická amelogenesis imperfecta s taurodontismem</Name>
                        <DisorderType id="21450">
                          <Name lang="cs">Klinický podtyp</Name>
                        </DisorderType>
                      </Disorder>
                      <ClassificationNodeChildList count="0">
                      </ClassificationNodeChildList>
                    </ClassificationNode>
                  </ClassificationNodeChildList>
                </ClassificationNode>
                <ClassificationNode>
                  <Disorder id="14370">
                    <OrphaCode>99797</OrphaCode>
                    <ExpertLink lang="cs">http://www.orpha.net/consor/cgi-bin/OC_Exp.php?lng=cs&amp;Expert=99797</ExpertLink>
                    <Name lang="cs">Anodoncie</Name>
                    <DisorderType id="21415">
                      <Name lang="cs">Morfologická anomálie</Name>
                    </DisorderType>
                  </Disorder>
                  <ClassificationNodeChildList count="0">
                  </ClassificationNodeChildList>
                </ClassificationNode>
                <ClassificationNode>
                  <Disorder id="14371">
                    <OrphaCode>99798</OrphaCode>
                    <ExpertLink lang="cs">http://www.orpha.net/consor/cgi-bin/OC_Exp.php?lng=cs&amp;Expert=99798</ExpertLink>
                    <Name lang="cs">Oligodoncie</Name>
                    <DisorderType id="21415">
                      <Name lang="cs">Morfologická anomálie</Name>
                    </DisorderType>
                  </Disorder>
                  <ClassificationNodeChildList count="0">
                  </ClassificationNodeChildList>
                </ClassificationNode>
                <ClassificationNode>
                  <Disorder id="17686">
                    <OrphaCode>167759</OrphaCode>
                    <ExpertLink lang="cs">http://www.orpha.net/consor/cgi-bin/OC_Exp.php?lng=cs&amp;Expert=167759</ExpertLink>
                    <Name lang="cs">Vrozené vady dentinu</Name>
                    <DisorderType id="36561">
                      <Name lang="cs">Kategorie</Name>
                    </DisorderType>
                  </Disorder>
                  <ClassificationNodeChildList count="2">
                    <ClassificationNode>
                      <Disorder id="1743">
                        <OrphaCode>1653</OrphaCode>
                        <ExpertLink lang="cs">http://www.orpha.net/consor/cgi-bin/OC_Exp.php?lng=cs&amp;Expert=1653</ExpertLink>
                        <Name lang="cs">Dysplázie dentinu</Name>
                        <DisorderType id="21394">
                          <Name lang="cs">Onemocnění</Name>
                        </DisorderType>
                      </Disorder>
                      <ClassificationNodeChildList count="3">
                        <ClassificationNode>
                          <Disorder id="14362">
                            <OrphaCode>99789</OrphaCode>
                            <ExpertLink lang="cs">http://www.orpha.net/consor/cgi-bin/OC_Exp.php?lng=cs&amp;Expert=99789</ExpertLink>
                            <Name lang="cs">Dentinová dysplázie, typ I</Name>
                            <DisorderType id="21450">
                              <Name lang="cs">Klinický podtyp</Name>
                            </DisorderType>
                          </Disorder>
                          <ClassificationNodeChildList count="0">
                          </ClassificationNodeChildList>
                        </ClassificationNode>
                        <ClassificationNode>
                          <Disorder id="14364">
                            <OrphaCode>99791</OrphaCode>
                            <ExpertLink lang="cs">http://www.orpha.net/consor/cgi-bin/OC_Exp.php?lng=cs&amp;Expert=99791</ExpertLink>
                            <Name lang="cs">Dentinová dysplázie, typ II</Name>
                            <DisorderType id="21450">
                              <Name lang="cs">Klinický podtyp</Name>
                            </DisorderType>
                          </Disorder>
                          <ClassificationNodeChildList count="0">
                          </ClassificationNodeChildList>
                        </ClassificationNode>
                        <ClassificationNode>
                          <Disorder id="21521">
                            <OrphaCode>314721</OrphaCode>
                            <ExpertLink lang="cs">http://www.orpha.net/consor/cgi-bin/OC_Exp.php?lng=cs&amp;Expert=314721</ExpertLink>
                            <Name lang="cs">Atypická dysplázie dentinu způsobená deficitem SMOC2</Name>
                            <DisorderType id="21450">
                              <Name lang="cs">Klinický podtyp</Name>
                            </DisorderType>
                          </Disorder>
                          <ClassificationNodeChildList count="0">
                          </ClassificationNodeChildList>
                        </ClassificationNode>
                      </ClassificationNodeChildList>
                    </ClassificationNode>
                    <ClassificationNode>
                      <Disorder id="10638">
                        <OrphaCode>49042</OrphaCode>
                        <ExpertLink lang="cs">http://www.orpha.net/consor/cgi-bin/OC_Exp.php?lng=cs&amp;Expert=49042</ExpertLink>
                        <Name lang="cs">Dentinogenesis imperfecta</Name>
                        <DisorderType id="21394">
                          <Name lang="cs">Onemocnění</Name>
                        </DisorderType>
                      </Disorder>
                      <ClassificationNodeChildList count="2">
                        <ClassificationNode>
                          <Disorder id="17624">
                            <OrphaCode>166260</OrphaCode>
                            <ExpertLink lang="cs">http://www.orpha.net/consor/cgi-bin/OC_Exp.php?lng=cs&amp;Expert=166260</ExpertLink>
                            <Name lang="cs">Dentinogenesis imperfecta, typ 2</Name>
                            <DisorderType id="21450">
                              <Name lang="cs">Klinický podtyp</Name>
                            </DisorderType>
                          </Disorder>
                          <ClassificationNodeChildList count="0">
                          </ClassificationNodeChildList>
                        </ClassificationNode>
                        <ClassificationNode>
                          <Disorder id="17625">
                            <OrphaCode>166265</OrphaCode>
                            <ExpertLink lang="cs">http://www.orpha.net/consor/cgi-bin/OC_Exp.php?lng=cs&amp;Expert=166265</ExpertLink>
                            <Name lang="cs">Dentinogenesis imperfecta, typ 3</Name>
                            <DisorderType id="21450">
                              <Name lang="cs">Klinický podtyp</Name>
                            </DisorderType>
                          </Disorder>
                          <ClassificationNodeChildList count="0">
                          </ClassificationNodeChildList>
                        </ClassificationNode>
                      </ClassificationNodeChildList>
                    </ClassificationNode>
                  </ClassificationNodeChildList>
                </ClassificationNode>
                <ClassificationNode>
                  <Disorder id="23046">
                    <OrphaCode>412206</OrphaCode>
                    <ExpertLink lang="cs">http://www.orpha.net/consor/cgi-bin/OC_Exp.php?lng=cs&amp;Expert=412206</ExpertLink>
                    <Name lang="cs">Primární retence zubů</Name>
                    <DisorderType id="21394">
                      <Name lang="cs">Onemocnění</Name>
                    </DisorderType>
                  </Disorder>
                  <ClassificationNodeChildList count="0">
                  </ClassificationNodeChildList>
                </ClassificationNode>
                <ClassificationNode>
                  <Disorder id="23478">
                    <OrphaCode>444072</OrphaCode>
                    <ExpertLink lang="cs">http://www.orpha.net/consor/cgi-bin/OC_Exp.php?lng=cs&amp;Expert=444072</ExpertLink>
                    <Name lang="cs">Cerebelofaciodentální syndrom</Name>
                    <DisorderType id="21401">
                      <Name lang="cs">Malformační syndrom</Name>
                    </DisorderType>
                  </Disorder>
                  <ClassificationNodeChildList count="0">
                  </ClassificationNodeChildList>
                </ClassificationNode>
              </ClassificationNodeChildList>
            </ClassificationNode>
            <ClassificationNode>
              <Disorder id="21485">
                <OrphaCode>314425</OrphaCode>
                <ExpertLink lang="cs">http://www.orpha.net/consor/cgi-bin/OC_Exp.php?lng=cs&amp;Expert=314425</ExpertLink>
                <Name lang="cs">Vzácné odontogenní nádory</Name>
                <DisorderType id="36561">
                  <Name lang="cs">Kategorie</Name>
                </DisorderType>
              </Disorder>
              <ClassificationNodeChildList count="3">
                <ClassificationNode>
                  <Disorder id="21483">
                    <OrphaCode>314419</OrphaCode>
                    <ExpertLink lang="cs">http://www.orpha.net/consor/cgi-bin/OC_Exp.php?lng=cs&amp;Expert=314419</ExpertLink>
                    <Name lang="cs">Ameloblastom</Name>
                    <DisorderType id="21394">
                      <Name lang="cs">Onemocnění</Name>
                    </DisorderType>
                  </Disorder>
                  <ClassificationNodeChildList count="0">
                  </ClassificationNodeChildList>
                </ClassificationNode>
                <ClassificationNode>
                  <Disorder id="21484">
                    <OrphaCode>314422</OrphaCode>
                    <ExpertLink lang="cs">http://www.orpha.net/consor/cgi-bin/OC_Exp.php?lng=cs&amp;Expert=314422</ExpertLink>
                    <Name lang="cs">Ameloblastický karcinom</Name>
                    <DisorderType id="21394">
                      <Name lang="cs">Onemocnění</Name>
                    </DisorderType>
                  </Disorder>
                  <ClassificationNodeChildList count="0">
                  </ClassificationNodeChildList>
                </ClassificationNode>
                <ClassificationNode>
                  <Disorder id="23542">
                    <OrphaCode>447777</OrphaCode>
                    <ExpertLink lang="cs">http://www.orpha.net/consor/cgi-bin/OC_Exp.php?lng=cs&amp;Expert=447777</ExpertLink>
                    <Name lang="cs">Keratocystický odontogenní tumor</Name>
                    <DisorderType id="21394">
                      <Name lang="cs">Onemocnění</Name>
                    </DisorderType>
                  </Disorder>
                  <ClassificationNodeChildList count="0">
                  </ClassificationNodeChildList>
                </ClassificationNode>
              </ClassificationNodeChildList>
            </ClassificationNode>
          </ClassificationNodeChildList>
        </ClassificationNode>
      </ClassificationNodeRootList>
    </Classification>
  </ClassificationList>
</JDBOR>
