<?xml version="1.0" encoding="UTF-8"?>
<JDBOR date="2023-06-21 18:12:22" version="1.3.25 / 4.1.7 [2023-04-17] (orientdb version)" copyright="Orphanet (c) 2023" dbserver="jdbc:sybase:Tds:canard.orpha.net:2020">
  <Availability> 
    <Licence>
      <FullName lang="en">Creative Commons Attribution 4.0 International</FullName>
      <ShortIdentifier>CC-BY-4.0</ShortIdentifier>
      <LegalCode>https://creativecommons.org/licenses/by/4.0/legalcode</LegalCode>
    </Licence>
  </Availability>
  <ClassificationList count="1">
    <Classification id="216">
      <OrphaNumber>168923</OrphaNumber>
      <Name lang="pl">Klasyfikacja Orphanetu rzadkich zaburzeń teratologicznych</Name>
      <ClassificationNodeRootList count="1">
        <ClassificationNode>
          <Disorder id="10701">
            <OrphaCode>52662</OrphaCode>
            <ExpertLink lang="pl">http://www.orpha.net/consor/cgi-bin/OC_Exp.php?lng=pl&amp;Expert=52662</ExpertLink>
            <Name lang="pl">Rzadkie choroby teratologiczne</Name>
            <DisorderType id="36561">
              <Name lang="pl">Kategoria</Name>
            </DisorderType>
          </Disorder>
          <ClassificationNodeChildList count="3">
            <ClassificationNode>
              <Disorder id="19217">
                <OrphaCode>232035</OrphaCode>
                <ExpertLink lang="pl">http://www.orpha.net/consor/cgi-bin/OC_Exp.php?lng=pl&amp;Expert=232035</ExpertLink>
                <Name lang="pl">Embriofetopatia zakaźna</Name>
                <DisorderType id="36561">
                  <Name lang="pl">Kategoria</Name>
                </DisorderType>
              </Disorder>
              <ClassificationNodeChildList count="9">
                <ClassificationNode>
                  <Disorder id="488">
                    <OrphaCode>295</OrphaCode>
                    <ExpertLink lang="pl">http://www.orpha.net/consor/cgi-bin/OC_Exp.php?lng=pl&amp;Expert=295</ExpertLink>
                    <Name lang="pl">Parwowirusowy zespół płodu</Name>
                    <DisorderType id="21401">
                      <Name lang="pl">Zespół wad wrodzonych</Name>
                    </DisorderType>
                  </Disorder>
                  <ClassificationNodeChildList count="0">
                  </ClassificationNodeChildList>
                </ClassificationNode>
                <ClassificationNode>
                  <Disorder id="575">
                    <OrphaCode>290</OrphaCode>
                    <ExpertLink lang="pl">http://www.orpha.net/consor/cgi-bin/OC_Exp.php?lng=pl&amp;Expert=290</ExpertLink>
                    <Name lang="pl">Różyczka wrodzona</Name>
                    <DisorderType id="21394">
                      <Name lang="pl">Choroba</Name>
                    </DisorderType>
                  </Disorder>
                  <ClassificationNodeChildList count="0">
                  </ClassificationNodeChildList>
                </ClassificationNode>
                <ClassificationNode>
                  <Disorder id="596">
                    <OrphaCode>858</OrphaCode>
                    <ExpertLink lang="pl">http://www.orpha.net/consor/cgi-bin/OC_Exp.php?lng=pl&amp;Expert=858</ExpertLink>
                    <Name lang="pl">Toksoplazmoza wrodzona</Name>
                    <DisorderType id="21394">
                      <Name lang="pl">Choroba</Name>
                    </DisorderType>
                  </Disorder>
                  <ClassificationNodeChildList count="0">
                  </ClassificationNodeChildList>
                </ClassificationNode>
                <ClassificationNode>
                  <Disorder id="602">
                    <OrphaCode>291</OrphaCode>
                    <ExpertLink lang="pl">http://www.orpha.net/consor/cgi-bin/OC_Exp.php?lng=pl&amp;Expert=291</ExpertLink>
                    <Name lang="pl">Zespół wrodzonej ospy wietrznej</Name>
                    <DisorderType id="21394">
                      <Name lang="pl">Choroba</Name>
                    </DisorderType>
                  </Disorder>
                  <ClassificationNodeChildList count="0">
                  </ClassificationNodeChildList>
                </ClassificationNode>
                <ClassificationNode>
                  <Disorder id="804">
                    <OrphaCode>293</OrphaCode>
                    <ExpertLink lang="pl">http://www.orpha.net/consor/cgi-bin/OC_Exp.php?lng=pl&amp;Expert=293</ExpertLink>
                    <Name lang="pl">Wrodzone zakażenie herpeswirusowe</Name>
                    <DisorderType id="21394">
                      <Name lang="pl">Choroba</Name>
                    </DisorderType>
                  </Disorder>
                  <ClassificationNodeChildList count="0">
                  </ClassificationNodeChildList>
                </ClassificationNode>
                <ClassificationNode>
                  <Disorder id="1878">
                    <OrphaCode>294</OrphaCode>
                    <ExpertLink lang="pl">http://www.orpha.net/consor/cgi-bin/OC_Exp.php?lng=pl&amp;Expert=294</ExpertLink>
                    <Name lang="pl">Zespół cytomegalii płodu</Name>
                    <DisorderType id="21394">
                      <Name lang="pl">Choroba</Name>
                    </DisorderType>
                  </Disorder>
                  <ClassificationNodeChildList count="0">
                  </ClassificationNodeChildList>
                </ClassificationNode>
                <ClassificationNode>
                  <Disorder id="3402">
                    <OrphaCode>292</OrphaCode>
                    <ExpertLink lang="pl">http://www.orpha.net/consor/cgi-bin/OC_Exp.php?lng=pl&amp;Expert=292</ExpertLink>
                    <Name lang="pl">Wrodzone zakażenie enterowirusem</Name>
                    <DisorderType id="21394">
                      <Name lang="pl">Choroba</Name>
                    </DisorderType>
                  </Disorder>
                  <ClassificationNodeChildList count="0">
                  </ClassificationNodeChildList>
                </ClassificationNode>
                <ClassificationNode>
                  <Disorder id="10967">
                    <OrphaCode>70596</OrphaCode>
                    <ExpertLink lang="pl">http://www.orpha.net/consor/cgi-bin/OC_Exp.php?lng=pl&amp;Expert=70596</ExpertLink>
                    <Name lang="pl">Wrodzone zakażenie wirusem Epsteina-Barra</Name>
                    <DisorderType id="21394">
                      <Name lang="pl">Choroba</Name>
                    </DisorderType>
                  </Disorder>
                  <ClassificationNodeChildList count="0">
                  </ClassificationNodeChildList>
                </ClassificationNode>
                <ClassificationNode>
                  <Disorder id="25941">
                    <OrphaCode>499009</OrphaCode>
                    <ExpertLink lang="pl">http://www.orpha.net/consor/cgi-bin/OC_Exp.php?lng=pl&amp;Expert=499009</ExpertLink>
                    <Name lang="pl">Kiła wrodzona</Name>
                    <DisorderType id="21394">
                      <Name lang="pl">Choroba</Name>
                    </DisorderType>
                  </Disorder>
                  <ClassificationNodeChildList count="0">
                  </ClassificationNodeChildList>
                </ClassificationNode>
              </ClassificationNodeChildList>
            </ClassificationNode>
            <ClassificationNode>
              <Disorder id="19645">
                <OrphaCode>251529</OrphaCode>
                <ExpertLink lang="pl">http://www.orpha.net/consor/cgi-bin/OC_Exp.php?lng=pl&amp;Expert=251529</ExpertLink>
                <Name lang="pl">Embriofetopatia związana z zatruciem lub lekiem</Name>
                <DisorderType id="36561">
                  <Name lang="pl">Kategoria</Name>
                </DisorderType>
              </Disorder>
              <ClassificationNodeChildList count="17">
                <ClassificationNode>
                  <Disorder id="25307">
                    <OrphaCode>485358</OrphaCode>
                    <ExpertLink lang="pl">http://www.orpha.net/consor/cgi-bin/OC_Exp.php?lng=pl&amp;Expert=485358</ExpertLink>
                    <Name lang="pl">Embriofetopatia spowodowana propylotiouracylem</Name>
                    <DisorderType id="21401">
                      <Name lang="pl">Zespół wad wrodzonych</Name>
                    </DisorderType>
                  </Disorder>
                  <ClassificationNodeChildList count="0">
                  </ClassificationNodeChildList>
                </ClassificationNode>
                <ClassificationNode>
                  <Disorder id="487">
                    <OrphaCode>1915</OrphaCode>
                    <ExpertLink lang="pl">http://www.orpha.net/consor/cgi-bin/OC_Exp.php?lng=pl&amp;Expert=1915</ExpertLink>
                    <Name lang="pl">Alkoholowy zespół płodu</Name>
                    <DisorderType id="21401">
                      <Name lang="pl">Zespół wad wrodzonych</Name>
                    </DisorderType>
                  </Disorder>
                  <ClassificationNodeChildList count="0">
                  </ClassificationNodeChildList>
                </ClassificationNode>
                <ClassificationNode>
                  <Disorder id="1870">
                    <OrphaCode>1908</OrphaCode>
                    <ExpertLink lang="pl">http://www.orpha.net/consor/cgi-bin/OC_Exp.php?lng=pl&amp;Expert=1908</ExpertLink>
                    <Name lang="pl">Embriofetopatia aminopterynowa/metotreksatowa</Name>
                    <DisorderType id="21401">
                      <Name lang="pl">Zespół wad wrodzonych</Name>
                    </DisorderType>
                  </Disorder>
                  <ClassificationNodeChildList count="0">
                  </ClassificationNodeChildList>
                </ClassificationNode>
                <ClassificationNode>
                  <Disorder id="1871">
                    <OrphaCode>1909</OrphaCode>
                    <ExpertLink lang="pl">http://www.orpha.net/consor/cgi-bin/OC_Exp.php?lng=pl&amp;Expert=1909</ExpertLink>
                    <Name lang="pl">Embriofetopatia indometacynowa</Name>
                    <DisorderType id="21401">
                      <Name lang="pl">Zespół wad wrodzonych</Name>
                    </DisorderType>
                  </Disorder>
                  <ClassificationNodeChildList count="0">
                  </ClassificationNodeChildList>
                </ClassificationNode>
                <ClassificationNode>
                  <Disorder id="1872">
                    <OrphaCode>1910</OrphaCode>
                    <ExpertLink lang="pl">http://www.orpha.net/consor/cgi-bin/OC_Exp.php?lng=pl&amp;Expert=1910</ExpertLink>
                    <Name lang="pl">Płodowy zespół jodowy</Name>
                    <DisorderType id="21401">
                      <Name lang="pl">Zespół wad wrodzonych</Name>
                    </DisorderType>
                  </Disorder>
                  <ClassificationNodeChildList count="0">
                  </ClassificationNodeChildList>
                </ClassificationNode>
                <ClassificationNode>
                  <Disorder id="1873">
                    <OrphaCode>1911</OrphaCode>
                    <ExpertLink lang="pl">http://www.orpha.net/consor/cgi-bin/OC_Exp.php?lng=pl&amp;Expert=1911</ExpertLink>
                    <Name lang="pl">Embriofetopatia kokainowa</Name>
                    <DisorderType id="21401">
                      <Name lang="pl">Zespół wad wrodzonych</Name>
                    </DisorderType>
                  </Disorder>
                  <ClassificationNodeChildList count="0">
                  </ClassificationNodeChildList>
                </ClassificationNode>
                <ClassificationNode>
                  <Disorder id="1874">
                    <OrphaCode>1918</OrphaCode>
                    <ExpertLink lang="pl">http://www.orpha.net/consor/cgi-bin/OC_Exp.php?lng=pl&amp;Expert=1918</ExpertLink>
                    <Name lang="pl">Płodowy zespół minoksydylowy</Name>
                    <DisorderType id="21401">
                      <Name lang="pl">Zespół wad wrodzonych</Name>
                    </DisorderType>
                  </Disorder>
                  <ClassificationNodeChildList count="0">
                  </ClassificationNodeChildList>
                </ClassificationNode>
                <ClassificationNode>
                  <Disorder id="1877">
                    <OrphaCode>1914</OrphaCode>
                    <ExpertLink lang="pl">http://www.orpha.net/consor/cgi-bin/OC_Exp.php?lng=pl&amp;Expert=1914</ExpertLink>
                    <Name lang="pl">Embriofetopatia antagonistów witaminy K</Name>
                    <DisorderType id="21401">
                      <Name lang="pl">Zespół wad wrodzonych</Name>
                    </DisorderType>
                  </Disorder>
                  <ClassificationNodeChildList count="0">
                  </ClassificationNodeChildList>
                </ClassificationNode>
                <ClassificationNode>
                  <Disorder id="1879">
                    <OrphaCode>1916</OrphaCode>
                    <ExpertLink lang="pl">http://www.orpha.net/consor/cgi-bin/OC_Exp.php?lng=pl&amp;Expert=1916</ExpertLink>
                    <Name lang="pl">Zespół dietylstilbestrolowy</Name>
                    <DisorderType id="21401">
                      <Name lang="pl">Zespół wad wrodzonych</Name>
                    </DisorderType>
                  </Disorder>
                  <ClassificationNodeChildList count="0">
                  </ClassificationNodeChildList>
                </ClassificationNode>
                <ClassificationNode>
                  <Disorder id="1880">
                    <OrphaCode>1917</OrphaCode>
                    <ExpertLink lang="pl">http://www.orpha.net/consor/cgi-bin/OC_Exp.php?lng=pl&amp;Expert=1917</ExpertLink>
                    <Name lang="pl">Płodowy zespół metylortęciowy</Name>
                    <DisorderType id="21401">
                      <Name lang="pl">Zespół wad wrodzonych</Name>
                    </DisorderType>
                  </Disorder>
                  <ClassificationNodeChildList count="0">
                  </ClassificationNodeChildList>
                </ClassificationNode>
                <ClassificationNode>
                  <Disorder id="1882">
                    <OrphaCode>1920</OrphaCode>
                    <ExpertLink lang="pl">http://www.orpha.net/consor/cgi-bin/OC_Exp.php?lng=pl&amp;Expert=1920</ExpertLink>
                    <Name lang="pl">Embriopatia toluenowa</Name>
                    <DisorderType id="21401">
                      <Name lang="pl">Zespół wad wrodzonych</Name>
                    </DisorderType>
                  </Disorder>
                  <ClassificationNodeChildList count="0">
                  </ClassificationNodeChildList>
                </ClassificationNode>
                <ClassificationNode>
                  <Disorder id="1885">
                    <OrphaCode>1923</OrphaCode>
                    <ExpertLink lang="pl">http://www.orpha.net/consor/cgi-bin/OC_Exp.php?lng=pl&amp;Expert=1923</ExpertLink>
                    <Name lang="pl">Embriofetopatia metimazolowa</Name>
                    <DisorderType id="21401">
                      <Name lang="pl">Zespół wad wrodzonych</Name>
                    </DisorderType>
                  </Disorder>
                  <ClassificationNodeChildList count="0">
                  </ClassificationNodeChildList>
                </ClassificationNode>
                <ClassificationNode>
                  <Disorder id="2166">
                    <OrphaCode>2305</OrphaCode>
                    <ExpertLink lang="pl">http://www.orpha.net/consor/cgi-bin/OC_Exp.php?lng=pl&amp;Expert=2305</ExpertLink>
                    <Name lang="pl">Zespół izotretynoinowy</Name>
                    <DisorderType id="21401">
                      <Name lang="pl">Zespół wad wrodzonych</Name>
                    </DisorderType>
                  </Disorder>
                  <ClassificationNodeChildList count="0">
                  </ClassificationNodeChildList>
                </ClassificationNode>
                <ClassificationNode>
                  <Disorder id="2943">
                    <OrphaCode>3312</OrphaCode>
                    <ExpertLink lang="pl">http://www.orpha.net/consor/cgi-bin/OC_Exp.php?lng=pl&amp;Expert=3312</ExpertLink>
                    <Name lang="pl">Embriopatia spowodowana talomidem</Name>
                    <DisorderType id="21401">
                      <Name lang="pl">Zespół wad wrodzonych</Name>
                    </DisorderType>
                  </Disorder>
                  <ClassificationNodeChildList count="0">
                  </ClassificationNodeChildList>
                </ClassificationNode>
                <ClassificationNode>
                  <Disorder id="10462">
                    <OrphaCode>40366</OrphaCode>
                    <ExpertLink lang="pl">http://www.orpha.net/consor/cgi-bin/OC_Exp.php?lng=pl&amp;Expert=40366</ExpertLink>
                    <Name lang="pl">Embriopatia acytretynowa/etretynatowa</Name>
                    <DisorderType id="21401">
                      <Name lang="pl">Zespół wad wrodzonych</Name>
                    </DisorderType>
                  </Disorder>
                  <ClassificationNodeChildList count="0">
                  </ClassificationNodeChildList>
                </ClassificationNode>
                <ClassificationNode>
                  <Disorder id="20172">
                    <OrphaCode>268249</OrphaCode>
                    <ExpertLink lang="pl">http://www.orpha.net/consor/cgi-bin/OC_Exp.php?lng=pl&amp;Expert=268249</ExpertLink>
                    <Name lang="pl">Embriopatia spowodowana mykofenolanem mofetilu</Name>
                    <DisorderType id="21401">
                      <Name lang="pl">Zespół wad wrodzonych</Name>
                    </DisorderType>
                  </Disorder>
                  <ClassificationNodeChildList count="0">
                  </ClassificationNodeChildList>
                </ClassificationNode>
                <ClassificationNode>
                  <Disorder id="22475">
                    <OrphaCode>370068</OrphaCode>
                    <ExpertLink lang="pl">http://www.orpha.net/consor/cgi-bin/OC_Exp.php?lng=pl&amp;Expert=370068</ExpertLink>
                    <Name lang="pl">Zespół przeciwdrgawkowy płodu</Name>
                    <DisorderType id="21436">
                      <Name lang="pl">Grupa fenomenów</Name>
                    </DisorderType>
                  </Disorder>
                  <ClassificationNodeChildList count="5">
                    <ClassificationNode>
                      <Disorder id="1868">
                        <OrphaCode>1906</OrphaCode>
                        <ExpertLink lang="pl">http://www.orpha.net/consor/cgi-bin/OC_Exp.php?lng=pl&amp;Expert=1906</ExpertLink>
                        <Name lang="pl">Płodowy zespół walproinianowy</Name>
                        <DisorderType id="21401">
                          <Name lang="pl">Zespół wad wrodzonych</Name>
                        </DisorderType>
                      </Disorder>
                      <ClassificationNodeChildList count="0">
                      </ClassificationNodeChildList>
                    </ClassificationNode>
                    <ClassificationNode>
                      <Disorder id="1875">
                        <OrphaCode>1912</OrphaCode>
                        <ExpertLink lang="pl">http://www.orpha.net/consor/cgi-bin/OC_Exp.php?lng=pl&amp;Expert=1912</ExpertLink>
                        <Name lang="pl">Płodowy zespół hydantoinowy</Name>
                        <DisorderType id="21401">
                          <Name lang="pl">Zespół wad wrodzonych</Name>
                        </DisorderType>
                      </Disorder>
                      <ClassificationNodeChildList count="0">
                      </ClassificationNodeChildList>
                    </ClassificationNode>
                    <ClassificationNode>
                      <Disorder id="1876">
                        <OrphaCode>1913</OrphaCode>
                        <ExpertLink lang="pl">http://www.orpha.net/consor/cgi-bin/OC_Exp.php?lng=pl&amp;Expert=1913</ExpertLink>
                        <Name lang="pl">Płodowy zespół trimetadionowy</Name>
                        <DisorderType id="21401">
                          <Name lang="pl">Zespół wad wrodzonych</Name>
                        </DisorderType>
                      </Disorder>
                      <ClassificationNodeChildList count="0">
                      </ClassificationNodeChildList>
                    </ClassificationNode>
                    <ClassificationNode>
                      <Disorder id="1881">
                        <OrphaCode>1919</OrphaCode>
                        <ExpertLink lang="pl">http://www.orpha.net/consor/cgi-bin/OC_Exp.php?lng=pl&amp;Expert=1919</ExpertLink>
                        <Name lang="pl">Embriopatia fenobarbitolowa</Name>
                        <DisorderType id="21401">
                          <Name lang="pl">Zespół wad wrodzonych</Name>
                        </DisorderType>
                      </Disorder>
                      <ClassificationNodeChildList count="0">
                      </ClassificationNodeChildList>
                    </ClassificationNode>
                    <ClassificationNode>
                      <Disorder id="22476">
                        <OrphaCode>370076</OrphaCode>
                        <ExpertLink lang="pl">http://www.orpha.net/consor/cgi-bin/OC_Exp.php?lng=pl&amp;Expert=370076</ExpertLink>
                        <Name lang="pl">Zespół karbamazepinowy płodu</Name>
                        <DisorderType id="21401">
                          <Name lang="pl">Zespół wad wrodzonych</Name>
                        </DisorderType>
                      </Disorder>
                      <ClassificationNodeChildList count="0">
                      </ClassificationNodeChildList>
                    </ClassificationNode>
                  </ClassificationNodeChildList>
                </ClassificationNode>
              </ClassificationNodeChildList>
            </ClassificationNode>
            <ClassificationNode>
              <Disorder id="19646">
                <OrphaCode>251535</OrphaCode>
                <ExpertLink lang="pl">http://www.orpha.net/consor/cgi-bin/OC_Exp.php?lng=pl&amp;Expert=251535</ExpertLink>
                <Name lang="pl">Embriofetopatia związana z chorobą matczyną</Name>
                <DisorderType id="36561">
                  <Name lang="pl">Kategoria</Name>
                </DisorderType>
              </Disorder>
              <ClassificationNodeChildList count="3">
                <ClassificationNode>
                  <Disorder id="1888">
                    <OrphaCode>1926</OrphaCode>
                    <ExpertLink lang="pl">http://www.orpha.net/consor/cgi-bin/OC_Exp.php?lng=pl&amp;Expert=1926</ExpertLink>
                    <Name lang="pl">Embriopatia cukrzycowa</Name>
                    <DisorderType id="21401">
                      <Name lang="pl">Zespół wad wrodzonych</Name>
                    </DisorderType>
                  </Disorder>
                  <ClassificationNodeChildList count="0">
                  </ClassificationNodeChildList>
                </ClassificationNode>
                <ClassificationNode>
                  <Disorder id="1889">
                    <OrphaCode>2209</OrphaCode>
                    <ExpertLink lang="pl">http://www.orpha.net/consor/cgi-bin/OC_Exp.php?lng=pl&amp;Expert=2209</ExpertLink>
                    <Name lang="pl">Fenyloketonuria matczyna</Name>
                    <DisorderType id="21401">
                      <Name lang="pl">Zespół wad wrodzonych</Name>
                    </DisorderType>
                  </Disorder>
                  <ClassificationNodeChildList count="0">
                  </ClassificationNodeChildList>
                </ClassificationNode>
                <ClassificationNode>
                  <Disorder id="2093">
                    <OrphaCode>2216</OrphaCode>
                    <ExpertLink lang="pl">http://www.orpha.net/consor/cgi-bin/OC_Exp.php?lng=pl&amp;Expert=2216</ExpertLink>
                    <Name lang="pl">Matczyna hipertermia powodująca wady płodu</Name>
                    <DisorderType id="21401">
                      <Name lang="pl">Zespół wad wrodzonych</Name>
                    </DisorderType>
                  </Disorder>
                  <ClassificationNodeChildList count="0">
                  </ClassificationNodeChildList>
                </ClassificationNode>
              </ClassificationNodeChildList>
            </ClassificationNode>
          </ClassificationNodeChildList>
        </ClassificationNode>
      </ClassificationNodeRootList>
    </Classification>
  </ClassificationList>
</JDBOR>
