<?xml version="1.0" encoding="UTF-8"?>
<JDBOR date="2023-06-21 18:12:27" version="1.3.25 / 4.1.7 [2023-04-17] (orientdb version)" copyright="Orphanet (c) 2023" dbserver="jdbc:sybase:Tds:canard.orpha.net:2020">
  <Availability> 
    <Licence>
      <FullName lang="en">Creative Commons Attribution 4.0 International</FullName>
      <ShortIdentifier>CC-BY-4.0</ShortIdentifier>
      <LegalCode>https://creativecommons.org/licenses/by/4.0/legalcode</LegalCode>
    </Licence>
  </Availability>
  <ClassificationList count="1">
    <Classification id="231">
      <OrphaNumber>280338</OrphaNumber>
      <Name lang="pl">Klasyfikacja Orphanetu rzadkich dziecięcych chorób reumatologicznych</Name>
      <ClassificationNodeRootList count="1">
        <ClassificationNode>
          <Disorder id="20456">
            <OrphaCode>280342</OrphaCode>
            <ExpertLink lang="pl">http://www.orpha.net/consor/cgi-bin/OC_Exp.php?lng=pl&amp;Expert=280342</ExpertLink>
            <Name lang="pl">Rzadka dziecięca choroba układowa lub reumatologiczna</Name>
            <DisorderType id="36561">
              <Name lang="pl">Kategoria</Name>
            </DisorderType>
          </Disorder>
          <ClassificationNodeChildList count="3">
            <ClassificationNode>
              <Disorder id="20461">
                <OrphaCode>280369</OrphaCode>
                <ExpertLink lang="pl">http://www.orpha.net/consor/cgi-bin/OC_Exp.php?lng=pl&amp;Expert=280369</ExpertLink>
                <Name lang="pl">Rzadkie dziecięce zapalenie naczyń</Name>
                <DisorderType id="36561">
                  <Name lang="pl">Kategoria</Name>
                </DisorderType>
              </Disorder>
              <ClassificationNodeChildList count="11">
                <ClassificationNode>
                  <Disorder id="749">
                    <OrphaCode>761</OrphaCode>
                    <ExpertLink lang="pl">http://www.orpha.net/consor/cgi-bin/OC_Exp.php?lng=pl&amp;Expert=761</ExpertLink>
                    <Name lang="pl">plamica Henocha i Schönleina</Name>
                    <DisorderType id="21394">
                      <Name lang="pl">Choroba</Name>
                    </DisorderType>
                  </Disorder>
                  <ClassificationNodeChildList count="0">
                  </ClassificationNodeChildList>
                </ClassificationNode>
                <ClassificationNode>
                  <Disorder id="788">
                    <OrphaCode>2331</OrphaCode>
                    <ExpertLink lang="pl">http://www.orpha.net/consor/cgi-bin/OC_Exp.php?lng=pl&amp;Expert=2331</ExpertLink>
                    <Name lang="pl">Choroba Kawasakiego</Name>
                    <DisorderType id="21394">
                      <Name lang="pl">Choroba</Name>
                    </DisorderType>
                  </Disorder>
                  <ClassificationNodeChildList count="0">
                  </ClassificationNodeChildList>
                </ClassificationNode>
                <ClassificationNode>
                  <Disorder id="806">
                    <OrphaCode>3287</OrphaCode>
                    <ExpertLink lang="pl">http://www.orpha.net/consor/cgi-bin/OC_Exp.php?lng=pl&amp;Expert=3287</ExpertLink>
                    <Name lang="pl">Zapalenie tętnic Takayasu</Name>
                    <DisorderType id="21394">
                      <Name lang="pl">Choroba</Name>
                    </DisorderType>
                  </Disorder>
                  <ClassificationNodeChildList count="0">
                  </ClassificationNodeChildList>
                </ClassificationNode>
                <ClassificationNode>
                  <Disorder id="3333">
                    <OrphaCode>1467</OrphaCode>
                    <ExpertLink lang="pl">http://www.orpha.net/consor/cgi-bin/OC_Exp.php?lng=pl&amp;Expert=1467</ExpertLink>
                    <Name lang="pl">Zespół Cogana</Name>
                    <DisorderType id="21394">
                      <Name lang="pl">Choroba</Name>
                    </DisorderType>
                  </Disorder>
                  <ClassificationNodeChildList count="0">
                  </ClassificationNodeChildList>
                </ClassificationNode>
                <ClassificationNode>
                  <Disorder id="10428">
                    <OrphaCode>36412</OrphaCode>
                    <ExpertLink lang="pl">http://www.orpha.net/consor/cgi-bin/OC_Exp.php?lng=pl&amp;Expert=36412</ExpertLink>
                    <Name lang="pl">Pokrzywkowe zapalenie naczyń z obniżeniem stężenia składowych dopełniacza</Name>
                    <DisorderType id="21394">
                      <Name lang="pl">Choroba</Name>
                    </DisorderType>
                  </Disorder>
                  <ClassificationNodeChildList count="0">
                  </ClassificationNodeChildList>
                </ClassificationNode>
                <ClassificationNode>
                  <Disorder id="12115">
                    <OrphaCode>91138</OrphaCode>
                    <ExpertLink lang="pl">http://www.orpha.net/consor/cgi-bin/OC_Exp.php?lng=pl&amp;Expert=91138</ExpertLink>
                    <Name lang="pl">Krioglobulinowe zapalenie naczyń</Name>
                    <DisorderType id="21394">
                      <Name lang="pl">Choroba</Name>
                    </DisorderType>
                  </Disorder>
                  <ClassificationNodeChildList count="2">
                    <ClassificationNode>
                      <Disorder id="12396">
                        <OrphaCode>93554</OrphaCode>
                        <ExpertLink lang="pl">http://www.orpha.net/consor/cgi-bin/OC_Exp.php?lng=pl&amp;Expert=93554</ExpertLink>
                        <Name lang="pl">Mieszana krioglobulinemia typu II</Name>
                        <DisorderType id="21443">
                          <Name lang="pl">Podtyp etiologiczny</Name>
                        </DisorderType>
                      </Disorder>
                      <ClassificationNodeChildList count="0">
                      </ClassificationNodeChildList>
                    </ClassificationNode>
                    <ClassificationNode>
                      <Disorder id="12397">
                        <OrphaCode>93555</OrphaCode>
                        <ExpertLink lang="pl">http://www.orpha.net/consor/cgi-bin/OC_Exp.php?lng=pl&amp;Expert=93555</ExpertLink>
                        <Name lang="pl">Mieszana krioglobulinemia typu III</Name>
                        <DisorderType id="21443">
                          <Name lang="pl">Podtyp etiologiczny</Name>
                        </DisorderType>
                      </Disorder>
                      <ClassificationNodeChildList count="0">
                      </ClassificationNodeChildList>
                    </ClassificationNode>
                  </ClassificationNodeChildList>
                </ClassificationNode>
                <ClassificationNode>
                  <Disorder id="17099">
                    <OrphaCode>156152</OrphaCode>
                    <ExpertLink lang="pl">http://www.orpha.net/consor/cgi-bin/OC_Exp.php?lng=pl&amp;Expert=156152</ExpertLink>
                    <Name lang="pl">Zapalenie naczyń z przeciwciałami przeciw cytoplazmie neutrofilów</Name>
                    <DisorderType id="21436">
                      <Name lang="pl">Grupa fenomenów</Name>
                    </DisorderType>
                  </Disorder>
                  <ClassificationNodeChildList count="3">
                    <ClassificationNode>
                      <Disorder id="745">
                        <OrphaCode>183</OrphaCode>
                        <ExpertLink lang="pl">http://www.orpha.net/consor/cgi-bin/OC_Exp.php?lng=pl&amp;Expert=183</ExpertLink>
                        <Name lang="pl">Eozynofilowa ziarniniakowatość z zapaleniem naczyń</Name>
                        <DisorderType id="21394">
                          <Name lang="pl">Choroba</Name>
                        </DisorderType>
                      </Disorder>
                      <ClassificationNodeChildList count="0">
                      </ClassificationNodeChildList>
                    </ClassificationNode>
                    <ClassificationNode>
                      <Disorder id="753">
                        <OrphaCode>727</OrphaCode>
                        <ExpertLink lang="pl">http://www.orpha.net/consor/cgi-bin/OC_Exp.php?lng=pl&amp;Expert=727</ExpertLink>
                        <Name lang="pl">Mikroskopowe zapalenie naczyń</Name>
                        <DisorderType id="21394">
                          <Name lang="pl">Choroba</Name>
                        </DisorderType>
                      </Disorder>
                      <ClassificationNodeChildList count="0">
                      </ClassificationNodeChildList>
                    </ClassificationNode>
                    <ClassificationNode>
                      <Disorder id="759">
                        <OrphaCode>900</OrphaCode>
                        <ExpertLink lang="pl">http://www.orpha.net/consor/cgi-bin/OC_Exp.php?lng=pl&amp;Expert=900</ExpertLink>
                        <Name lang="pl">Ziarniniakowatość z zapaleniem naczyń</Name>
                        <DisorderType id="21394">
                          <Name lang="pl">Choroba</Name>
                        </DisorderType>
                      </Disorder>
                      <ClassificationNodeChildList count="0">
                      </ClassificationNodeChildList>
                    </ClassificationNode>
                  </ClassificationNodeChildList>
                </ClassificationNode>
                <ClassificationNode>
                  <Disorder id="19629">
                    <OrphaCode>251328</OrphaCode>
                    <ExpertLink lang="pl">http://www.orpha.net/consor/cgi-bin/OC_Exp.php?lng=pl&amp;Expert=251328</ExpertLink>
                    <Name lang="pl">Niesklasyfikowane zapalenie naczyń</Name>
                    <DisorderType id="21394">
                      <Name lang="pl">Choroba</Name>
                    </DisorderType>
                  </Disorder>
                  <ClassificationNodeChildList count="0">
                  </ClassificationNodeChildList>
                </ClassificationNode>
                <ClassificationNode>
                  <Disorder id="23521">
                    <OrphaCode>445197</OrphaCode>
                    <ExpertLink lang="pl">http://www.orpha.net/consor/cgi-bin/OC_Exp.php?lng=pl&amp;Expert=445197</ExpertLink>
                    <Name lang="pl">Wtórne zapalenie naczyń</Name>
                    <DisorderType id="36561">
                      <Name lang="pl">Kategoria</Name>
                    </DisorderType>
                  </Disorder>
                  <ClassificationNodeChildList count="2">
                    <ClassificationNode>
                      <Disorder id="10626">
                        <OrphaCode>48435</OrphaCode>
                        <ExpertLink lang="pl">http://www.orpha.net/consor/cgi-bin/OC_Exp.php?lng=pl&amp;Expert=48435</ExpertLink>
                        <Name lang="pl">Poinfekcyjne zapalenie naczyń</Name>
                        <DisorderType id="21394">
                          <Name lang="pl">Choroba</Name>
                        </DisorderType>
                      </Disorder>
                      <ClassificationNodeChildList count="0">
                      </ClassificationNodeChildList>
                    </ClassificationNode>
                    <ClassificationNode>
                      <Disorder id="19628">
                        <OrphaCode>251325</OrphaCode>
                        <ExpertLink lang="pl">http://www.orpha.net/consor/cgi-bin/OC_Exp.php?lng=pl&amp;Expert=251325</ExpertLink>
                        <Name lang="pl">Zapalenie naczyń  indukowane lekami</Name>
                        <DisorderType id="21394">
                          <Name lang="pl">Choroba</Name>
                        </DisorderType>
                      </Disorder>
                      <ClassificationNodeChildList count="0">
                      </ClassificationNodeChildList>
                    </ClassificationNode>
                  </ClassificationNodeChildList>
                </ClassificationNode>
                <ClassificationNode>
                  <Disorder id="22938">
                    <OrphaCode>404553</OrphaCode>
                    <ExpertLink lang="pl">http://www.orpha.net/consor/cgi-bin/OC_Exp.php?lng=pl&amp;Expert=404553</ExpertLink>
                    <Name lang="pl">Zapalenie naczyń z powodu niedoboru ADA2</Name>
                    <DisorderType id="21394">
                      <Name lang="pl">Choroba</Name>
                    </DisorderType>
                  </Disorder>
                  <ClassificationNodeChildList count="0">
                  </ClassificationNodeChildList>
                </ClassificationNode>
                <ClassificationNode>
                  <Disorder id="23209">
                    <OrphaCode>425120</OrphaCode>
                    <ExpertLink lang="pl">http://www.orpha.net/consor/cgi-bin/OC_Exp.php?lng=pl&amp;Expert=425120</ExpertLink>
                    <Name lang="pl">Waskulopatia zależna od STING o początku w wieku niemowlęcym</Name>
                    <DisorderType id="21394">
                      <Name lang="pl">Choroba</Name>
                    </DisorderType>
                  </Disorder>
                  <ClassificationNodeChildList count="0">
                  </ClassificationNodeChildList>
                </ClassificationNode>
              </ClassificationNodeChildList>
            </ClassificationNode>
            <ClassificationNode>
              <Disorder id="20462">
                <OrphaCode>280373</OrphaCode>
                <ExpertLink lang="pl">http://www.orpha.net/consor/cgi-bin/OC_Exp.php?lng=pl&amp;Expert=280373</ExpertLink>
                <Name lang="pl">Rzadka dziecięca choroba układowa</Name>
                <DisorderType id="36561">
                  <Name lang="pl">Kategoria</Name>
                </DisorderType>
              </Disorder>
              <ClassificationNodeChildList count="13">
                <ClassificationNode>
                  <Disorder id="12002">
                    <OrphaCode>90291</OrphaCode>
                    <ExpertLink lang="pl">http://www.orpha.net/consor/cgi-bin/OC_Exp.php?lng=pl&amp;Expert=90291</ExpertLink>
                    <Name lang="pl">Twardzina układowa</Name>
                    <DisorderType id="21394">
                      <Name lang="pl">Choroba</Name>
                    </DisorderType>
                  </Disorder>
                  <ClassificationNodeChildList count="3">
                    <ClassificationNode>
                      <Disorder id="18906">
                        <OrphaCode>220402</OrphaCode>
                        <ExpertLink lang="pl">http://www.orpha.net/consor/cgi-bin/OC_Exp.php?lng=pl&amp;Expert=220402</ExpertLink>
                        <Name lang="pl">Systemowa ograniczona twardzina skórna</Name>
                        <DisorderType id="21450">
                          <Name lang="pl">Podtyp kliniczny</Name>
                        </DisorderType>
                      </Disorder>
                      <ClassificationNodeChildList count="0">
                      </ClassificationNodeChildList>
                    </ClassificationNode>
                    <ClassificationNode>
                      <Disorder id="18907">
                        <OrphaCode>220407</OrphaCode>
                        <ExpertLink lang="pl">http://www.orpha.net/consor/cgi-bin/OC_Exp.php?lng=pl&amp;Expert=220407</ExpertLink>
                        <Name lang="pl">Twardzina układowa ograniczona</Name>
                        <DisorderType id="21450">
                          <Name lang="pl">Podtyp kliniczny</Name>
                        </DisorderType>
                      </Disorder>
                      <ClassificationNodeChildList count="0">
                      </ClassificationNodeChildList>
                    </ClassificationNode>
                    <ClassificationNode>
                      <Disorder id="18905">
                        <OrphaCode>220393</OrphaCode>
                        <ExpertLink lang="pl">http://www.orpha.net/consor/cgi-bin/OC_Exp.php?lng=pl&amp;Expert=220393</ExpertLink>
                        <Name lang="pl">Systemowa rozlana twardzina skórna</Name>
                        <DisorderType id="21450">
                          <Name lang="pl">Podtyp kliniczny</Name>
                        </DisorderType>
                      </Disorder>
                      <ClassificationNodeChildList count="0">
                      </ClassificationNodeChildList>
                    </ClassificationNode>
                  </ClassificationNodeChildList>
                </ClassificationNode>
                <ClassificationNode>
                  <Disorder id="19630">
                    <OrphaCode>251332</OrphaCode>
                    <ExpertLink lang="pl">http://www.orpha.net/consor/cgi-bin/OC_Exp.php?lng=pl&amp;Expert=251332</ExpertLink>
                    <Name lang="pl">Niewyjaśniona długotrwała gorączka/zespół zapalny</Name>
                    <DisorderType id="21394">
                      <Name lang="pl">Choroba</Name>
                    </DisorderType>
                  </Disorder>
                  <ClassificationNodeChildList count="0">
                  </ClassificationNodeChildList>
                </ClassificationNode>
                <ClassificationNode>
                  <Disorder id="735">
                    <OrphaCode>797</OrphaCode>
                    <ExpertLink lang="pl">http://www.orpha.net/consor/cgi-bin/OC_Exp.php?lng=pl&amp;Expert=797</ExpertLink>
                    <Name lang="pl">Sarkoidoza</Name>
                    <DisorderType id="21394">
                      <Name lang="pl">Choroba</Name>
                    </DisorderType>
                  </Disorder>
                  <ClassificationNodeChildList count="0">
                  </ClassificationNodeChildList>
                </ClassificationNode>
                <ClassificationNode>
                  <Disorder id="755">
                    <OrphaCode>3165</OrphaCode>
                    <ExpertLink lang="pl">http://www.orpha.net/consor/cgi-bin/OC_Exp.php?lng=pl&amp;Expert=3165</ExpertLink>
                    <Name lang="pl">Eozynofilowe zapalenie powięzi</Name>
                    <DisorderType id="21394">
                      <Name lang="pl">Choroba</Name>
                    </DisorderType>
                  </Disorder>
                  <ClassificationNodeChildList count="0">
                  </ClassificationNodeChildList>
                </ClassificationNode>
                <ClassificationNode>
                  <Disorder id="12394">
                    <OrphaCode>93552</OrphaCode>
                    <ExpertLink lang="pl">http://www.orpha.net/consor/cgi-bin/OC_Exp.php?lng=pl&amp;Expert=93552</ExpertLink>
                    <Name lang="pl">Dziecięcy toczeń rumieniowaty układowy</Name>
                    <DisorderType id="21394">
                      <Name lang="pl">Choroba</Name>
                    </DisorderType>
                  </Disorder>
                  <ClassificationNodeChildList count="0">
                  </ClassificationNodeChildList>
                </ClassificationNode>
                <ClassificationNode>
                  <Disorder id="12410">
                    <OrphaCode>93568</OrphaCode>
                    <ExpertLink lang="pl">http://www.orpha.net/consor/cgi-bin/OC_Exp.php?lng=pl&amp;Expert=93568</ExpertLink>
                    <Name lang="pl">Młodzieńcze zapalenie wielomięśniowe</Name>
                    <DisorderType id="21394">
                      <Name lang="pl">Choroba</Name>
                    </DisorderType>
                  </Disorder>
                  <ClassificationNodeChildList count="0">
                  </ClassificationNodeChildList>
                </ClassificationNode>
                <ClassificationNode>
                  <Disorder id="12464">
                    <OrphaCode>93672</OrphaCode>
                    <ExpertLink lang="pl">http://www.orpha.net/consor/cgi-bin/OC_Exp.php?lng=pl&amp;Expert=93672</ExpertLink>
                    <Name lang="pl">Młodzieńcze zapalenie skórno-mięśniowe</Name>
                    <DisorderType id="21394">
                      <Name lang="pl">Choroba</Name>
                    </DisorderType>
                  </Disorder>
                  <ClassificationNodeChildList count="0">
                  </ClassificationNodeChildList>
                </ClassificationNode>
                <ClassificationNode>
                  <Disorder id="19626">
                    <OrphaCode>251312</OrphaCode>
                    <ExpertLink lang="pl">http://www.orpha.net/consor/cgi-bin/OC_Exp.php?lng=pl&amp;Expert=251312</ExpertLink>
                    <Name lang="pl">Nakładająca się choroba tkanki łącznej</Name>
                    <DisorderType id="21436">
                      <Name lang="pl">Grupa fenomenów</Name>
                    </DisorderType>
                  </Disorder>
                  <ClassificationNodeChildList count="1">
                    <ClassificationNode>
                      <Disorder id="3631">
                        <OrphaCode>809</OrphaCode>
                        <ExpertLink lang="pl">http://www.orpha.net/consor/cgi-bin/OC_Exp.php?lng=pl&amp;Expert=809</ExpertLink>
                        <Name lang="pl">Mieszana choroba tkanki łącznej</Name>
                        <DisorderType id="21394">
                          <Name lang="pl">Choroba</Name>
                        </DisorderType>
                      </Disorder>
                      <ClassificationNodeChildList count="0">
                      </ClassificationNodeChildList>
                    </ClassificationNode>
                  </ClassificationNodeChildList>
                </ClassificationNode>
                <ClassificationNode>
                  <Disorder id="21115">
                    <OrphaCode>300359</OrphaCode>
                    <ExpertLink lang="pl">http://www.orpha.net/consor/cgi-bin/OC_Exp.php?lng=pl&amp;Expert=300359</ExpertLink>
                    <Name lang="pl">Niedobór przeciwciał i zaburzenia odporności związane z plCG2</Name>
                    <DisorderType id="21394">
                      <Name lang="pl">Choroba</Name>
                    </DisorderType>
                  </Disorder>
                  <ClassificationNodeChildList count="0">
                  </ClassificationNodeChildList>
                </ClassificationNode>
                <ClassificationNode>
                  <Disorder id="22724">
                    <OrphaCode>398091</OrphaCode>
                    <ExpertLink lang="pl">http://www.orpha.net/consor/cgi-bin/OC_Exp.php?lng=pl&amp;Expert=398091</ExpertLink>
                    <Name lang="pl">Wtórna choroba autoimmunologiczna noworodków</Name>
                    <DisorderType id="36561">
                      <Name lang="pl">Kategoria</Name>
                    </DisorderType>
                  </Disorder>
                  <ClassificationNodeChildList count="6">
                    <ClassificationNode>
                      <Disorder id="22631">
                        <OrphaCode>391504</OrphaCode>
                        <ExpertLink lang="pl">http://www.orpha.net/consor/cgi-bin/OC_Exp.php?lng=pl&amp;Expert=391504</ExpertLink>
                        <Name lang="pl">Miastenia przejściowa noworodków</Name>
                        <DisorderType id="21450">
                          <Name lang="pl">Podtyp kliniczny</Name>
                        </DisorderType>
                      </Disorder>
                      <ClassificationNodeChildList count="0">
                      </ClassificationNodeChildList>
                    </ClassificationNode>
                    <ClassificationNode>
                      <Disorder id="22725">
                        <OrphaCode>398097</OrphaCode>
                        <ExpertLink lang="pl">http://www.orpha.net/consor/cgi-bin/OC_Exp.php?lng=pl&amp;Expert=398097</ExpertLink>
                        <Name lang="pl">Zespół antyfosfolipidowy noworodków</Name>
                        <DisorderType id="21394">
                          <Name lang="pl">Choroba</Name>
                        </DisorderType>
                      </Disorder>
                      <ClassificationNodeChildList count="0">
                      </ClassificationNodeChildList>
                    </ClassificationNode>
                    <ClassificationNode>
                      <Disorder id="22726">
                        <OrphaCode>398109</OrphaCode>
                        <ExpertLink lang="pl">http://www.orpha.net/consor/cgi-bin/OC_Exp.php?lng=pl&amp;Expert=398109</ExpertLink>
                        <Name lang="pl">Autoimmunologiczna niedokrwistość hemolityczna noworodków</Name>
                        <DisorderType id="21394">
                          <Name lang="pl">Choroba</Name>
                        </DisorderType>
                      </Disorder>
                      <ClassificationNodeChildList count="0">
                      </ClassificationNodeChildList>
                    </ClassificationNode>
                    <ClassificationNode>
                      <Disorder id="22727">
                        <OrphaCode>398117</OrphaCode>
                        <ExpertLink lang="pl">http://www.orpha.net/consor/cgi-bin/OC_Exp.php?lng=pl&amp;Expert=398117</ExpertLink>
                        <Name lang="pl">Zapalenie skórno-mięśniowe noworodków</Name>
                        <DisorderType id="21394">
                          <Name lang="pl">Choroba</Name>
                        </DisorderType>
                      </Disorder>
                      <ClassificationNodeChildList count="0">
                      </ClassificationNodeChildList>
                    </ClassificationNode>
                    <ClassificationNode>
                      <Disorder id="22728">
                        <OrphaCode>398124</OrphaCode>
                        <ExpertLink lang="pl">http://www.orpha.net/consor/cgi-bin/OC_Exp.php?lng=pl&amp;Expert=398124</ExpertLink>
                        <Name lang="pl">Toczeń rumieniowaty noworodków</Name>
                        <DisorderType id="21394">
                          <Name lang="pl">Choroba</Name>
                        </DisorderType>
                      </Disorder>
                      <ClassificationNodeChildList count="0">
                      </ClassificationNodeChildList>
                    </ClassificationNode>
                    <ClassificationNode>
                      <Disorder id="22729">
                        <OrphaCode>398127</OrphaCode>
                        <ExpertLink lang="pl">http://www.orpha.net/consor/cgi-bin/OC_Exp.php?lng=pl&amp;Expert=398127</ExpertLink>
                        <Name lang="pl">Twardzina noworodków</Name>
                        <DisorderType id="21394">
                          <Name lang="pl">Choroba</Name>
                        </DisorderType>
                      </Disorder>
                      <ClassificationNodeChildList count="0">
                      </ClassificationNodeChildList>
                    </ClassificationNode>
                  </ClassificationNodeChildList>
                </ClassificationNode>
                <ClassificationNode>
                  <Disorder id="23366">
                    <OrphaCode>438159</OrphaCode>
                    <ExpertLink lang="pl">http://www.orpha.net/consor/cgi-bin/OC_Exp.php?lng=pl&amp;Expert=438159</ExpertLink>
                    <Name lang="pl">Wieloustrojowa choroba autoimmunologiczna o wczesnym początku zależna od STAT3</Name>
                    <DisorderType id="21394">
                      <Name lang="pl">Choroba</Name>
                    </DisorderType>
                  </Disorder>
                  <ClassificationNodeChildList count="0">
                  </ClassificationNodeChildList>
                </ClassificationNode>
                <ClassificationNode>
                  <Disorder id="23481">
                    <OrphaCode>444092</OrphaCode>
                    <ExpertLink lang="pl">http://www.orpha.net/consor/cgi-bin/OC_Exp.php?lng=pl&amp;Expert=444092</ExpertLink>
                    <Name lang="pl">Zespół autoimmunologicznej śródmiąższowej choroby płuc i zapalenia stawów</Name>
                    <DisorderType id="21394">
                      <Name lang="pl">Choroba</Name>
                    </DisorderType>
                  </Disorder>
                  <ClassificationNodeChildList count="0">
                  </ClassificationNodeChildList>
                </ClassificationNode>
                <ClassificationNode>
                  <Disorder id="23490">
                    <OrphaCode>444463</OrphaCode>
                    <ExpertLink lang="pl">http://www.orpha.net/consor/cgi-bin/OC_Exp.php?lng=pl&amp;Expert=444463</ExpertLink>
                    <Name lang="pl">Zespół Evansa związany z pierwotnym niedoborem odporności</Name>
                    <DisorderType id="21394">
                      <Name lang="pl">Choroba</Name>
                    </DisorderType>
                  </Disorder>
                  <ClassificationNodeChildList count="0">
                  </ClassificationNodeChildList>
                </ClassificationNode>
              </ClassificationNodeChildList>
            </ClassificationNode>
            <ClassificationNode>
              <Disorder id="25345">
                <OrphaCode>486955</OrphaCode>
                <ExpertLink lang="pl">http://www.orpha.net/consor/cgi-bin/OC_Exp.php?lng=pl&amp;Expert=486955</ExpertLink>
                <Name lang="pl">Rzadkie dziecięce choroby reumatologiczne</Name>
                <DisorderType id="36561">
                  <Name lang="pl">Kategoria</Name>
                </DisorderType>
              </Disorder>
              <ClassificationNodeChildList count="7">
                <ClassificationNode>
                  <Disorder id="720">
                    <OrphaCode>92</OrphaCode>
                    <ExpertLink lang="pl">http://www.orpha.net/consor/cgi-bin/OC_Exp.php?lng=pl&amp;Expert=92</ExpertLink>
                    <Name lang="pl">Młodzieńcze idiopatyczne zapalenie stawów</Name>
                    <DisorderType id="21436">
                      <Name lang="pl">Grupa fenomenów</Name>
                    </DisorderType>
                  </Disorder>
                  <ClassificationNodeChildList count="6">
                    <ClassificationNode>
                      <Disorder id="11710">
                        <OrphaCode>85410</OrphaCode>
                        <ExpertLink lang="pl">http://www.orpha.net/consor/cgi-bin/OC_Exp.php?lng=pl&amp;Expert=85410</ExpertLink>
                        <Name lang="pl">Młodzieńcze zapalenie kilku stawów</Name>
                        <DisorderType id="21394">
                          <Name lang="pl">Choroba</Name>
                        </DisorderType>
                      </Disorder>
                      <ClassificationNodeChildList count="0">
                      </ClassificationNodeChildList>
                    </ClassificationNode>
                    <ClassificationNode>
                      <Disorder id="11711">
                        <OrphaCode>85414</OrphaCode>
                        <ExpertLink lang="pl">http://www.orpha.net/consor/cgi-bin/OC_Exp.php?lng=pl&amp;Expert=85414</ExpertLink>
                        <Name lang="pl">Uogólnione idiopatyczne młodzieńcze zapalenie stawów o wczesnym początku</Name>
                        <DisorderType id="21394">
                          <Name lang="pl">Choroba</Name>
                        </DisorderType>
                      </Disorder>
                      <ClassificationNodeChildList count="0">
                      </ClassificationNodeChildList>
                    </ClassificationNode>
                    <ClassificationNode>
                      <Disorder id="11713">
                        <OrphaCode>85436</OrphaCode>
                        <ExpertLink lang="pl">http://www.orpha.net/consor/cgi-bin/OC_Exp.php?lng=pl&amp;Expert=85436</ExpertLink>
                        <Name lang="pl">Młodzieńcze zapalenie stawów związane z łuszczycą</Name>
                        <DisorderType id="21394">
                          <Name lang="pl">Choroba</Name>
                        </DisorderType>
                      </Disorder>
                      <ClassificationNodeChildList count="0">
                      </ClassificationNodeChildList>
                    </ClassificationNode>
                    <ClassificationNode>
                      <Disorder id="11715">
                        <OrphaCode>85438</OrphaCode>
                        <ExpertLink lang="pl">http://www.orpha.net/consor/cgi-bin/OC_Exp.php?lng=pl&amp;Expert=85438</ExpertLink>
                        <Name lang="pl">Młodzieńcze idiopatyczne zapalenie stawów związane z zapaleniem przyczepów ścięgnistych</Name>
                        <DisorderType id="21394">
                          <Name lang="pl">Choroba</Name>
                        </DisorderType>
                      </Disorder>
                      <ClassificationNodeChildList count="0">
                      </ClassificationNodeChildList>
                    </ClassificationNode>
                    <ClassificationNode>
                      <Disorder id="12117">
                        <OrphaCode>91140</OrphaCode>
                        <ExpertLink lang="pl">http://www.orpha.net/consor/cgi-bin/OC_Exp.php?lng=pl&amp;Expert=91140</ExpertLink>
                        <Name lang="pl">Niespecyficzne młodzieńcze idiopatyczne zapalenie stawów</Name>
                        <DisorderType id="21394">
                          <Name lang="pl">Choroba</Name>
                        </DisorderType>
                      </Disorder>
                      <ClassificationNodeChildList count="0">
                      </ClassificationNodeChildList>
                    </ClassificationNode>
                    <ClassificationNode>
                      <Disorder id="22944">
                        <OrphaCode>404580</OrphaCode>
                        <ExpertLink lang="pl">http://www.orpha.net/consor/cgi-bin/OC_Exp.php?lng=pl&amp;Expert=404580</ExpertLink>
                        <Name lang="pl">Młodzieńcze idiopatyczne zapalenie wielostawowe</Name>
                        <DisorderType id="21436">
                          <Name lang="pl">Grupa fenomenów</Name>
                        </DisorderType>
                      </Disorder>
                      <ClassificationNodeChildList count="2">
                        <ClassificationNode>
                          <Disorder id="11709">
                            <OrphaCode>85408</OrphaCode>
                            <ExpertLink lang="pl">http://www.orpha.net/consor/cgi-bin/OC_Exp.php?lng=pl&amp;Expert=85408</ExpertLink>
                            <Name lang="pl">Młodzieńcze zapalenie stawów z ujemnym czynnikiem reumatoidalnym</Name>
                            <DisorderType id="21394">
                              <Name lang="pl">Choroba</Name>
                            </DisorderType>
                          </Disorder>
                          <ClassificationNodeChildList count="0">
                          </ClassificationNodeChildList>
                        </ClassificationNode>
                        <ClassificationNode>
                          <Disorder id="11712">
                            <OrphaCode>85435</OrphaCode>
                            <ExpertLink lang="pl">http://www.orpha.net/consor/cgi-bin/OC_Exp.php?lng=pl&amp;Expert=85435</ExpertLink>
                            <Name lang="pl">Wielostawowe młodzieńcze idiopatyczne zapalenie stawów z dodatnim czynnikiem reumatoidalnym</Name>
                            <DisorderType id="21394">
                              <Name lang="pl">Choroba</Name>
                            </DisorderType>
                          </Disorder>
                          <ClassificationNodeChildList count="0">
                          </ClassificationNodeChildList>
                        </ClassificationNode>
                      </ClassificationNodeChildList>
                    </ClassificationNode>
                  </ClassificationNodeChildList>
                </ClassificationNode>
                <ClassificationNode>
                  <Disorder id="1276">
                    <OrphaCode>955</OrphaCode>
                    <ExpertLink lang="pl">http://www.orpha.net/consor/cgi-bin/OC_Exp.php?lng=pl&amp;Expert=955</ExpertLink>
                    <Name lang="pl">Akroosteoliza typu dominującego</Name>
                    <DisorderType id="21401">
                      <Name lang="pl">Zespół wad wrodzonych</Name>
                    </DisorderType>
                  </Disorder>
                  <ClassificationNodeChildList count="0">
                  </ClassificationNodeChildList>
                </ClassificationNode>
                <ClassificationNode>
                  <Disorder id="8684">
                    <OrphaCode>73</OrphaCode>
                    <ExpertLink lang="pl">http://www.orpha.net/consor/cgi-bin/OC_Exp.php?lng=pl&amp;Expert=73</ExpertLink>
                    <Name lang="pl">Choroba Gorhama i Stouta</Name>
                    <DisorderType id="21401">
                      <Name lang="pl">Zespół wad wrodzonych</Name>
                    </DisorderType>
                  </Disorder>
                  <ClassificationNodeChildList count="0">
                  </ClassificationNodeChildList>
                </ClassificationNode>
                <ClassificationNode>
                  <Disorder id="8778">
                    <OrphaCode>29207</OrphaCode>
                    <ExpertLink lang="pl">http://www.orpha.net/consor/cgi-bin/OC_Exp.php?lng=pl&amp;Expert=29207</ExpertLink>
                    <Name lang="pl">Reaktywne zapalenie stawów</Name>
                    <DisorderType id="21394">
                      <Name lang="pl">Choroba</Name>
                    </DisorderType>
                  </Disorder>
                  <ClassificationNodeChildList count="0">
                  </ClassificationNodeChildList>
                </ClassificationNode>
                <ClassificationNode>
                  <Disorder id="11651">
                    <OrphaCode>85193</OrphaCode>
                    <ExpertLink lang="pl">http://www.orpha.net/consor/cgi-bin/OC_Exp.php?lng=pl&amp;Expert=85193</ExpertLink>
                    <Name lang="pl">Idiopatyczna osteoporoza młodzieńcza</Name>
                    <DisorderType id="21401">
                      <Name lang="pl">Zespół wad wrodzonych</Name>
                    </DisorderType>
                  </Disorder>
                  <ClassificationNodeChildList count="0">
                  </ClassificationNodeChildList>
                </ClassificationNode>
                <ClassificationNode>
                  <Disorder id="21699">
                    <OrphaCode>319719</OrphaCode>
                    <ExpertLink lang="pl">http://www.orpha.net/consor/cgi-bin/OC_Exp.php?lng=pl&amp;Expert=319719</ExpertLink>
                    <Name lang="pl">Dziecięcy zespół autozapalenia</Name>
                    <DisorderType id="36561">
                      <Name lang="pl">Kategoria</Name>
                    </DisorderType>
                  </Disorder>
                  <ClassificationNodeChildList count="7">
                    <ClassificationNode>
                      <Disorder id="21810">
                        <OrphaCode>324933</OrphaCode>
                        <ExpertLink lang="pl">http://www.orpha.net/consor/cgi-bin/OC_Exp.php?lng=pl&amp;Expert=324933</ExpertLink>
                        <Name lang="pl">Mieszany zespół autozapalny i autoimmunologiczny</Name>
                        <DisorderType id="36561">
                          <Name lang="pl">Kategoria</Name>
                        </DisorderType>
                      </Disorder>
                      <ClassificationNodeChildList count="4">
                        <ClassificationNode>
                          <Disorder id="31418">
                            <OrphaCode>619948</OrphaCode>
                            <ExpertLink lang="pl">http://www.orpha.net/consor/cgi-bin/OC_Exp.php?lng=pl&amp;Expert=619948</ExpertLink>
                            <Name lang="pl">Autoimmunologiczny autozapalny zespół niedoboru odporności o wczesnym początku</Name>
                            <DisorderType id="21394">
                              <Name lang="pl">Choroba</Name>
                            </DisorderType>
                          </Disorder>
                          <ClassificationNodeChildList count="0">
                          </ClassificationNodeChildList>
                        </ClassificationNode>
                        <ClassificationNode>
                          <Disorder id="21782">
                            <OrphaCode>324530</OrphaCode>
                            <ExpertLink lang="pl">http://www.orpha.net/consor/cgi-bin/OC_Exp.php?lng=pl&amp;Expert=324530</ExpertLink>
                            <Name lang="pl">Autozapalenie - Niedobór przeciwciał związany z plCG2 - rozregulowanie odporności</Name>
                            <DisorderType id="21394">
                              <Name lang="pl">Choroba</Name>
                            </DisorderType>
                          </Disorder>
                          <ClassificationNodeChildList count="0">
                          </ClassificationNodeChildList>
                        </ClassificationNode>
                        <ClassificationNode>
                          <Disorder id="21903">
                            <OrphaCode>329173</OrphaCode>
                            <ExpertLink lang="pl">http://www.orpha.net/consor/cgi-bin/OC_Exp.php?lng=pl&amp;Expert=329173</ExpertLink>
                            <Name lang="pl">Zespół autozapalenie z ropnym zakażeniem bakteryjnym i amylopektynozą</Name>
                            <DisorderType id="21394">
                              <Name lang="pl">Choroba</Name>
                            </DisorderType>
                          </Disorder>
                          <ClassificationNodeChildList count="0">
                          </ClassificationNodeChildList>
                        </ClassificationNode>
                        <ClassificationNode>
                          <Disorder id="21115">
                            <OrphaCode>300359</OrphaCode>
                            <ExpertLink lang="pl">http://www.orpha.net/consor/cgi-bin/OC_Exp.php?lng=pl&amp;Expert=300359</ExpertLink>
                            <Name lang="pl">Niedobór przeciwciał i zaburzenia odporności związane z plCG2</Name>
                            <DisorderType id="21394">
                              <Name lang="pl">Choroba</Name>
                            </DisorderType>
                          </Disorder>
                          <ClassificationNodeChildList count="0">
                          </ClassificationNodeChildList>
                        </ClassificationNode>
                      </ClassificationNodeChildList>
                    </ClassificationNode>
                    <ClassificationNode>
                      <Disorder id="21812">
                        <OrphaCode>324939</OrphaCode>
                        <ExpertLink lang="pl">http://www.orpha.net/consor/cgi-bin/OC_Exp.php?lng=pl&amp;Expert=324939</ExpertLink>
                        <Name lang="pl">Dziecięcy zespół gorączki okresowej</Name>
                        <DisorderType id="36561">
                          <Name lang="pl">Kategoria</Name>
                        </DisorderType>
                      </Disorder>
                      <ClassificationNodeChildList count="2">
                        <ClassificationNode>
                          <Disorder id="21807">
                            <OrphaCode>324924</OrphaCode>
                            <ExpertLink lang="pl">http://www.orpha.net/consor/cgi-bin/OC_Exp.php?lng=pl&amp;Expert=324924</ExpertLink>
                            <Name lang="pl">Dziedziczny zespół gorączki okresowej</Name>
                            <DisorderType id="36561">
                              <Name lang="pl">Kategoria</Name>
                            </DisorderType>
                          </Disorder>
                          <ClassificationNodeChildList count="9">
                            <ClassificationNode>
                              <Disorder id="28477">
                                <OrphaCode>566067</OrphaCode>
                                <ExpertLink lang="pl">http://www.orpha.net/consor/cgi-bin/OC_Exp.php?lng=pl&amp;Expert=566067</ExpertLink>
                                <Name lang="pl">Zespół dysfunkcji neutrofili, niedoboru odporności, zaburzeń autoinflamatoryjnych związany z CEBPE</Name>
                                <DisorderType id="21394">
                                  <Name lang="pl">Choroba</Name>
                                </DisorderType>
                              </Disorder>
                              <ClassificationNodeChildList count="0">
                              </ClassificationNodeChildList>
                            </ClassificationNode>
                            <ClassificationNode>
                              <Disorder id="25994">
                                <OrphaCode>500062</OrphaCode>
                                <ExpertLink lang="pl">http://www.orpha.net/consor/cgi-bin/OC_Exp.php?lng=pl&amp;Expert=500062</ExpertLink>
                                <Name lang="pl">Zespół okresowej gorączki, zapalenia tkanki tłuszczowej i dermatozy o początku w niemowlęctwie</Name>
                                <DisorderType id="21394">
                                  <Name lang="pl">Choroba</Name>
                                </DisorderType>
                              </Disorder>
                              <ClassificationNodeChildList count="0">
                              </ClassificationNodeChildList>
                            </ClassificationNode>
                            <ClassificationNode>
                              <Disorder id="920">
                                <OrphaCode>342</OrphaCode>
                                <ExpertLink lang="pl">http://www.orpha.net/consor/cgi-bin/OC_Exp.php?lng=pl&amp;Expert=342</ExpertLink>
                                <Name lang="pl">Rodzinna gorączka śródziemnomorska</Name>
                                <DisorderType id="21394">
                                  <Name lang="pl">Choroba</Name>
                                </DisorderType>
                              </Disorder>
                              <ClassificationNodeChildList count="0">
                              </ClassificationNodeChildList>
                            </ClassificationNode>
                            <ClassificationNode>
                              <Disorder id="10303">
                                <OrphaCode>32960</OrphaCode>
                                <ExpertLink lang="pl">http://www.orpha.net/consor/cgi-bin/OC_Exp.php?lng=pl&amp;Expert=32960</ExpertLink>
                                <Name lang="pl">Zespół okresowy zwiazany z receptorem 1 czynnika martwicy nowotworów</Name>
                                <DisorderType id="21394">
                                  <Name lang="pl">Choroba</Name>
                                </DisorderType>
                              </Disorder>
                              <ClassificationNodeChildList count="0">
                              </ClassificationNodeChildList>
                            </ClassificationNode>
                            <ClassificationNode>
                              <Disorder id="18613">
                                <OrphaCode>208650</OrphaCode>
                                <ExpertLink lang="pl">http://www.orpha.net/consor/cgi-bin/OC_Exp.php?lng=pl&amp;Expert=208650</ExpertLink>
                                <Name lang="pl">Zespół okresowy zależny od kriopiryny</Name>
                                <DisorderType id="21436">
                                  <Name lang="pl">Grupa fenomenów</Name>
                                </DisorderType>
                              </Disorder>
                              <ClassificationNodeChildList count="5">
                                <ClassificationNode>
                                  <Disorder id="2375">
                                    <OrphaCode>575</OrphaCode>
                                    <ExpertLink lang="pl">http://www.orpha.net/consor/cgi-bin/OC_Exp.php?lng=pl&amp;Expert=575</ExpertLink>
                                    <Name lang="pl">Zespół Muckle'a i Wellsa</Name>
                                    <DisorderType id="21394">
                                      <Name lang="pl">Choroba</Name>
                                    </DisorderType>
                                  </Disorder>
                                  <ClassificationNodeChildList count="0">
                                  </ClassificationNodeChildList>
                                </ClassificationNode>
                                <ClassificationNode>
                                  <Disorder id="3395">
                                    <OrphaCode>1451</OrphaCode>
                                    <ExpertLink lang="pl">http://www.orpha.net/consor/cgi-bin/OC_Exp.php?lng=pl&amp;Expert=1451</ExpertLink>
                                    <Name lang="pl">Zespół CINCA</Name>
                                    <DisorderType id="21394">
                                      <Name lang="pl">Choroba</Name>
                                    </DisorderType>
                                  </Disorder>
                                  <ClassificationNodeChildList count="0">
                                  </ClassificationNodeChildList>
                                </ClassificationNode>
                                <ClassificationNode>
                                  <Disorder id="10608">
                                    <OrphaCode>47045</OrphaCode>
                                    <ExpertLink lang="pl">http://www.orpha.net/consor/cgi-bin/OC_Exp.php?lng=pl&amp;Expert=47045</ExpertLink>
                                    <Name lang="pl">Rodzinna pokrzywka wywołana zimnem</Name>
                                    <DisorderType id="21394">
                                      <Name lang="pl">Choroba</Name>
                                    </DisorderType>
                                  </Disorder>
                                  <ClassificationNodeChildList count="0">
                                  </ClassificationNodeChildList>
                                </ClassificationNode>
                                <ClassificationNode>
                                  <Disorder id="31819">
                                    <OrphaCode>647815</OrphaCode>
                                    <ExpertLink lang="pl">http://www.orpha.net/consor/cgi-bin/OC_Exp.php?lng=pl&amp;Expert=647815</ExpertLink>
                                    <Name lang="pl">Dziedziczne napadowe zapalenie śródbłonka rogówki</Name>
                                    <DisorderType id="21394">
                                      <Name lang="pl">Choroba</Name>
                                    </DisorderType>
                                  </Disorder>
                                  <ClassificationNodeChildList count="0">
                                  </ClassificationNodeChildList>
                                </ClassificationNode>
                                <ClassificationNode>
                                  <Disorder id="31372">
                                    <OrphaCode>617919</OrphaCode>
                                    <ExpertLink lang="pl">http://www.orpha.net/consor/cgi-bin/OC_Exp.php?lng=pl&amp;Expert=617919</ExpertLink>
                                    <Name lang="pl">Indukowany zimnem zespół autozapalny związany z F12</Name>
                                    <DisorderType id="21394">
                                      <Name lang="pl">Choroba</Name>
                                    </DisorderType>
                                  </Disorder>
                                  <ClassificationNodeChildList count="0">
                                  </ClassificationNodeChildList>
                                </ClassificationNode>
                              </ClassificationNodeChildList>
                            </ClassificationNode>
                            <ClassificationNode>
                              <Disorder id="19559">
                                <OrphaCode>247868</OrphaCode>
                                <ExpertLink lang="pl">http://www.orpha.net/consor/cgi-bin/OC_Exp.php?lng=pl&amp;Expert=247868</ExpertLink>
                                <Name lang="pl">Dziedziczny zespół gorączki okresowej związany z NLRP12</Name>
                                <DisorderType id="21394">
                                  <Name lang="pl">Choroba</Name>
                                </DisorderType>
                              </Disorder>
                              <ClassificationNodeChildList count="0">
                              </ClassificationNodeChildList>
                            </ClassificationNode>
                            <ClassificationNode>
                              <Disorder id="21338">
                                <OrphaCode>309025</OrphaCode>
                                <ExpertLink lang="pl">http://www.orpha.net/consor/cgi-bin/OC_Exp.php?lng=pl&amp;Expert=309025</ExpertLink>
                                <Name lang="pl">Niedobór kinazy mewalonowej</Name>
                                <DisorderType id="21394">
                                  <Name lang="pl">Choroba</Name>
                                </DisorderType>
                              </Disorder>
                              <ClassificationNodeChildList count="2">
                                <ClassificationNode>
                                  <Disorder id="403">
                                    <OrphaCode>29</OrphaCode>
                                    <ExpertLink lang="pl">http://www.orpha.net/consor/cgi-bin/OC_Exp.php?lng=pl&amp;Expert=29</ExpertLink>
                                    <Name lang="pl">Kwasica mewalonianowa</Name>
                                    <DisorderType id="21450">
                                      <Name lang="pl">Podtyp kliniczny</Name>
                                    </DisorderType>
                                  </Disorder>
                                  <ClassificationNodeChildList count="0">
                                  </ClassificationNodeChildList>
                                </ClassificationNode>
                                <ClassificationNode>
                                  <Disorder id="3276">
                                    <OrphaCode>343</OrphaCode>
                                    <ExpertLink lang="pl">http://www.orpha.net/consor/cgi-bin/OC_Exp.php?lng=pl&amp;Expert=343</ExpertLink>
                                    <Name lang="pl">Hiperimmunoglobulinemia D z gorączką okresową</Name>
                                    <DisorderType id="21450">
                                      <Name lang="pl">Podtyp kliniczny</Name>
                                    </DisorderType>
                                  </Disorder>
                                  <ClassificationNodeChildList count="0">
                                  </ClassificationNodeChildList>
                                </ClassificationNode>
                              </ClassificationNodeChildList>
                            </ClassificationNode>
                            <ClassificationNode>
                              <Disorder id="23330">
                                <OrphaCode>436166</OrphaCode>
                                <ExpertLink lang="pl">http://www.orpha.net/consor/cgi-bin/OC_Exp.php?lng=pl&amp;Expert=436166</ExpertLink>
                                <Name lang="pl">Zespół gorączki okresowej, dziecięcego zapalenia jelit i autozapalenia</Name>
                                <DisorderType id="21394">
                                  <Name lang="pl">Choroba</Name>
                                </DisorderType>
                              </Disorder>
                              <ClassificationNodeChildList count="0">
                              </ClassificationNodeChildList>
                            </ClassificationNode>
                            <ClassificationNode>
                              <Disorder id="28852">
                                <OrphaCode>576349</OrphaCode>
                                <ExpertLink lang="pl">http://www.orpha.net/consor/cgi-bin/OC_Exp.php?lng=pl&amp;Expert=576349</ExpertLink>
                                <Name lang="pl">Zespół rodzinnej zimnej choroby autoinflamatoryjnej związanej z NLRC4</Name>
                                <DisorderType id="21394">
                                  <Name lang="pl">Choroba</Name>
                                </DisorderType>
                              </Disorder>
                              <ClassificationNodeChildList count="0">
                              </ClassificationNodeChildList>
                            </ClassificationNode>
                          </ClassificationNodeChildList>
                        </ClassificationNode>
                        <ClassificationNode>
                          <Disorder id="21816">
                            <OrphaCode>324960</OrphaCode>
                            <ExpertLink lang="pl">http://www.orpha.net/consor/cgi-bin/OC_Exp.php?lng=pl&amp;Expert=324960</ExpertLink>
                            <Name lang="pl">Dziecięcy zespół gorączki okresowej o nieustalonej etiologii</Name>
                            <DisorderType id="36561">
                              <Name lang="pl">Kategoria</Name>
                            </DisorderType>
                          </Disorder>
                          <ClassificationNodeChildList count="1">
                            <ClassificationNode>
                              <Disorder id="10573">
                                <OrphaCode>42642</OrphaCode>
                                <ExpertLink lang="pl">http://www.orpha.net/consor/cgi-bin/OC_Exp.php?lng=pl&amp;Expert=42642</ExpertLink>
                                <Name lang="pl">Zespół PFAPA</Name>
                                <DisorderType id="21394">
                                  <Name lang="pl">Choroba</Name>
                                </DisorderType>
                              </Disorder>
                              <ClassificationNodeChildList count="0">
                              </ClassificationNodeChildList>
                            </ClassificationNode>
                          </ClassificationNodeChildList>
                        </ClassificationNode>
                      </ClassificationNodeChildList>
                    </ClassificationNode>
                    <ClassificationNode>
                      <Disorder id="21813">
                        <OrphaCode>324942</OrphaCode>
                        <ExpertLink lang="pl">http://www.orpha.net/consor/cgi-bin/OC_Exp.php?lng=pl&amp;Expert=324942</ExpertLink>
                        <Name lang="pl">Dziecięcy zespół autozapalenia ropnego</Name>
                        <DisorderType id="36561">
                          <Name lang="pl">Kategoria</Name>
                        </DisorderType>
                      </Disorder>
                      <ClassificationNodeChildList count="7">
                        <ClassificationNode>
                          <Disorder id="21817">
                            <OrphaCode>324964</OrphaCode>
                            <ExpertLink lang="pl">http://www.orpha.net/consor/cgi-bin/OC_Exp.php?lng=pl&amp;Expert=324964</ExpertLink>
                            <Name lang="pl">Przewlekłe nawracające wielookniskowe zapalenie kości i szpiku kostnego</Name>
                            <DisorderType id="21394">
                              <Name lang="pl">Choroba</Name>
                            </DisorderType>
                          </Disorder>
                          <ClassificationNodeChildList count="0">
                          </ClassificationNodeChildList>
                        </ClassificationNode>
                        <ClassificationNode>
                          <Disorder id="10924">
                            <OrphaCode>69126</OrphaCode>
                            <ExpertLink lang="pl">http://www.orpha.net/consor/cgi-bin/OC_Exp.php?lng=pl&amp;Expert=69126</ExpertLink>
                            <Name lang="pl">Ropne zapalenie stawów - piodermia zgorzelinowa - trądzik</Name>
                            <DisorderType id="21394">
                              <Name lang="pl">Choroba</Name>
                            </DisorderType>
                          </Disorder>
                          <ClassificationNodeChildList count="0">
                          </ClassificationNodeChildList>
                        </ClassificationNode>
                        <ClassificationNode>
                          <Disorder id="11109">
                            <OrphaCode>77297</OrphaCode>
                            <ExpertLink lang="pl">http://www.orpha.net/consor/cgi-bin/OC_Exp.php?lng=pl&amp;Expert=77297</ExpertLink>
                            <Name lang="pl">Zespół Majeed</Name>
                            <DisorderType id="21394">
                              <Name lang="pl">Choroba</Name>
                            </DisorderType>
                          </Disorder>
                          <ClassificationNodeChildList count="0">
                          </ClassificationNodeChildList>
                        </ClassificationNode>
                        <ClassificationNode>
                          <Disorder id="18683">
                            <OrphaCode>210115</OrphaCode>
                            <ExpertLink lang="pl">http://www.orpha.net/consor/cgi-bin/OC_Exp.php?lng=pl&amp;Expert=210115</ExpertLink>
                            <Name lang="pl">Jałowe wieloogniskowe zapalenie kości i szpiku z zapaleniem okostnej i krostkowicą</Name>
                            <DisorderType id="21394">
                              <Name lang="pl">Choroba</Name>
                            </DisorderType>
                          </Disorder>
                          <ClassificationNodeChildList count="0">
                          </ClassificationNodeChildList>
                        </ClassificationNode>
                        <ClassificationNode>
                          <Disorder id="20902">
                            <OrphaCode>294023</OrphaCode>
                            <ExpertLink lang="pl">http://www.orpha.net/consor/cgi-bin/OC_Exp.php?lng=pl&amp;Expert=294023</ExpertLink>
                            <Name lang="pl">Nieswoiste zapalenie skóry i jelit noworodków</Name>
                            <DisorderType id="21394">
                              <Name lang="pl">Choroba</Name>
                            </DisorderType>
                          </Disorder>
                          <ClassificationNodeChildList count="0">
                          </ClassificationNodeChildList>
                        </ClassificationNode>
                        <ClassificationNode>
                          <Disorder id="22937">
                            <OrphaCode>404546</OrphaCode>
                            <ExpertLink lang="pl">http://www.orpha.net/consor/cgi-bin/OC_Exp.php?lng=pl&amp;Expert=404546</ExpertLink>
                            <Name lang="pl">DITRA</Name>
                            <DisorderType id="21394">
                              <Name lang="pl">Choroba</Name>
                            </DisorderType>
                          </Disorder>
                          <ClassificationNodeChildList count="0">
                          </ClassificationNodeChildList>
                        </ClassificationNode>
                        <ClassificationNode>
                          <Disorder id="19644">
                            <OrphaCode>251523</OrphaCode>
                            <ExpertLink lang="pl">http://www.orpha.net/consor/cgi-bin/OC_Exp.php?lng=pl&amp;Expert=251523</ExpertLink>
                            <Name lang="pl">Nadmierne stężenie cynku i kalprotektyny we krwi</Name>
                            <DisorderType id="21394">
                              <Name lang="pl">Choroba</Name>
                            </DisorderType>
                          </Disorder>
                          <ClassificationNodeChildList count="0">
                          </ClassificationNodeChildList>
                        </ClassificationNode>
                      </ClassificationNodeChildList>
                    </ClassificationNode>
                    <ClassificationNode>
                      <Disorder id="21814">
                        <OrphaCode>324950</OrphaCode>
                        <ExpertLink lang="pl">http://www.orpha.net/consor/cgi-bin/OC_Exp.php?lng=pl&amp;Expert=324950</ExpertLink>
                        <Name lang="pl">Dziecięcy zespół autozapalenia ziarniniakowatego</Name>
                        <DisorderType id="36561">
                          <Name lang="pl">Kategoria</Name>
                        </DisorderType>
                      </Disorder>
                      <ClassificationNodeChildList count="2">
                        <ClassificationNode>
                          <Disorder id="12018">
                            <OrphaCode>90340</OrphaCode>
                            <ExpertLink lang="pl">http://www.orpha.net/consor/cgi-bin/OC_Exp.php?lng=pl&amp;Expert=90340</ExpertLink>
                            <Name lang="pl">Zespół Blaua</Name>
                            <DisorderType id="21394">
                              <Name lang="pl">Choroba</Name>
                            </DisorderType>
                          </Disorder>
                          <ClassificationNodeChildList count="0">
                          </ClassificationNodeChildList>
                        </ClassificationNode>
                        <ClassificationNode>
                          <Disorder id="19624">
                            <OrphaCode>251304</OrphaCode>
                            <ExpertLink lang="pl">http://www.orpha.net/consor/cgi-bin/OC_Exp.php?lng=pl&amp;Expert=251304</ExpertLink>
                            <Name lang="pl">Zapalenie tkanki tłuszczowej o początku w wieku dziecięcym z zapaleniem błony naczyniowej i ziarniniakowatością układową</Name>
                            <DisorderType id="21394">
                              <Name lang="pl">Choroba</Name>
                            </DisorderType>
                          </Disorder>
                          <ClassificationNodeChildList count="0">
                          </ClassificationNodeChildList>
                        </ClassificationNode>
                      </ClassificationNodeChildList>
                    </ClassificationNode>
                    <ClassificationNode>
                      <Disorder id="21815">
                        <OrphaCode>324953</OrphaCode>
                        <ExpertLink lang="pl">http://www.orpha.net/consor/cgi-bin/OC_Exp.php?lng=pl&amp;Expert=324953</ExpertLink>
                        <Name lang="pl">Dziecięcy zespół autozapalenia nieskalsyfikowany</Name>
                        <DisorderType id="36561">
                          <Name lang="pl">Kategoria</Name>
                        </DisorderType>
                      </Disorder>
                      <ClassificationNodeChildList count="5">
                        <ClassificationNode>
                          <Disorder id="703">
                            <OrphaCode>117</OrphaCode>
                            <ExpertLink lang="pl">http://www.orpha.net/consor/cgi-bin/OC_Exp.php?lng=pl&amp;Expert=117</ExpertLink>
                            <Name lang="pl">Choroba Behçeta</Name>
                            <DisorderType id="21394">
                              <Name lang="pl">Choroba</Name>
                            </DisorderType>
                          </Disorder>
                          <ClassificationNodeChildList count="0">
                          </ClassificationNodeChildList>
                        </ClassificationNode>
                        <ClassificationNode>
                          <Disorder id="19625">
                            <OrphaCode>251307</OrphaCode>
                            <ExpertLink lang="pl">http://www.orpha.net/consor/cgi-bin/OC_Exp.php?lng=pl&amp;Expert=251307</ExpertLink>
                            <Name lang="pl">Idiopatyczne nawracające zapalenie osierdzia</Name>
                            <DisorderType id="21394">
                              <Name lang="pl">Choroba</Name>
                            </DisorderType>
                          </Disorder>
                          <ClassificationNodeChildList count="0">
                          </ClassificationNodeChildList>
                        </ClassificationNode>
                        <ClassificationNode>
                          <Disorder id="25087">
                            <OrphaCode>476102</OrphaCode>
                            <ExpertLink lang="pl">http://www.orpha.net/consor/cgi-bin/OC_Exp.php?lng=pl&amp;Expert=476102</ExpertLink>
                            <Name lang="pl">Dziedziczna dziecięca choroba podobna do choroby Behçeta</Name>
                            <DisorderType id="21394">
                              <Name lang="pl">Choroba</Name>
                            </DisorderType>
                          </Disorder>
                          <ClassificationNodeChildList count="0">
                          </ClassificationNodeChildList>
                        </ClassificationNode>
                        <ClassificationNode>
                          <Disorder id="996">
                            <OrphaCode>184</OrphaCode>
                            <ExpertLink lang="pl">http://www.orpha.net/consor/cgi-bin/OC_Exp.php?lng=pl&amp;Expert=184</ExpertLink>
                            <Name lang="pl">Cherubizm</Name>
                            <DisorderType id="21401">
                              <Name lang="pl">Zespół wad wrodzonych</Name>
                            </DisorderType>
                          </Disorder>
                          <ClassificationNodeChildList count="0">
                          </ClassificationNodeChildList>
                        </ClassificationNode>
                        <ClassificationNode>
                          <Disorder id="23209">
                            <OrphaCode>425120</OrphaCode>
                            <ExpertLink lang="pl">http://www.orpha.net/consor/cgi-bin/OC_Exp.php?lng=pl&amp;Expert=425120</ExpertLink>
                            <Name lang="pl">Waskulopatia zależna od STING o początku w wieku niemowlęcym</Name>
                            <DisorderType id="21394">
                              <Name lang="pl">Choroba</Name>
                            </DisorderType>
                          </Disorder>
                          <ClassificationNodeChildList count="0">
                          </ClassificationNodeChildList>
                        </ClassificationNode>
                      </ClassificationNodeChildList>
                    </ClassificationNode>
                    <ClassificationNode>
                      <Disorder id="3057">
                        <OrphaCode>3243</OrphaCode>
                        <ExpertLink lang="pl">http://www.orpha.net/consor/cgi-bin/OC_Exp.php?lng=pl&amp;Expert=3243</ExpertLink>
                        <Name lang="pl">Zespół Sweeta</Name>
                        <DisorderType id="21394">
                          <Name lang="pl">Choroba</Name>
                        </DisorderType>
                      </Disorder>
                      <ClassificationNodeChildList count="0">
                      </ClassificationNodeChildList>
                    </ClassificationNode>
                    <ClassificationNode>
                      <Disorder id="25241">
                        <OrphaCode>481671</OrphaCode>
                        <ExpertLink lang="pl">http://www.orpha.net/consor/cgi-bin/OC_Exp.php?lng=pl&amp;Expert=481671</ExpertLink>
                        <Name lang="pl">Interferonopatia dziecięca typu 1</Name>
                        <DisorderType id="36561">
                          <Name lang="pl">Kategoria</Name>
                        </DisorderType>
                      </Disorder>
                      <ClassificationNodeChildList count="13">
                        <ClassificationNode>
                          <Disorder id="1309">
                            <OrphaCode>51</OrphaCode>
                            <ExpertLink lang="pl">http://www.orpha.net/consor/cgi-bin/OC_Exp.php?lng=pl&amp;Expert=51</ExpertLink>
                            <Name lang="pl">Zespół Aicardiego i Goutièresa</Name>
                            <DisorderType id="21394">
                              <Name lang="pl">Choroba</Name>
                            </DisorderType>
                          </Disorder>
                          <ClassificationNodeChildList count="0">
                          </ClassificationNodeChildList>
                        </ClassificationNode>
                        <ClassificationNode>
                          <Disorder id="25239">
                            <OrphaCode>481662</OrphaCode>
                            <ExpertLink lang="pl">http://www.orpha.net/consor/cgi-bin/OC_Exp.php?lng=pl&amp;Expert=481662</ExpertLink>
                            <Name lang="pl">Rodzinny toczeń odmrozinowy</Name>
                            <DisorderType id="21394">
                              <Name lang="pl">Choroba</Name>
                            </DisorderType>
                          </Disorder>
                          <ClassificationNodeChildList count="0">
                          </ClassificationNodeChildList>
                        </ClassificationNode>
                        <ClassificationNode>
                          <Disorder id="2842">
                            <OrphaCode>1855</OrphaCode>
                            <ExpertLink lang="pl">http://www.orpha.net/consor/cgi-bin/OC_Exp.php?lng=pl&amp;Expert=1855</ExpertLink>
                            <Name lang="pl">Dysplazja kręgowa ze zmianami podobnymi do chrzęstniaków</Name>
                            <DisorderType id="21401">
                              <Name lang="pl">Zespół wad wrodzonych</Name>
                            </DisorderType>
                          </Disorder>
                          <ClassificationNodeChildList count="0">
                          </ClassificationNodeChildList>
                        </ClassificationNode>
                        <ClassificationNode>
                          <Disorder id="21114">
                            <OrphaCode>300345</OrphaCode>
                            <ExpertLink lang="pl">http://www.orpha.net/consor/cgi-bin/OC_Exp.php?lng=pl&amp;Expert=300345</ExpertLink>
                            <Name lang="pl">Autosomalny  toczeń rumieniowaty układowy</Name>
                            <DisorderType id="21394">
                              <Name lang="pl">Choroba</Name>
                            </DisorderType>
                          </Disorder>
                          <ClassificationNodeChildList count="0">
                          </ClassificationNodeChildList>
                        </ClassificationNode>
                        <ClassificationNode>
                          <Disorder id="21819">
                            <OrphaCode>324977</OrphaCode>
                            <ExpertLink lang="pl">http://www.orpha.net/consor/cgi-bin/OC_Exp.php?lng=pl&amp;Expert=324977</ExpertLink>
                            <Name lang="pl">Zespół niestabilności proteasomów</Name>
                            <DisorderType id="21394">
                              <Name lang="pl">Choroba</Name>
                            </DisorderType>
                          </Disorder>
                          <ClassificationNodeChildList count="0">
                          </ClassificationNodeChildList>
                        </ClassificationNode>
                        <ClassificationNode>
                          <Disorder id="11649">
                            <OrphaCode>85191</OrphaCode>
                            <ExpertLink lang="pl">http://www.orpha.net/consor/cgi-bin/OC_Exp.php?lng=pl&amp;Expert=85191</ExpertLink>
                            <Name lang="pl">Dysplazja Singletona i Mertena</Name>
                            <DisorderType id="21401">
                              <Name lang="pl">Zespół wad wrodzonych</Name>
                            </DisorderType>
                          </Disorder>
                          <ClassificationNodeChildList count="0">
                          </ClassificationNodeChildList>
                        </ClassificationNode>
                        <ClassificationNode>
                          <Disorder id="21674">
                            <OrphaCode>319563</OrphaCode>
                            <ExpertLink lang="pl">http://www.orpha.net/consor/cgi-bin/OC_Exp.php?lng=pl&amp;Expert=319563</ExpertLink>
                            <Name lang="pl">Mendlowska podatność na choroby mykobakteryjne z powodu całkowitego niedoboru ISG15</Name>
                            <DisorderType id="21394">
                              <Name lang="pl">Choroba</Name>
                            </DisorderType>
                          </Disorder>
                          <ClassificationNodeChildList count="0">
                          </ClassificationNodeChildList>
                        </ClassificationNode>
                        <ClassificationNode>
                          <Disorder id="11605">
                            <OrphaCode>84064</OrphaCode>
                            <ExpertLink lang="pl">http://www.orpha.net/consor/cgi-bin/OC_Exp.php?lng=pl&amp;Expert=84064</ExpertLink>
                            <Name lang="pl">Biegunka syndromiczna</Name>
                            <DisorderType id="21394">
                              <Name lang="pl">Choroba</Name>
                            </DisorderType>
                          </Disorder>
                          <ClassificationNodeChildList count="0">
                          </ClassificationNodeChildList>
                        </ClassificationNode>
                        <ClassificationNode>
                          <Disorder id="23209">
                            <OrphaCode>425120</OrphaCode>
                            <ExpertLink lang="pl">http://www.orpha.net/consor/cgi-bin/OC_Exp.php?lng=pl&amp;Expert=425120</ExpertLink>
                            <Name lang="pl">Waskulopatia zależna od STING o początku w wieku niemowlęcym</Name>
                            <DisorderType id="21394">
                              <Name lang="pl">Choroba</Name>
                            </DisorderType>
                          </Disorder>
                          <ClassificationNodeChildList count="0">
                          </ClassificationNodeChildList>
                        </ClassificationNode>
                        <ClassificationNode>
                          <Disorder id="11724">
                            <OrphaCode>85453</OrphaCode>
                            <ExpertLink lang="pl">http://www.orpha.net/consor/cgi-bin/OC_Exp.php?lng=pl&amp;Expert=85453</ExpertLink>
                            <Name lang="pl">Siateczkowate zaburzenie barwnikowe sprzężone z chromosomem X</Name>
                            <DisorderType id="21394">
                              <Name lang="pl">Choroba</Name>
                            </DisorderType>
                          </Disorder>
                          <ClassificationNodeChildList count="0">
                          </ClassificationNodeChildList>
                        </ClassificationNode>
                        <ClassificationNode>
                          <Disorder id="22938">
                            <OrphaCode>404553</OrphaCode>
                            <ExpertLink lang="pl">http://www.orpha.net/consor/cgi-bin/OC_Exp.php?lng=pl&amp;Expert=404553</ExpertLink>
                            <Name lang="pl">Zapalenie naczyń z powodu niedoboru ADA2</Name>
                            <DisorderType id="21394">
                              <Name lang="pl">Choroba</Name>
                            </DisorderType>
                          </Disorder>
                          <ClassificationNodeChildList count="0">
                          </ClassificationNodeChildList>
                        </ClassificationNode>
                        <ClassificationNode>
                          <Disorder id="25240">
                            <OrphaCode>481665</OrphaCode>
                            <ExpertLink lang="pl">http://www.orpha.net/consor/cgi-bin/OC_Exp.php?lng=pl&amp;Expert=481665</ExpertLink>
                            <Name lang="pl">Niedobór UPS18</Name>
                            <DisorderType id="21394">
                              <Name lang="pl">Choroba</Name>
                            </DisorderType>
                          </Disorder>
                          <ClassificationNodeChildList count="0">
                          </ClassificationNodeChildList>
                        </ClassificationNode>
                        <ClassificationNode>
                          <Disorder id="31416">
                            <OrphaCode>619367</OrphaCode>
                            <ExpertLink lang="pl">http://www.orpha.net/consor/cgi-bin/OC_Exp.php?lng=pl&amp;Expert=619367</ExpertLink>
                            <Name lang="pl">Zespół autozapalny związany z SAMD9L</Name>
                            <DisorderType id="21394">
                              <Name lang="pl">Choroba</Name>
                            </DisorderType>
                          </Disorder>
                          <ClassificationNodeChildList count="0">
                          </ClassificationNodeChildList>
                        </ClassificationNode>
                      </ClassificationNodeChildList>
                    </ClassificationNode>
                  </ClassificationNodeChildList>
                </ClassificationNode>
                <ClassificationNode>
                  <Disorder id="21950">
                    <OrphaCode>329967</OrphaCode>
                    <ExpertLink lang="pl">http://www.orpha.net/consor/cgi-bin/OC_Exp.php?lng=pl&amp;Expert=329967</ExpertLink>
                    <Name lang="pl">Nawracające wysiękowe zapalenie stawu</Name>
                    <DisorderType id="21394">
                      <Name lang="pl">Choroba</Name>
                    </DisorderType>
                  </Disorder>
                  <ClassificationNodeChildList count="0">
                  </ClassificationNodeChildList>
                </ClassificationNode>
              </ClassificationNodeChildList>
            </ClassificationNode>
          </ClassificationNodeChildList>
        </ClassificationNode>
      </ClassificationNodeRootList>
    </Classification>
  </ClassificationList>
</JDBOR>
