<?xml version="1.0" encoding="ISO-8859-1"?>
<JDBOR ExtractionDate="2022-06-14 07:56:13" version="1.3.16 / 4.1.7 [2022-01-26] (orientdb version)" copyright="Orphanet (c) 2022" dbserver="jdbc:sybase:Tds:canard.orpha.net:2020">
  <Availability> 
    <Licence>
      <FullName lang="en">Creative Commons Attribution 4.0 International</FullName>
      <ShortIdentifier>CC-BY-4.0</ShortIdentifier>
      <LegalCode>https://creativecommons.org/licenses/by/4.0/legalcode</LegalCode>
    </Licence>
  </Availability>
  <ClassificationList count="1">
    <Classification id="235">
      <OrphaNumber>616871</OrphaNumber>
      <Name lang="nl">Orphanet classificatie van zeldzame aandoening zonder gestelde diagnose</Name>
      <ClassificationNodeRootList count="1">
        <ClassificationNode>
          <ClassificationNodeChildList count="1">
            <ClassificationNode>
              <Disorder id="31336">
                <OrphaCode>616874</OrphaCode>
                <ExpertLink lang="nl">http://www.orpha.net/consor/cgi-bin/OC_Exp.php?lng=nl&amp;Expert=616874</ExpertLink>
                <Name lang="nl">Zeldzame aandoening zonder gestelde diagnose na volledig onderzoek</Name>
                <DisorderType id="21394">
                  <Name lang="nl">Ziekte</Name>
                </DisorderType>
              </Disorder>
              <ClassificationNodeChildList count="0">
              </ClassificationNodeChildList>
            </ClassificationNode>
          </ClassificationNodeChildList>
        </ClassificationNode>
      </ClassificationNodeRootList>
    </Classification>
  </ClassificationList>
</JDBOR>
