<?xml version="1.0" encoding="UTF-8"?>
<JDBOR ExtractionDate="2025-06-24 07:59:45" version="1.3.42 / 4.1.8 [2025-03-03]" copyright="Orphanet (c) 2025" dbserver="jdbc:sybase:Tds:canard.orpha.net:2020">
  <Availability> 
    <Licence>
      <FullName lang="en">Creative Commons Attribution 4.0 International</FullName>
      <ShortIdentifier>CC-BY-4.0</ShortIdentifier>
      <LegalCode>https://creativecommons.org/licenses/by/4.0/legalcode</LegalCode>
    </Licence>
  </Availability>
  <ClassificationList count="1">
    <Classification id="231">
      <OrphaNumber>280338</OrphaNumber>
      <Name lang="nl">Classificatie van zeldzame reumatologische aandoeningen in de kinderjaren</Name>
      <ClassificationNodeRootList count="1">
        <ClassificationNode>
          <Disorder id="20456">
            <OrphaCode>280342</OrphaCode>
            <ExpertLink lang="nl">http://www.orpha.net/consor/cgi-bin/OC_Exp.php?lng=nl&amp;Expert=280342</ExpertLink>
            <Name lang="nl">Zeldzame systemische of reumatologische ziekte van de kindertijd</Name>
            <DisorderType id="36561">
              <Name lang="nl">Categorie</Name>
            </DisorderType>
          </Disorder>
          <ClassificationNodeChildList count="3">
            <ClassificationNode>
              <Disorder id="20461">
                <OrphaCode>280369</OrphaCode>
                <ExpertLink lang="nl">http://www.orpha.net/consor/cgi-bin/OC_Exp.php?lng=nl&amp;Expert=280369</ExpertLink>
                <Name lang="nl">Zeldzame pediatrische vasculitis</Name>
                <DisorderType id="36561">
                  <Name lang="nl">Categorie</Name>
                </DisorderType>
              </Disorder>
              <ClassificationNodeChildList count="12">
                <ClassificationNode>
                  <Disorder id="749">
                    <OrphaCode>761</OrphaCode>
                    <ExpertLink lang="nl">http://www.orpha.net/consor/cgi-bin/OC_Exp.php?lng=nl&amp;Expert=761</ExpertLink>
                    <Name lang="nl">Immunoglobuline A-vasculitis</Name>
                    <DisorderType id="21394">
                      <Name lang="nl">Ziekte</Name>
                    </DisorderType>
                  </Disorder>
                  <ClassificationNodeChildList count="0">
                  </ClassificationNodeChildList>
                </ClassificationNode>
                <ClassificationNode>
                  <Disorder id="788">
                    <OrphaCode>2331</OrphaCode>
                    <ExpertLink lang="nl">http://www.orpha.net/consor/cgi-bin/OC_Exp.php?lng=nl&amp;Expert=2331</ExpertLink>
                    <Name lang="nl">Ziekte van Kawasaki</Name>
                    <DisorderType id="21394">
                      <Name lang="nl">Ziekte</Name>
                    </DisorderType>
                  </Disorder>
                  <ClassificationNodeChildList count="0">
                  </ClassificationNodeChildList>
                </ClassificationNode>
                <ClassificationNode>
                  <Disorder id="806">
                    <OrphaCode>3287</OrphaCode>
                    <ExpertLink lang="nl">http://www.orpha.net/consor/cgi-bin/OC_Exp.php?lng=nl&amp;Expert=3287</ExpertLink>
                    <Name lang="nl">Takayasu-arteriitis</Name>
                    <DisorderType id="21394">
                      <Name lang="nl">Ziekte</Name>
                    </DisorderType>
                  </Disorder>
                  <ClassificationNodeChildList count="0">
                  </ClassificationNodeChildList>
                </ClassificationNode>
                <ClassificationNode>
                  <Disorder id="3403">
                    <OrphaCode>767</OrphaCode>
                    <ExpertLink lang="nl">http://www.orpha.net/consor/cgi-bin/OC_Exp.php?lng=nl&amp;Expert=767</ExpertLink>
                    <Name lang="nl">Polyarteriitis nodosa</Name>
                    <DisorderType id="21394">
                      <Name lang="nl">Ziekte</Name>
                    </DisorderType>
                  </Disorder>
                  <ClassificationNodeChildList count="2">
                    <ClassificationNode>
                      <Disorder id="23387">
                        <OrphaCode>439737</OrphaCode>
                        <ExpertLink lang="nl">http://www.orpha.net/consor/cgi-bin/OC_Exp.php?lng=nl&amp;Expert=439737</ExpertLink>
                        <Name lang="nl">Primaire polyarteriitis nodosa</Name>
                        <DisorderType id="21450">
                          <Name lang="nl">Klinisch subtype</Name>
                        </DisorderType>
                      </Disorder>
                      <ClassificationNodeChildList count="3">
                        <ClassificationNode>
                          <Disorder id="23386">
                            <OrphaCode>439729</OrphaCode>
                            <ExpertLink lang="nl">http://www.orpha.net/consor/cgi-bin/OC_Exp.php?lng=nl&amp;Expert=439729</ExpertLink>
                            <Name lang="nl">Cutane polyarteriitis nodosa</Name>
                            <DisorderType id="21450">
                              <Name lang="nl">Klinisch subtype</Name>
                            </DisorderType>
                          </Disorder>
                          <ClassificationNodeChildList count="0">
                          </ClassificationNodeChildList>
                        </ClassificationNode>
                        <ClassificationNode>
                          <Disorder id="23389">
                            <OrphaCode>439755</OrphaCode>
                            <ExpertLink lang="nl">http://www.orpha.net/consor/cgi-bin/OC_Exp.php?lng=nl&amp;Expert=439755</ExpertLink>
                            <Name lang="nl">Polyarteriitis nodosa van een enkel orgaan</Name>
                            <DisorderType id="21450">
                              <Name lang="nl">Klinisch subtype</Name>
                            </DisorderType>
                          </Disorder>
                          <ClassificationNodeChildList count="0">
                          </ClassificationNodeChildList>
                        </ClassificationNode>
                        <ClassificationNode>
                          <Disorder id="23390">
                            <OrphaCode>439762</OrphaCode>
                            <ExpertLink lang="nl">http://www.orpha.net/consor/cgi-bin/OC_Exp.php?lng=nl&amp;Expert=439762</ExpertLink>
                            <Name lang="nl">Systemische polyarteriitis nodosa</Name>
                            <DisorderType id="21450">
                              <Name lang="nl">Klinisch subtype</Name>
                            </DisorderType>
                          </Disorder>
                          <ClassificationNodeChildList count="0">
                          </ClassificationNodeChildList>
                        </ClassificationNode>
                      </ClassificationNodeChildList>
                    </ClassificationNode>
                    <ClassificationNode>
                      <Disorder id="23388">
                        <OrphaCode>439746</OrphaCode>
                        <ExpertLink lang="nl">http://www.orpha.net/consor/cgi-bin/OC_Exp.php?lng=nl&amp;Expert=439746</ExpertLink>
                        <Name lang="nl">Secundaire polyarteriitis nodosa</Name>
                        <DisorderType id="21450">
                          <Name lang="nl">Klinisch subtype</Name>
                        </DisorderType>
                      </Disorder>
                      <ClassificationNodeChildList count="0">
                      </ClassificationNodeChildList>
                    </ClassificationNode>
                  </ClassificationNodeChildList>
                </ClassificationNode>
                <ClassificationNode>
                  <Disorder id="3333">
                    <OrphaCode>1467</OrphaCode>
                    <ExpertLink lang="nl">http://www.orpha.net/consor/cgi-bin/OC_Exp.php?lng=nl&amp;Expert=1467</ExpertLink>
                    <Name lang="nl">Syndroom van Cogan</Name>
                    <DisorderType id="21394">
                      <Name lang="nl">Ziekte</Name>
                    </DisorderType>
                  </Disorder>
                  <ClassificationNodeChildList count="0">
                  </ClassificationNodeChildList>
                </ClassificationNode>
                <ClassificationNode>
                  <Disorder id="10428">
                    <OrphaCode>36412</OrphaCode>
                    <ExpertLink lang="nl">http://www.orpha.net/consor/cgi-bin/OC_Exp.php?lng=nl&amp;Expert=36412</ExpertLink>
                    <Name lang="nl">Hypocomplementemische urticariële vasculitis</Name>
                    <DisorderType id="21394">
                      <Name lang="nl">Ziekte</Name>
                    </DisorderType>
                  </Disorder>
                  <ClassificationNodeChildList count="0">
                  </ClassificationNodeChildList>
                </ClassificationNode>
                <ClassificationNode>
                  <Disorder id="12115">
                    <OrphaCode>91138</OrphaCode>
                    <ExpertLink lang="nl">http://www.orpha.net/consor/cgi-bin/OC_Exp.php?lng=nl&amp;Expert=91138</ExpertLink>
                    <Name lang="nl">Cryoglobulinemische vasculitis</Name>
                    <DisorderType id="21394">
                      <Name lang="nl">Ziekte</Name>
                    </DisorderType>
                  </Disorder>
                  <ClassificationNodeChildList count="2">
                    <ClassificationNode>
                      <Disorder id="12396">
                        <OrphaCode>93554</OrphaCode>
                        <ExpertLink lang="nl">http://www.orpha.net/consor/cgi-bin/OC_Exp.php?lng=nl&amp;Expert=93554</ExpertLink>
                        <Name lang="nl">Gemengde cryoglobulinemie type II</Name>
                        <DisorderType id="21443">
                          <Name lang="nl">Etiologisch subtype</Name>
                        </DisorderType>
                      </Disorder>
                      <ClassificationNodeChildList count="0">
                      </ClassificationNodeChildList>
                    </ClassificationNode>
                    <ClassificationNode>
                      <Disorder id="12397">
                        <OrphaCode>93555</OrphaCode>
                        <ExpertLink lang="nl">http://www.orpha.net/consor/cgi-bin/OC_Exp.php?lng=nl&amp;Expert=93555</ExpertLink>
                        <Name lang="nl">Gemengde cryoglobulinemie type III</Name>
                        <DisorderType id="21443">
                          <Name lang="nl">Etiologisch subtype</Name>
                        </DisorderType>
                      </Disorder>
                      <ClassificationNodeChildList count="0">
                      </ClassificationNodeChildList>
                    </ClassificationNode>
                  </ClassificationNodeChildList>
                </ClassificationNode>
                <ClassificationNode>
                  <Disorder id="17099">
                    <OrphaCode>156152</OrphaCode>
                    <ExpertLink lang="nl">http://www.orpha.net/consor/cgi-bin/OC_Exp.php?lng=nl&amp;Expert=156152</ExpertLink>
                    <Name lang="nl">Antineutrofiele cytoplasmatische antistoffen-geassocieerde vasculitis</Name>
                    <DisorderType id="21436">
                      <Name lang="nl">Group of phenomes</Name>
                    </DisorderType>
                  </Disorder>
                  <ClassificationNodeChildList count="3">
                    <ClassificationNode>
                      <Disorder id="745">
                        <OrphaCode>183</OrphaCode>
                        <ExpertLink lang="nl">http://www.orpha.net/consor/cgi-bin/OC_Exp.php?lng=nl&amp;Expert=183</ExpertLink>
                        <Name lang="nl">Eosinofiele granulomatose met polyangiitis</Name>
                        <DisorderType id="21394">
                          <Name lang="nl">Ziekte</Name>
                        </DisorderType>
                      </Disorder>
                      <ClassificationNodeChildList count="0">
                      </ClassificationNodeChildList>
                    </ClassificationNode>
                    <ClassificationNode>
                      <Disorder id="753">
                        <OrphaCode>727</OrphaCode>
                        <ExpertLink lang="nl">http://www.orpha.net/consor/cgi-bin/OC_Exp.php?lng=nl&amp;Expert=727</ExpertLink>
                        <Name lang="nl">Microscopische polyangiitis</Name>
                        <DisorderType id="21394">
                          <Name lang="nl">Ziekte</Name>
                        </DisorderType>
                      </Disorder>
                      <ClassificationNodeChildList count="0">
                      </ClassificationNodeChildList>
                    </ClassificationNode>
                    <ClassificationNode>
                      <Disorder id="759">
                        <OrphaCode>900</OrphaCode>
                        <ExpertLink lang="nl">http://www.orpha.net/consor/cgi-bin/OC_Exp.php?lng=nl&amp;Expert=900</ExpertLink>
                        <Name lang="nl">Granulomatose met polyangiitis</Name>
                        <DisorderType id="21394">
                          <Name lang="nl">Ziekte</Name>
                        </DisorderType>
                      </Disorder>
                      <ClassificationNodeChildList count="0">
                      </ClassificationNodeChildList>
                    </ClassificationNode>
                  </ClassificationNodeChildList>
                </ClassificationNode>
                <ClassificationNode>
                  <Disorder id="19629">
                    <OrphaCode>251328</OrphaCode>
                    <ExpertLink lang="nl">http://www.orpha.net/consor/cgi-bin/OC_Exp.php?lng=nl&amp;Expert=251328</ExpertLink>
                    <Name lang="nl">Niet-geclassificeerde vasculitis</Name>
                    <DisorderType id="21394">
                      <Name lang="nl">Ziekte</Name>
                    </DisorderType>
                  </Disorder>
                  <ClassificationNodeChildList count="0">
                  </ClassificationNodeChildList>
                </ClassificationNode>
                <ClassificationNode>
                  <Disorder id="23521">
                    <OrphaCode>445197</OrphaCode>
                    <ExpertLink lang="nl">http://www.orpha.net/consor/cgi-bin/OC_Exp.php?lng=nl&amp;Expert=445197</ExpertLink>
                    <Name lang="nl">Secundaire vasculitis</Name>
                    <DisorderType id="36561">
                      <Name lang="nl">Categorie</Name>
                    </DisorderType>
                  </Disorder>
                  <ClassificationNodeChildList count="2">
                    <ClassificationNode>
                      <Disorder id="10626">
                        <OrphaCode>48435</OrphaCode>
                        <ExpertLink lang="nl">http://www.orpha.net/consor/cgi-bin/OC_Exp.php?lng=nl&amp;Expert=48435</ExpertLink>
                        <Name lang="nl">Postinfectieuze vasculitis</Name>
                        <DisorderType id="21394">
                          <Name lang="nl">Ziekte</Name>
                        </DisorderType>
                      </Disorder>
                      <ClassificationNodeChildList count="0">
                      </ClassificationNodeChildList>
                    </ClassificationNode>
                    <ClassificationNode>
                      <Disorder id="19628">
                        <OrphaCode>251325</OrphaCode>
                        <ExpertLink lang="nl">http://www.orpha.net/consor/cgi-bin/OC_Exp.php?lng=nl&amp;Expert=251325</ExpertLink>
                        <Name lang="nl">Medicatiegeïnduceerde vasculitis</Name>
                        <DisorderType id="21394">
                          <Name lang="nl">Ziekte</Name>
                        </DisorderType>
                      </Disorder>
                      <ClassificationNodeChildList count="0">
                      </ClassificationNodeChildList>
                    </ClassificationNode>
                  </ClassificationNodeChildList>
                </ClassificationNode>
                <ClassificationNode>
                  <Disorder id="22938">
                    <OrphaCode>404553</OrphaCode>
                    <ExpertLink lang="nl">http://www.orpha.net/consor/cgi-bin/OC_Exp.php?lng=nl&amp;Expert=404553</ExpertLink>
                    <Name lang="nl">Deficiëntie van adenosinedeaminase 2</Name>
                    <DisorderType id="21394">
                      <Name lang="nl">Ziekte</Name>
                    </DisorderType>
                  </Disorder>
                  <ClassificationNodeChildList count="0">
                  </ClassificationNodeChildList>
                </ClassificationNode>
                <ClassificationNode>
                  <Disorder id="23209">
                    <OrphaCode>425120</OrphaCode>
                    <ExpertLink lang="nl">http://www.orpha.net/consor/cgi-bin/OC_Exp.php?lng=nl&amp;Expert=425120</ExpertLink>
                    <Name lang="nl">STING-geassocieerde vasculopathie met aanvang in de zuigelingentijd</Name>
                    <DisorderType id="21394">
                      <Name lang="nl">Ziekte</Name>
                    </DisorderType>
                  </Disorder>
                  <ClassificationNodeChildList count="0">
                  </ClassificationNodeChildList>
                </ClassificationNode>
              </ClassificationNodeChildList>
            </ClassificationNode>
            <ClassificationNode>
              <Disorder id="20462">
                <OrphaCode>280373</OrphaCode>
                <ExpertLink lang="nl">http://www.orpha.net/consor/cgi-bin/OC_Exp.php?lng=nl&amp;Expert=280373</ExpertLink>
                <Name lang="nl">Zeldzame pediatrische systemische ziekte</Name>
                <DisorderType id="36561">
                  <Name lang="nl">Categorie</Name>
                </DisorderType>
              </Disorder>
              <ClassificationNodeChildList count="14">
                <ClassificationNode>
                  <Disorder id="12002">
                    <OrphaCode>90291</OrphaCode>
                    <ExpertLink lang="nl">http://www.orpha.net/consor/cgi-bin/OC_Exp.php?lng=nl&amp;Expert=90291</ExpertLink>
                    <Name lang="nl">Systemische sclerose</Name>
                    <DisorderType id="21394">
                      <Name lang="nl">Ziekte</Name>
                    </DisorderType>
                  </Disorder>
                  <ClassificationNodeChildList count="3">
                    <ClassificationNode>
                      <Disorder id="18906">
                        <OrphaCode>220402</OrphaCode>
                        <ExpertLink lang="nl">http://www.orpha.net/consor/cgi-bin/OC_Exp.php?lng=nl&amp;Expert=220402</ExpertLink>
                        <Name lang="nl">Gelimiteerde cutane systemische sclerose</Name>
                        <DisorderType id="21450">
                          <Name lang="nl">Klinisch subtype</Name>
                        </DisorderType>
                      </Disorder>
                      <ClassificationNodeChildList count="0">
                      </ClassificationNodeChildList>
                    </ClassificationNode>
                    <ClassificationNode>
                      <Disorder id="18907">
                        <OrphaCode>220407</OrphaCode>
                        <ExpertLink lang="nl">http://www.orpha.net/consor/cgi-bin/OC_Exp.php?lng=nl&amp;Expert=220407</ExpertLink>
                        <Name lang="nl">Gelimiteerde systemische sclerose</Name>
                        <DisorderType id="21450">
                          <Name lang="nl">Klinisch subtype</Name>
                        </DisorderType>
                      </Disorder>
                      <ClassificationNodeChildList count="0">
                      </ClassificationNodeChildList>
                    </ClassificationNode>
                    <ClassificationNode>
                      <Disorder id="18905">
                        <OrphaCode>220393</OrphaCode>
                        <ExpertLink lang="nl">http://www.orpha.net/consor/cgi-bin/OC_Exp.php?lng=nl&amp;Expert=220393</ExpertLink>
                        <Name lang="nl">Diffuse cutane systemische sclerose</Name>
                        <DisorderType id="21450">
                          <Name lang="nl">Klinisch subtype</Name>
                        </DisorderType>
                      </Disorder>
                      <ClassificationNodeChildList count="0">
                      </ClassificationNodeChildList>
                    </ClassificationNode>
                  </ClassificationNodeChildList>
                </ClassificationNode>
                <ClassificationNode>
                  <Disorder id="19630">
                    <OrphaCode>251332</OrphaCode>
                    <ExpertLink lang="nl">http://www.orpha.net/consor/cgi-bin/OC_Exp.php?lng=nl&amp;Expert=251332</ExpertLink>
                    <Name lang="nl">Onverklaarbare langdurige koorts/inflammatoir syndroom</Name>
                    <DisorderType id="21394">
                      <Name lang="nl">Ziekte</Name>
                    </DisorderType>
                  </Disorder>
                  <ClassificationNodeChildList count="0">
                  </ClassificationNodeChildList>
                </ClassificationNode>
                <ClassificationNode>
                  <Disorder id="735">
                    <OrphaCode>797</OrphaCode>
                    <ExpertLink lang="nl">http://www.orpha.net/consor/cgi-bin/OC_Exp.php?lng=nl&amp;Expert=797</ExpertLink>
                    <Name lang="nl">Sarcoïdose</Name>
                    <DisorderType id="21394">
                      <Name lang="nl">Ziekte</Name>
                    </DisorderType>
                  </Disorder>
                  <ClassificationNodeChildList count="0">
                  </ClassificationNodeChildList>
                </ClassificationNode>
                <ClassificationNode>
                  <Disorder id="755">
                    <OrphaCode>3165</OrphaCode>
                    <ExpertLink lang="nl">http://www.orpha.net/consor/cgi-bin/OC_Exp.php?lng=nl&amp;Expert=3165</ExpertLink>
                    <Name lang="nl">Eosinofiele fasciitis</Name>
                    <DisorderType id="21394">
                      <Name lang="nl">Ziekte</Name>
                    </DisorderType>
                  </Disorder>
                  <ClassificationNodeChildList count="0">
                  </ClassificationNodeChildList>
                </ClassificationNode>
                <ClassificationNode>
                  <Disorder id="12394">
                    <OrphaCode>93552</OrphaCode>
                    <ExpertLink lang="nl">http://www.orpha.net/consor/cgi-bin/OC_Exp.php?lng=nl&amp;Expert=93552</ExpertLink>
                    <Name lang="nl">Pediatrische systemische lupus erythematosus</Name>
                    <DisorderType id="21394">
                      <Name lang="nl">Ziekte</Name>
                    </DisorderType>
                  </Disorder>
                  <ClassificationNodeChildList count="0">
                  </ClassificationNodeChildList>
                </ClassificationNode>
                <ClassificationNode>
                  <Disorder id="12410">
                    <OrphaCode>93568</OrphaCode>
                    <ExpertLink lang="nl">http://www.orpha.net/consor/cgi-bin/OC_Exp.php?lng=nl&amp;Expert=93568</ExpertLink>
                    <Name lang="nl">Juveniele polymyositis</Name>
                    <DisorderType id="21394">
                      <Name lang="nl">Ziekte</Name>
                    </DisorderType>
                  </Disorder>
                  <ClassificationNodeChildList count="0">
                  </ClassificationNodeChildList>
                </ClassificationNode>
                <ClassificationNode>
                  <Disorder id="12464">
                    <OrphaCode>93672</OrphaCode>
                    <ExpertLink lang="nl">http://www.orpha.net/consor/cgi-bin/OC_Exp.php?lng=nl&amp;Expert=93672</ExpertLink>
                    <Name lang="nl">Juveniele dermatomyositis</Name>
                    <DisorderType id="21394">
                      <Name lang="nl">Ziekte</Name>
                    </DisorderType>
                  </Disorder>
                  <ClassificationNodeChildList count="0">
                  </ClassificationNodeChildList>
                </ClassificationNode>
                <ClassificationNode>
                  <Disorder id="19626">
                    <OrphaCode>251312</OrphaCode>
                    <ExpertLink lang="nl">http://www.orpha.net/consor/cgi-bin/OC_Exp.php?lng=nl&amp;Expert=251312</ExpertLink>
                    <Name lang="nl">Overlappende bindweefselziekte</Name>
                    <DisorderType id="21436">
                      <Name lang="nl">Group of phenomes</Name>
                    </DisorderType>
                  </Disorder>
                  <ClassificationNodeChildList count="1">
                    <ClassificationNode>
                      <Disorder id="3631">
                        <OrphaCode>809</OrphaCode>
                        <ExpertLink lang="nl">http://www.orpha.net/consor/cgi-bin/OC_Exp.php?lng=nl&amp;Expert=809</ExpertLink>
                        <Name lang="nl">Gemengde bindweefselziekte</Name>
                        <DisorderType id="21394">
                          <Name lang="nl">Ziekte</Name>
                        </DisorderType>
                      </Disorder>
                      <ClassificationNodeChildList count="0">
                      </ClassificationNodeChildList>
                    </ClassificationNode>
                  </ClassificationNodeChildList>
                </ClassificationNode>
                <ClassificationNode>
                  <Disorder id="21115">
                    <OrphaCode>300359</OrphaCode>
                    <ExpertLink lang="nl">http://www.orpha.net/consor/cgi-bin/OC_Exp.php?lng=nl&amp;Expert=300359</ExpertLink>
                    <Name lang="nl">PLCG2-geassocieerde antilichaamdeficiëntie en immuundisregulatie</Name>
                    <DisorderType id="21394">
                      <Name lang="nl">Ziekte</Name>
                    </DisorderType>
                  </Disorder>
                  <ClassificationNodeChildList count="0">
                  </ClassificationNodeChildList>
                </ClassificationNode>
                <ClassificationNode>
                  <Disorder id="29878">
                    <OrphaCode>598363</OrphaCode>
                    <ExpertLink lang="nl">http://www.orpha.net/consor/cgi-bin/OC_Exp.php?lng=nl&amp;Expert=598363</ExpertLink>
                    <Name lang="nl">Multisystemisch inflammatoir syndroom bij kinderen en volwassenen</Name>
                    <DisorderType id="21394">
                      <Name lang="nl">Ziekte</Name>
                    </DisorderType>
                  </Disorder>
                  <ClassificationNodeChildList count="0">
                  </ClassificationNodeChildList>
                </ClassificationNode>
                <ClassificationNode>
                  <Disorder id="22724">
                    <OrphaCode>398091</OrphaCode>
                    <ExpertLink lang="nl">http://www.orpha.net/consor/cgi-bin/OC_Exp.php?lng=nl&amp;Expert=398091</ExpertLink>
                    <Name lang="nl">Secundaire neonatale auto-immune ziekte</Name>
                    <DisorderType id="36561">
                      <Name lang="nl">Categorie</Name>
                    </DisorderType>
                  </Disorder>
                  <ClassificationNodeChildList count="6">
                    <ClassificationNode>
                      <Disorder id="22631">
                        <OrphaCode>391504</OrphaCode>
                        <ExpertLink lang="nl">http://www.orpha.net/consor/cgi-bin/OC_Exp.php?lng=nl&amp;Expert=391504</ExpertLink>
                        <Name lang="nl">Voorbijgaande neonatale myasthenia gravis</Name>
                        <DisorderType id="21450">
                          <Name lang="nl">Klinisch subtype</Name>
                        </DisorderType>
                      </Disorder>
                      <ClassificationNodeChildList count="0">
                      </ClassificationNodeChildList>
                    </ClassificationNode>
                    <ClassificationNode>
                      <Disorder id="22725">
                        <OrphaCode>398097</OrphaCode>
                        <ExpertLink lang="nl">http://www.orpha.net/consor/cgi-bin/OC_Exp.php?lng=nl&amp;Expert=398097</ExpertLink>
                        <Name lang="nl">Neonataal antifosfolipidensyndroom</Name>
                        <DisorderType id="21394">
                          <Name lang="nl">Ziekte</Name>
                        </DisorderType>
                      </Disorder>
                      <ClassificationNodeChildList count="0">
                      </ClassificationNodeChildList>
                    </ClassificationNode>
                    <ClassificationNode>
                      <Disorder id="22726">
                        <OrphaCode>398109</OrphaCode>
                        <ExpertLink lang="nl">http://www.orpha.net/consor/cgi-bin/OC_Exp.php?lng=nl&amp;Expert=398109</ExpertLink>
                        <Name lang="nl">Neonatale auto-immune hemolytische anemie</Name>
                        <DisorderType id="21394">
                          <Name lang="nl">Ziekte</Name>
                        </DisorderType>
                      </Disorder>
                      <ClassificationNodeChildList count="0">
                      </ClassificationNodeChildList>
                    </ClassificationNode>
                    <ClassificationNode>
                      <Disorder id="22727">
                        <OrphaCode>398117</OrphaCode>
                        <ExpertLink lang="nl">http://www.orpha.net/consor/cgi-bin/OC_Exp.php?lng=nl&amp;Expert=398117</ExpertLink>
                        <Name lang="nl">Neonatale dermatomyositis</Name>
                        <DisorderType id="21394">
                          <Name lang="nl">Ziekte</Name>
                        </DisorderType>
                      </Disorder>
                      <ClassificationNodeChildList count="0">
                      </ClassificationNodeChildList>
                    </ClassificationNode>
                    <ClassificationNode>
                      <Disorder id="22728">
                        <OrphaCode>398124</OrphaCode>
                        <ExpertLink lang="nl">http://www.orpha.net/consor/cgi-bin/OC_Exp.php?lng=nl&amp;Expert=398124</ExpertLink>
                        <Name lang="nl">Neonatale lupus erythematosus</Name>
                        <DisorderType id="21394">
                          <Name lang="nl">Ziekte</Name>
                        </DisorderType>
                      </Disorder>
                      <ClassificationNodeChildList count="0">
                      </ClassificationNodeChildList>
                    </ClassificationNode>
                    <ClassificationNode>
                      <Disorder id="22729">
                        <OrphaCode>398127</OrphaCode>
                        <ExpertLink lang="nl">http://www.orpha.net/consor/cgi-bin/OC_Exp.php?lng=nl&amp;Expert=398127</ExpertLink>
                        <Name lang="nl">Neonatale sclerodermie</Name>
                        <DisorderType id="21394">
                          <Name lang="nl">Ziekte</Name>
                        </DisorderType>
                      </Disorder>
                      <ClassificationNodeChildList count="0">
                      </ClassificationNodeChildList>
                    </ClassificationNode>
                  </ClassificationNodeChildList>
                </ClassificationNode>
                <ClassificationNode>
                  <Disorder id="23366">
                    <OrphaCode>438159</OrphaCode>
                    <ExpertLink lang="nl">http://www.orpha.net/consor/cgi-bin/OC_Exp.php?lng=nl&amp;Expert=438159</ExpertLink>
                    <Name lang="nl">STAT3-gerelateerde multisystemische auto-immuunziekte met vroege aanvang</Name>
                    <DisorderType id="21394">
                      <Name lang="nl">Ziekte</Name>
                    </DisorderType>
                  </Disorder>
                  <ClassificationNodeChildList count="0">
                  </ClassificationNodeChildList>
                </ClassificationNode>
                <ClassificationNode>
                  <Disorder id="23481">
                    <OrphaCode>444092</OrphaCode>
                    <ExpertLink lang="nl">http://www.orpha.net/consor/cgi-bin/OC_Exp.php?lng=nl&amp;Expert=444092</ExpertLink>
                    <Name lang="nl">Auto-immune interstitiële longziekte - artritis-syndroom</Name>
                    <DisorderType id="21394">
                      <Name lang="nl">Ziekte</Name>
                    </DisorderType>
                  </Disorder>
                  <ClassificationNodeChildList count="0">
                  </ClassificationNodeChildList>
                </ClassificationNode>
                <ClassificationNode>
                  <Disorder id="23490">
                    <OrphaCode>444463</OrphaCode>
                    <ExpertLink lang="nl">http://www.orpha.net/consor/cgi-bin/OC_Exp.php?lng=nl&amp;Expert=444463</ExpertLink>
                    <Name lang="nl">Auto-immune hemolytische anemie - auto-immune trombocytopenie - primaire immuundeficiëntie-syndroom door TPP2-deficiëntie</Name>
                    <DisorderType id="21394">
                      <Name lang="nl">Ziekte</Name>
                    </DisorderType>
                  </Disorder>
                  <ClassificationNodeChildList count="0">
                  </ClassificationNodeChildList>
                </ClassificationNode>
              </ClassificationNodeChildList>
            </ClassificationNode>
            <ClassificationNode>
              <Disorder id="25345">
                <OrphaCode>486955</OrphaCode>
                <ExpertLink lang="nl">http://www.orpha.net/consor/cgi-bin/OC_Exp.php?lng=nl&amp;Expert=486955</ExpertLink>
                <Name lang="nl">Zeldzame pediatrische reumatologische ziekte</Name>
                <DisorderType id="36561">
                  <Name lang="nl">Categorie</Name>
                </DisorderType>
              </Disorder>
              <ClassificationNodeChildList count="9">
                <ClassificationNode>
                  <Disorder id="6523">
                    <OrphaCode>793</OrphaCode>
                    <ExpertLink lang="nl">http://www.orpha.net/consor/cgi-bin/OC_Exp.php?lng=nl&amp;Expert=793</ExpertLink>
                    <Name lang="nl">SAPHO-syndroom</Name>
                    <DisorderType id="21394">
                      <Name lang="nl">Ziekte</Name>
                    </DisorderType>
                  </Disorder>
                  <ClassificationNodeChildList count="0">
                  </ClassificationNodeChildList>
                </ClassificationNode>
                <ClassificationNode>
                  <Disorder id="720">
                    <OrphaCode>92</OrphaCode>
                    <ExpertLink lang="nl">http://www.orpha.net/consor/cgi-bin/OC_Exp.php?lng=nl&amp;Expert=92</ExpertLink>
                    <Name lang="nl">Juveniele idiopathische artritis</Name>
                    <DisorderType id="21436">
                      <Name lang="nl">Group of phenomes</Name>
                    </DisorderType>
                  </Disorder>
                  <ClassificationNodeChildList count="6">
                    <ClassificationNode>
                      <Disorder id="11710">
                        <OrphaCode>85410</OrphaCode>
                        <ExpertLink lang="nl">http://www.orpha.net/consor/cgi-bin/OC_Exp.php?lng=nl&amp;Expert=85410</ExpertLink>
                        <Name lang="nl">Oligoarticulaire juveniele idiopathische artritis</Name>
                        <DisorderType id="21394">
                          <Name lang="nl">Ziekte</Name>
                        </DisorderType>
                      </Disorder>
                      <ClassificationNodeChildList count="0">
                      </ClassificationNodeChildList>
                    </ClassificationNode>
                    <ClassificationNode>
                      <Disorder id="11711">
                        <OrphaCode>85414</OrphaCode>
                        <ExpertLink lang="nl">http://www.orpha.net/consor/cgi-bin/OC_Exp.php?lng=nl&amp;Expert=85414</ExpertLink>
                        <Name lang="nl">Juveniele idiopathische artritis met systemische aanvang</Name>
                        <DisorderType id="21394">
                          <Name lang="nl">Ziekte</Name>
                        </DisorderType>
                      </Disorder>
                      <ClassificationNodeChildList count="0">
                      </ClassificationNodeChildList>
                    </ClassificationNode>
                    <ClassificationNode>
                      <Disorder id="11713">
                        <OrphaCode>85436</OrphaCode>
                        <ExpertLink lang="nl">http://www.orpha.net/consor/cgi-bin/OC_Exp.php?lng=nl&amp;Expert=85436</ExpertLink>
                        <Name lang="nl">Psoriasis-gerelateerde juveniele idiopathische artritis</Name>
                        <DisorderType id="21394">
                          <Name lang="nl">Ziekte</Name>
                        </DisorderType>
                      </Disorder>
                      <ClassificationNodeChildList count="0">
                      </ClassificationNodeChildList>
                    </ClassificationNode>
                    <ClassificationNode>
                      <Disorder id="11715">
                        <OrphaCode>85438</OrphaCode>
                        <ExpertLink lang="nl">http://www.orpha.net/consor/cgi-bin/OC_Exp.php?lng=nl&amp;Expert=85438</ExpertLink>
                        <Name lang="nl">Enthesitis-gerelateerde juveniele idiopathische artritis</Name>
                        <DisorderType id="21394">
                          <Name lang="nl">Ziekte</Name>
                        </DisorderType>
                      </Disorder>
                      <ClassificationNodeChildList count="0">
                      </ClassificationNodeChildList>
                    </ClassificationNode>
                    <ClassificationNode>
                      <Disorder id="12117">
                        <OrphaCode>91140</OrphaCode>
                        <ExpertLink lang="nl">http://www.orpha.net/consor/cgi-bin/OC_Exp.php?lng=nl&amp;Expert=91140</ExpertLink>
                        <Name lang="nl">Niet-gespecificeerde juveniele idiopathische artritis</Name>
                        <DisorderType id="21394">
                          <Name lang="nl">Ziekte</Name>
                        </DisorderType>
                      </Disorder>
                      <ClassificationNodeChildList count="0">
                      </ClassificationNodeChildList>
                    </ClassificationNode>
                    <ClassificationNode>
                      <Disorder id="22944">
                        <OrphaCode>404580</OrphaCode>
                        <ExpertLink lang="nl">http://www.orpha.net/consor/cgi-bin/OC_Exp.php?lng=nl&amp;Expert=404580</ExpertLink>
                        <Name lang="nl">Polyarticulaire juveniele idiopathische artritis</Name>
                        <DisorderType id="21436">
                          <Name lang="nl">Group of phenomes</Name>
                        </DisorderType>
                      </Disorder>
                      <ClassificationNodeChildList count="2">
                        <ClassificationNode>
                          <Disorder id="11709">
                            <OrphaCode>85408</OrphaCode>
                            <ExpertLink lang="nl">http://www.orpha.net/consor/cgi-bin/OC_Exp.php?lng=nl&amp;Expert=85408</ExpertLink>
                            <Name lang="nl">Reumafactor-negatieve polyarticulaire juveniele idiopathische artritis</Name>
                            <DisorderType id="21394">
                              <Name lang="nl">Ziekte</Name>
                            </DisorderType>
                          </Disorder>
                          <ClassificationNodeChildList count="0">
                          </ClassificationNodeChildList>
                        </ClassificationNode>
                        <ClassificationNode>
                          <Disorder id="11712">
                            <OrphaCode>85435</OrphaCode>
                            <ExpertLink lang="nl">http://www.orpha.net/consor/cgi-bin/OC_Exp.php?lng=nl&amp;Expert=85435</ExpertLink>
                            <Name lang="nl">Reumafactor-positieve polyarticulaire juveniele idiopathische artritis</Name>
                            <DisorderType id="21394">
                              <Name lang="nl">Ziekte</Name>
                            </DisorderType>
                          </Disorder>
                          <ClassificationNodeChildList count="0">
                          </ClassificationNodeChildList>
                        </ClassificationNode>
                      </ClassificationNodeChildList>
                    </ClassificationNode>
                  </ClassificationNodeChildList>
                </ClassificationNode>
                <ClassificationNode>
                  <Disorder id="1276">
                    <OrphaCode>955</OrphaCode>
                    <ExpertLink lang="nl">http://www.orpha.net/consor/cgi-bin/OC_Exp.php?lng=nl&amp;Expert=955</ExpertLink>
                    <Name lang="nl">Syndroom van Hajdu-Cheney</Name>
                    <DisorderType id="21401">
                      <Name lang="nl">Malformatiesyndroom</Name>
                    </DisorderType>
                  </Disorder>
                  <ClassificationNodeChildList count="0">
                  </ClassificationNodeChildList>
                </ClassificationNode>
                <ClassificationNode>
                  <Disorder id="8684">
                    <OrphaCode>73</OrphaCode>
                    <ExpertLink lang="nl">http://www.orpha.net/consor/cgi-bin/OC_Exp.php?lng=nl&amp;Expert=73</ExpertLink>
                    <Name lang="nl">Ziekte van Gorham-Stout</Name>
                    <DisorderType id="21401">
                      <Name lang="nl">Malformatiesyndroom</Name>
                    </DisorderType>
                  </Disorder>
                  <ClassificationNodeChildList count="0">
                  </ClassificationNodeChildList>
                </ClassificationNode>
                <ClassificationNode>
                  <Disorder id="8778">
                    <OrphaCode>29207</OrphaCode>
                    <ExpertLink lang="nl">http://www.orpha.net/consor/cgi-bin/OC_Exp.php?lng=nl&amp;Expert=29207</ExpertLink>
                    <Name lang="nl">Reactieve artritis</Name>
                    <DisorderType id="21394">
                      <Name lang="nl">Ziekte</Name>
                    </DisorderType>
                  </Disorder>
                  <ClassificationNodeChildList count="0">
                  </ClassificationNodeChildList>
                </ClassificationNode>
                <ClassificationNode>
                  <Disorder id="11651">
                    <OrphaCode>85193</OrphaCode>
                    <ExpertLink lang="nl">http://www.orpha.net/consor/cgi-bin/OC_Exp.php?lng=nl&amp;Expert=85193</ExpertLink>
                    <Name lang="nl">Idiopathische juveniele osteoporose</Name>
                    <DisorderType id="21401">
                      <Name lang="nl">Malformatiesyndroom</Name>
                    </DisorderType>
                  </Disorder>
                  <ClassificationNodeChildList count="0">
                  </ClassificationNodeChildList>
                </ClassificationNode>
                <ClassificationNode>
                  <Disorder id="21699">
                    <OrphaCode>319719</OrphaCode>
                    <ExpertLink lang="nl">http://www.orpha.net/consor/cgi-bin/OC_Exp.php?lng=nl&amp;Expert=319719</ExpertLink>
                    <Name lang="nl">Auto-inflammatoir syndroom van de kindertijd</Name>
                    <DisorderType id="36561">
                      <Name lang="nl">Categorie</Name>
                    </DisorderType>
                  </Disorder>
                  <ClassificationNodeChildList count="7">
                    <ClassificationNode>
                      <Disorder id="21810">
                        <OrphaCode>324933</OrphaCode>
                        <ExpertLink lang="nl">http://www.orpha.net/consor/cgi-bin/OC_Exp.php?lng=nl&amp;Expert=324933</ExpertLink>
                        <Name lang="nl">Gemengd auto-inflammatoir en auto-immuun syndroom</Name>
                        <DisorderType id="36561">
                          <Name lang="nl">Categorie</Name>
                        </DisorderType>
                      </Disorder>
                      <ClassificationNodeChildList count="6">
                        <ClassificationNode>
                          <Disorder id="31418">
                            <OrphaCode>619948</OrphaCode>
                            <ExpertLink lang="nl">http://www.orpha.net/consor/cgi-bin/OC_Exp.php?lng=nl&amp;Expert=619948</ExpertLink>
                            <Name lang="nl">Vroeg optredende auto-immuniteit - auto-inflammatie - immuundeficiëntie-syndroom door SOCS1-haploinsufficiëntie</Name>
                            <DisorderType id="21394">
                              <Name lang="nl">Ziekte</Name>
                            </DisorderType>
                          </Disorder>
                          <ClassificationNodeChildList count="0">
                          </ClassificationNodeChildList>
                        </ClassificationNode>
                        <ClassificationNode>
                          <Disorder id="31951">
                            <OrphaCode>658946</OrphaCode>
                            <ExpertLink lang="nl">http://www.orpha.net/consor/cgi-bin/OC_Exp.php?lng=nl&amp;Expert=658946</ExpertLink>
                            <Name lang="nl">Vroeg-optredende immuundisregulatie met auto-immuniteit door partiële DOCK11-deficiëntie</Name>
                            <DisorderType id="21394">
                              <Name lang="nl">Ziekte</Name>
                            </DisorderType>
                          </Disorder>
                          <ClassificationNodeChildList count="0">
                          </ClassificationNodeChildList>
                        </ClassificationNode>
                        <ClassificationNode>
                          <Disorder id="32305">
                            <OrphaCode>695807</OrphaCode>
                            <ExpertLink lang="nl">http://www.orpha.net/consor/cgi-bin/OC_Exp.php?lng=nl&amp;Expert=695807</ExpertLink>
                            <Name lang="nl">Immuundeficiëntie - systemische inflammatie - lymfoom-predispositiesyndroom</Name>
                            <DisorderType id="21394">
                              <Name lang="nl">Ziekte</Name>
                            </DisorderType>
                          </Disorder>
                          <ClassificationNodeChildList count="0">
                          </ClassificationNodeChildList>
                        </ClassificationNode>
                        <ClassificationNode>
                          <Disorder id="21782">
                            <OrphaCode>324530</OrphaCode>
                            <ExpertLink lang="nl">http://www.orpha.net/consor/cgi-bin/OC_Exp.php?lng=nl&amp;Expert=324530</ExpertLink>
                            <Name lang="nl">Auto-inflammatie - PLCG2-geassocieerde antilichaamdeficiëntie - immuundisregulatie</Name>
                            <DisorderType id="21394">
                              <Name lang="nl">Ziekte</Name>
                            </DisorderType>
                          </Disorder>
                          <ClassificationNodeChildList count="0">
                          </ClassificationNodeChildList>
                        </ClassificationNode>
                        <ClassificationNode>
                          <Disorder id="21903">
                            <OrphaCode>329173</OrphaCode>
                            <ExpertLink lang="nl">http://www.orpha.net/consor/cgi-bin/OC_Exp.php?lng=nl&amp;Expert=329173</ExpertLink>
                            <Name lang="nl">Auto-inflammatoir syndroom met pyogene bacteriële infectie en amylopectinose</Name>
                            <DisorderType id="21394">
                              <Name lang="nl">Ziekte</Name>
                            </DisorderType>
                          </Disorder>
                          <ClassificationNodeChildList count="0">
                          </ClassificationNodeChildList>
                        </ClassificationNode>
                        <ClassificationNode>
                          <Disorder id="21115">
                            <OrphaCode>300359</OrphaCode>
                            <ExpertLink lang="nl">http://www.orpha.net/consor/cgi-bin/OC_Exp.php?lng=nl&amp;Expert=300359</ExpertLink>
                            <Name lang="nl">PLCG2-geassocieerde antilichaamdeficiëntie en immuundisregulatie</Name>
                            <DisorderType id="21394">
                              <Name lang="nl">Ziekte</Name>
                            </DisorderType>
                          </Disorder>
                          <ClassificationNodeChildList count="0">
                          </ClassificationNodeChildList>
                        </ClassificationNode>
                      </ClassificationNodeChildList>
                    </ClassificationNode>
                    <ClassificationNode>
                      <Disorder id="21812">
                        <OrphaCode>324939</OrphaCode>
                        <ExpertLink lang="nl">http://www.orpha.net/consor/cgi-bin/OC_Exp.php?lng=nl&amp;Expert=324939</ExpertLink>
                        <Name lang="nl">Periodieke koorts-syndroom van de kinderjaren</Name>
                        <DisorderType id="36561">
                          <Name lang="nl">Categorie</Name>
                        </DisorderType>
                      </Disorder>
                      <ClassificationNodeChildList count="2">
                        <ClassificationNode>
                          <Disorder id="21807">
                            <OrphaCode>324924</OrphaCode>
                            <ExpertLink lang="nl">http://www.orpha.net/consor/cgi-bin/OC_Exp.php?lng=nl&amp;Expert=324924</ExpertLink>
                            <Name lang="nl">Erfelijke periodieke koorts-syndroom</Name>
                            <DisorderType id="36561">
                              <Name lang="nl">Categorie</Name>
                            </DisorderType>
                          </Disorder>
                          <ClassificationNodeChildList count="11">
                            <ClassificationNode>
                              <Disorder id="28477">
                                <OrphaCode>566067</OrphaCode>
                                <ExpertLink lang="nl">http://www.orpha.net/consor/cgi-bin/OC_Exp.php?lng=nl&amp;Expert=566067</ExpertLink>
                                <Name lang="nl">CEBPE-geassocieerd auto-inflammatie - immuundeficiëntie - neutrofieldisfunctie-syndroom</Name>
                                <DisorderType id="21394">
                                  <Name lang="nl">Ziekte</Name>
                                </DisorderType>
                              </Disorder>
                              <ClassificationNodeChildList count="0">
                              </ClassificationNodeChildList>
                            </ClassificationNode>
                            <ClassificationNode>
                              <Disorder id="25994">
                                <OrphaCode>500062</OrphaCode>
                                <ExpertLink lang="nl">http://www.orpha.net/consor/cgi-bin/OC_Exp.php?lng=nl&amp;Expert=500062</ExpertLink>
                                <Name lang="nl">Periodieke koorts - panniculitis - dermatose-syndroom met aanvang in de zuigelingentijd</Name>
                                <DisorderType id="21394">
                                  <Name lang="nl">Ziekte</Name>
                                </DisorderType>
                              </Disorder>
                              <ClassificationNodeChildList count="0">
                              </ClassificationNodeChildList>
                            </ClassificationNode>
                            <ClassificationNode>
                              <Disorder id="920">
                                <OrphaCode>342</OrphaCode>
                                <ExpertLink lang="nl">http://www.orpha.net/consor/cgi-bin/OC_Exp.php?lng=nl&amp;Expert=342</ExpertLink>
                                <Name lang="nl">Familiale Middellandse Zeekoorts</Name>
                                <DisorderType id="21394">
                                  <Name lang="nl">Ziekte</Name>
                                </DisorderType>
                              </Disorder>
                              <ClassificationNodeChildList count="0">
                              </ClassificationNodeChildList>
                            </ClassificationNode>
                            <ClassificationNode>
                              <Disorder id="10303">
                                <OrphaCode>32960</OrphaCode>
                                <ExpertLink lang="nl">http://www.orpha.net/consor/cgi-bin/OC_Exp.php?lng=nl&amp;Expert=32960</ExpertLink>
                                <Name lang="nl">Tumornecrosefactorreceptor 1-geassocieerd periodiek syndroom</Name>
                                <DisorderType id="21394">
                                  <Name lang="nl">Ziekte</Name>
                                </DisorderType>
                              </Disorder>
                              <ClassificationNodeChildList count="0">
                              </ClassificationNodeChildList>
                            </ClassificationNode>
                            <ClassificationNode>
                              <Disorder id="18613">
                                <OrphaCode>208650</OrphaCode>
                                <ExpertLink lang="nl">http://www.orpha.net/consor/cgi-bin/OC_Exp.php?lng=nl&amp;Expert=208650</ExpertLink>
                                <Name lang="nl">NLRP3-geassocieerde auto-inflammatoire ziekte</Name>
                                <DisorderType id="21436">
                                  <Name lang="nl">Group of phenomes</Name>
                                </DisorderType>
                              </Disorder>
                              <ClassificationNodeChildList count="4">
                                <ClassificationNode>
                                  <Disorder id="2375">
                                    <OrphaCode>575</OrphaCode>
                                    <ExpertLink lang="nl">http://www.orpha.net/consor/cgi-bin/OC_Exp.php?lng=nl&amp;Expert=575</ExpertLink>
                                    <Name lang="nl">Syndroom van Muckle-Wells</Name>
                                    <DisorderType id="21394">
                                      <Name lang="nl">Ziekte</Name>
                                    </DisorderType>
                                  </Disorder>
                                  <ClassificationNodeChildList count="0">
                                  </ClassificationNodeChildList>
                                </ClassificationNode>
                                <ClassificationNode>
                                  <Disorder id="3395">
                                    <OrphaCode>1451</OrphaCode>
                                    <ExpertLink lang="nl">http://www.orpha.net/consor/cgi-bin/OC_Exp.php?lng=nl&amp;Expert=1451</ExpertLink>
                                    <Name lang="nl">CINCA-syndroom</Name>
                                    <DisorderType id="21394">
                                      <Name lang="nl">Ziekte</Name>
                                    </DisorderType>
                                  </Disorder>
                                  <ClassificationNodeChildList count="0">
                                  </ClassificationNodeChildList>
                                </ClassificationNode>
                                <ClassificationNode>
                                  <Disorder id="10608">
                                    <OrphaCode>47045</OrphaCode>
                                    <ExpertLink lang="nl">http://www.orpha.net/consor/cgi-bin/OC_Exp.php?lng=nl&amp;Expert=47045</ExpertLink>
                                    <Name lang="nl">Familiale koude-urticaria</Name>
                                    <DisorderType id="21394">
                                      <Name lang="nl">Ziekte</Name>
                                    </DisorderType>
                                  </Disorder>
                                  <ClassificationNodeChildList count="0">
                                  </ClassificationNodeChildList>
                                </ClassificationNode>
                                <ClassificationNode>
                                  <Disorder id="31819">
                                    <OrphaCode>647815</OrphaCode>
                                    <ExpertLink lang="nl">http://www.orpha.net/consor/cgi-bin/OC_Exp.php?lng=nl&amp;Expert=647815</ExpertLink>
                                    <Name lang="nl">Keratitis fugax hereditaria</Name>
                                    <DisorderType id="21394">
                                      <Name lang="nl">Ziekte</Name>
                                    </DisorderType>
                                  </Disorder>
                                  <ClassificationNodeChildList count="0">
                                  </ClassificationNodeChildList>
                                </ClassificationNode>
                              </ClassificationNodeChildList>
                            </ClassificationNode>
                            <ClassificationNode>
                              <Disorder id="19559">
                                <OrphaCode>247868</OrphaCode>
                                <ExpertLink lang="nl">http://www.orpha.net/consor/cgi-bin/OC_Exp.php?lng=nl&amp;Expert=247868</ExpertLink>
                                <Name lang="nl">NLRP12-geassocieerde erfelijke periodieke koorts-syndroom</Name>
                                <DisorderType id="21394">
                                  <Name lang="nl">Ziekte</Name>
                                </DisorderType>
                              </Disorder>
                              <ClassificationNodeChildList count="0">
                              </ClassificationNodeChildList>
                            </ClassificationNode>
                            <ClassificationNode>
                              <Disorder id="21338">
                                <OrphaCode>309025</OrphaCode>
                                <ExpertLink lang="nl">http://www.orpha.net/consor/cgi-bin/OC_Exp.php?lng=nl&amp;Expert=309025</ExpertLink>
                                <Name lang="nl">Deficiëntie van mevalonaatkinase</Name>
                                <DisorderType id="21394">
                                  <Name lang="nl">Ziekte</Name>
                                </DisorderType>
                              </Disorder>
                              <ClassificationNodeChildList count="2">
                                <ClassificationNode>
                                  <Disorder id="403">
                                    <OrphaCode>29</OrphaCode>
                                    <ExpertLink lang="nl">http://www.orpha.net/consor/cgi-bin/OC_Exp.php?lng=nl&amp;Expert=29</ExpertLink>
                                    <Name lang="nl">Mevalonacidurie</Name>
                                    <DisorderType id="21450">
                                      <Name lang="nl">Klinisch subtype</Name>
                                    </DisorderType>
                                  </Disorder>
                                  <ClassificationNodeChildList count="0">
                                  </ClassificationNodeChildList>
                                </ClassificationNode>
                                <ClassificationNode>
                                  <Disorder id="3276">
                                    <OrphaCode>343</OrphaCode>
                                    <ExpertLink lang="nl">http://www.orpha.net/consor/cgi-bin/OC_Exp.php?lng=nl&amp;Expert=343</ExpertLink>
                                    <Name lang="nl">Hyperimmunoglobulinemie D met periodieke koorts</Name>
                                    <DisorderType id="21450">
                                      <Name lang="nl">Klinisch subtype</Name>
                                    </DisorderType>
                                  </Disorder>
                                  <ClassificationNodeChildList count="0">
                                  </ClassificationNodeChildList>
                                </ClassificationNode>
                              </ClassificationNodeChildList>
                            </ClassificationNode>
                            <ClassificationNode>
                              <Disorder id="23330">
                                <OrphaCode>436166</OrphaCode>
                                <ExpertLink lang="nl">http://www.orpha.net/consor/cgi-bin/OC_Exp.php?lng=nl&amp;Expert=436166</ExpertLink>
                                <Name lang="nl">Periodieke koorts - infantiele enterocolitis - auto-inflammatoir syndroom</Name>
                                <DisorderType id="21394">
                                  <Name lang="nl">Ziekte</Name>
                                </DisorderType>
                              </Disorder>
                              <ClassificationNodeChildList count="0">
                              </ClassificationNodeChildList>
                            </ClassificationNode>
                            <ClassificationNode>
                              <Disorder id="28852">
                                <OrphaCode>576349</OrphaCode>
                                <ExpertLink lang="nl">http://www.orpha.net/consor/cgi-bin/OC_Exp.php?lng=nl&amp;Expert=576349</ExpertLink>
                                <Name lang="nl">NLRC4-gerelateerd familiaal auto-inflammatoir syndroom door koude</Name>
                                <DisorderType id="21394">
                                  <Name lang="nl">Ziekte</Name>
                                </DisorderType>
                              </Disorder>
                              <ClassificationNodeChildList count="0">
                              </ClassificationNodeChildList>
                            </ClassificationNode>
                            <ClassificationNode>
                              <Disorder id="31896">
                                <OrphaCode>652522</OrphaCode>
                                <ExpertLink lang="nl">http://www.orpha.net/consor/cgi-bin/OC_Exp.php?lng=nl&amp;Expert=652522</ExpertLink>
                                <Name lang="nl">Periodieke koorts - immuundeficiëntie - trombocytopenie-syndroom</Name>
                                <DisorderType id="21394">
                                  <Name lang="nl">Ziekte</Name>
                                </DisorderType>
                              </Disorder>
                              <ClassificationNodeChildList count="0">
                              </ClassificationNodeChildList>
                            </ClassificationNode>
                            <ClassificationNode>
                              <Disorder id="31372">
                                <OrphaCode>617919</OrphaCode>
                                <ExpertLink lang="nl">http://www.orpha.net/consor/cgi-bin/OC_Exp.php?lng=nl&amp;Expert=617919</ExpertLink>
                                <Name lang="nl">F12-geassocieerd auto-inflammatoir syndroom door koude</Name>
                                <DisorderType id="21394">
                                  <Name lang="nl">Ziekte</Name>
                                </DisorderType>
                              </Disorder>
                              <ClassificationNodeChildList count="0">
                              </ClassificationNodeChildList>
                            </ClassificationNode>
                          </ClassificationNodeChildList>
                        </ClassificationNode>
                        <ClassificationNode>
                          <Disorder id="21816">
                            <OrphaCode>324960</OrphaCode>
                            <ExpertLink lang="nl">http://www.orpha.net/consor/cgi-bin/OC_Exp.php?lng=nl&amp;Expert=324960</ExpertLink>
                            <Name lang="nl">Onverklaarbare periodieke koorts-syndroom van de kinderjaren</Name>
                            <DisorderType id="36561">
                              <Name lang="nl">Categorie</Name>
                            </DisorderType>
                          </Disorder>
                          <ClassificationNodeChildList count="1">
                            <ClassificationNode>
                              <Disorder id="10573">
                                <OrphaCode>42642</OrphaCode>
                                <ExpertLink lang="nl">http://www.orpha.net/consor/cgi-bin/OC_Exp.php?lng=nl&amp;Expert=42642</ExpertLink>
                                <Name lang="nl">PFAPA-syndroom</Name>
                                <DisorderType id="21394">
                                  <Name lang="nl">Ziekte</Name>
                                </DisorderType>
                              </Disorder>
                              <ClassificationNodeChildList count="0">
                              </ClassificationNodeChildList>
                            </ClassificationNode>
                          </ClassificationNodeChildList>
                        </ClassificationNode>
                      </ClassificationNodeChildList>
                    </ClassificationNode>
                    <ClassificationNode>
                      <Disorder id="21813">
                        <OrphaCode>324942</OrphaCode>
                        <ExpertLink lang="nl">http://www.orpha.net/consor/cgi-bin/OC_Exp.php?lng=nl&amp;Expert=324942</ExpertLink>
                        <Name lang="nl">Pyogeen auto-inflammatoir syndroom van de kinderjaren</Name>
                        <DisorderType id="36561">
                          <Name lang="nl">Categorie</Name>
                        </DisorderType>
                      </Disorder>
                      <ClassificationNodeChildList count="7">
                        <ClassificationNode>
                          <Disorder id="21817">
                            <OrphaCode>324964</OrphaCode>
                            <ExpertLink lang="nl">http://www.orpha.net/consor/cgi-bin/OC_Exp.php?lng=nl&amp;Expert=324964</ExpertLink>
                            <Name lang="nl">Chronische niet-bacteriële osteomyelitis/Chronische terugkerende multifocale osteomyelitis</Name>
                            <DisorderType id="21394">
                              <Name lang="nl">Ziekte</Name>
                            </DisorderType>
                          </Disorder>
                          <ClassificationNodeChildList count="0">
                          </ClassificationNodeChildList>
                        </ClassificationNode>
                        <ClassificationNode>
                          <Disorder id="10924">
                            <OrphaCode>69126</OrphaCode>
                            <ExpertLink lang="nl">http://www.orpha.net/consor/cgi-bin/OC_Exp.php?lng=nl&amp;Expert=69126</ExpertLink>
                            <Name lang="nl">PAPA-syndroom</Name>
                            <DisorderType id="21394">
                              <Name lang="nl">Ziekte</Name>
                            </DisorderType>
                          </Disorder>
                          <ClassificationNodeChildList count="0">
                          </ClassificationNodeChildList>
                        </ClassificationNode>
                        <ClassificationNode>
                          <Disorder id="11109">
                            <OrphaCode>77297</OrphaCode>
                            <ExpertLink lang="nl">http://www.orpha.net/consor/cgi-bin/OC_Exp.php?lng=nl&amp;Expert=77297</ExpertLink>
                            <Name lang="nl">Syndroom van Majeed</Name>
                            <DisorderType id="21394">
                              <Name lang="nl">Ziekte</Name>
                            </DisorderType>
                          </Disorder>
                          <ClassificationNodeChildList count="0">
                          </ClassificationNodeChildList>
                        </ClassificationNode>
                        <ClassificationNode>
                          <Disorder id="18683">
                            <OrphaCode>210115</OrphaCode>
                            <ExpertLink lang="nl">http://www.orpha.net/consor/cgi-bin/OC_Exp.php?lng=nl&amp;Expert=210115</ExpertLink>
                            <Name lang="nl">Steriele multifocale osteomyelitis met periostitis en pustulose</Name>
                            <DisorderType id="21394">
                              <Name lang="nl">Ziekte</Name>
                            </DisorderType>
                          </Disorder>
                          <ClassificationNodeChildList count="0">
                          </ClassificationNodeChildList>
                        </ClassificationNode>
                        <ClassificationNode>
                          <Disorder id="20902">
                            <OrphaCode>294023</OrphaCode>
                            <ExpertLink lang="nl">http://www.orpha.net/consor/cgi-bin/OC_Exp.php?lng=nl&amp;Expert=294023</ExpertLink>
                            <Name lang="nl">Neonatale inflammatoire huid- en darmziekte</Name>
                            <DisorderType id="21394">
                              <Name lang="nl">Ziekte</Name>
                            </DisorderType>
                          </Disorder>
                          <ClassificationNodeChildList count="0">
                          </ClassificationNodeChildList>
                        </ClassificationNode>
                        <ClassificationNode>
                          <Disorder id="22937">
                            <OrphaCode>404546</OrphaCode>
                            <ExpertLink lang="nl">http://www.orpha.net/consor/cgi-bin/OC_Exp.php?lng=nl&amp;Expert=404546</ExpertLink>
                            <Name lang="nl">DITRA</Name>
                            <DisorderType id="21394">
                              <Name lang="nl">Ziekte</Name>
                            </DisorderType>
                          </Disorder>
                          <ClassificationNodeChildList count="0">
                          </ClassificationNodeChildList>
                        </ClassificationNode>
                        <ClassificationNode>
                          <Disorder id="19644">
                            <OrphaCode>251523</OrphaCode>
                            <ExpertLink lang="nl">http://www.orpha.net/consor/cgi-bin/OC_Exp.php?lng=nl&amp;Expert=251523</ExpertLink>
                            <Name lang="nl">Hyperzinkemie en hypercalprotectinemie</Name>
                            <DisorderType id="21394">
                              <Name lang="nl">Ziekte</Name>
                            </DisorderType>
                          </Disorder>
                          <ClassificationNodeChildList count="0">
                          </ClassificationNodeChildList>
                        </ClassificationNode>
                      </ClassificationNodeChildList>
                    </ClassificationNode>
                    <ClassificationNode>
                      <Disorder id="21814">
                        <OrphaCode>324950</OrphaCode>
                        <ExpertLink lang="nl">http://www.orpha.net/consor/cgi-bin/OC_Exp.php?lng=nl&amp;Expert=324950</ExpertLink>
                        <Name lang="nl">Granulomateus auto-inflammatoir syndroom van de kinderjaren</Name>
                        <DisorderType id="36561">
                          <Name lang="nl">Categorie</Name>
                        </DisorderType>
                      </Disorder>
                      <ClassificationNodeChildList count="2">
                        <ClassificationNode>
                          <Disorder id="12018">
                            <OrphaCode>90340</OrphaCode>
                            <ExpertLink lang="nl">http://www.orpha.net/consor/cgi-bin/OC_Exp.php?lng=nl&amp;Expert=90340</ExpertLink>
                            <Name lang="nl">Blausyndroom</Name>
                            <DisorderType id="21394">
                              <Name lang="nl">Ziekte</Name>
                            </DisorderType>
                          </Disorder>
                          <ClassificationNodeChildList count="0">
                          </ClassificationNodeChildList>
                        </ClassificationNode>
                        <ClassificationNode>
                          <Disorder id="19624">
                            <OrphaCode>251304</OrphaCode>
                            <ExpertLink lang="nl">http://www.orpha.net/consor/cgi-bin/OC_Exp.php?lng=nl&amp;Expert=251304</ExpertLink>
                            <Name lang="nl">Infantiele panniculitis met uveïtis en systemische granulomatose</Name>
                            <DisorderType id="21394">
                              <Name lang="nl">Ziekte</Name>
                            </DisorderType>
                          </Disorder>
                          <ClassificationNodeChildList count="0">
                          </ClassificationNodeChildList>
                        </ClassificationNode>
                      </ClassificationNodeChildList>
                    </ClassificationNode>
                    <ClassificationNode>
                      <Disorder id="21815">
                        <OrphaCode>324953</OrphaCode>
                        <ExpertLink lang="nl">http://www.orpha.net/consor/cgi-bin/OC_Exp.php?lng=nl&amp;Expert=324953</ExpertLink>
                        <Name lang="nl">Niet-geclassificeerd auto-inflammatoir syndroom van de kinderjaren</Name>
                        <DisorderType id="36561">
                          <Name lang="nl">Categorie</Name>
                        </DisorderType>
                      </Disorder>
                      <ClassificationNodeChildList count="4">
                        <ClassificationNode>
                          <Disorder id="703">
                            <OrphaCode>117</OrphaCode>
                            <ExpertLink lang="nl">http://www.orpha.net/consor/cgi-bin/OC_Exp.php?lng=nl&amp;Expert=117</ExpertLink>
                            <Name lang="nl">Ziekte van Behçet</Name>
                            <DisorderType id="21394">
                              <Name lang="nl">Ziekte</Name>
                            </DisorderType>
                          </Disorder>
                          <ClassificationNodeChildList count="0">
                          </ClassificationNodeChildList>
                        </ClassificationNode>
                        <ClassificationNode>
                          <Disorder id="19625">
                            <OrphaCode>251307</OrphaCode>
                            <ExpertLink lang="nl">http://www.orpha.net/consor/cgi-bin/OC_Exp.php?lng=nl&amp;Expert=251307</ExpertLink>
                            <Name lang="nl">Idiopathische recidiverende pericarditis</Name>
                            <DisorderType id="21394">
                              <Name lang="nl">Ziekte</Name>
                            </DisorderType>
                          </Disorder>
                          <ClassificationNodeChildList count="0">
                          </ClassificationNodeChildList>
                        </ClassificationNode>
                        <ClassificationNode>
                          <Disorder id="32094">
                            <OrphaCode>674762</OrphaCode>
                            <ExpertLink lang="nl">http://www.orpha.net/consor/cgi-bin/OC_Exp.php?lng=nl&amp;Expert=674762</ExpertLink>
                            <Name lang="nl">Vroeg optredend auto-inflammatoir syndroom door A20-haploinsufficiëntie</Name>
                            <DisorderType id="21394">
                              <Name lang="nl">Ziekte</Name>
                            </DisorderType>
                          </Disorder>
                          <ClassificationNodeChildList count="0">
                          </ClassificationNodeChildList>
                        </ClassificationNode>
                        <ClassificationNode>
                          <Disorder id="996">
                            <OrphaCode>184</OrphaCode>
                            <ExpertLink lang="nl">http://www.orpha.net/consor/cgi-bin/OC_Exp.php?lng=nl&amp;Expert=184</ExpertLink>
                            <Name lang="nl">Cherubisme</Name>
                            <DisorderType id="21401">
                              <Name lang="nl">Malformatiesyndroom</Name>
                            </DisorderType>
                          </Disorder>
                          <ClassificationNodeChildList count="0">
                          </ClassificationNodeChildList>
                        </ClassificationNode>
                      </ClassificationNodeChildList>
                    </ClassificationNode>
                    <ClassificationNode>
                      <Disorder id="3057">
                        <OrphaCode>3243</OrphaCode>
                        <ExpertLink lang="nl">http://www.orpha.net/consor/cgi-bin/OC_Exp.php?lng=nl&amp;Expert=3243</ExpertLink>
                        <Name lang="nl">Syndroom van Sweet</Name>
                        <DisorderType id="21394">
                          <Name lang="nl">Ziekte</Name>
                        </DisorderType>
                      </Disorder>
                      <ClassificationNodeChildList count="0">
                      </ClassificationNodeChildList>
                    </ClassificationNode>
                    <ClassificationNode>
                      <Disorder id="25241">
                        <OrphaCode>481671</OrphaCode>
                        <ExpertLink lang="nl">http://www.orpha.net/consor/cgi-bin/OC_Exp.php?lng=nl&amp;Expert=481671</ExpertLink>
                        <Name lang="nl">Type 1 interferonopathie van de kindertijd</Name>
                        <DisorderType id="36561">
                          <Name lang="nl">Categorie</Name>
                        </DisorderType>
                      </Disorder>
                      <ClassificationNodeChildList count="14">
                        <ClassificationNode>
                          <Disorder id="1309">
                            <OrphaCode>51</OrphaCode>
                            <ExpertLink lang="nl">http://www.orpha.net/consor/cgi-bin/OC_Exp.php?lng=nl&amp;Expert=51</ExpertLink>
                            <Name lang="nl">Syndroom van Aicardi-Goutières</Name>
                            <DisorderType id="21394">
                              <Name lang="nl">Ziekte</Name>
                            </DisorderType>
                          </Disorder>
                          <ClassificationNodeChildList count="0">
                          </ClassificationNodeChildList>
                        </ClassificationNode>
                        <ClassificationNode>
                          <Disorder id="25239">
                            <OrphaCode>481662</OrphaCode>
                            <ExpertLink lang="nl">http://www.orpha.net/consor/cgi-bin/OC_Exp.php?lng=nl&amp;Expert=481662</ExpertLink>
                            <Name lang="nl">Familiale Chilblain lupus</Name>
                            <DisorderType id="21394">
                              <Name lang="nl">Ziekte</Name>
                            </DisorderType>
                          </Disorder>
                          <ClassificationNodeChildList count="0">
                          </ClassificationNodeChildList>
                        </ClassificationNode>
                        <ClassificationNode>
                          <Disorder id="2842">
                            <OrphaCode>1855</OrphaCode>
                            <ExpertLink lang="nl">http://www.orpha.net/consor/cgi-bin/OC_Exp.php?lng=nl&amp;Expert=1855</ExpertLink>
                            <Name lang="nl">Spondylo-enchondrodysplasie</Name>
                            <DisorderType id="21401">
                              <Name lang="nl">Malformatiesyndroom</Name>
                            </DisorderType>
                          </Disorder>
                          <ClassificationNodeChildList count="0">
                          </ClassificationNodeChildList>
                        </ClassificationNode>
                        <ClassificationNode>
                          <Disorder id="21114">
                            <OrphaCode>300345</OrphaCode>
                            <ExpertLink lang="nl">http://www.orpha.net/consor/cgi-bin/OC_Exp.php?lng=nl&amp;Expert=300345</ExpertLink>
                            <Name lang="nl">Autosomale systemische lupus erythematosus</Name>
                            <DisorderType id="21394">
                              <Name lang="nl">Ziekte</Name>
                            </DisorderType>
                          </Disorder>
                          <ClassificationNodeChildList count="0">
                          </ClassificationNodeChildList>
                        </ClassificationNode>
                        <ClassificationNode>
                          <Disorder id="21819">
                            <OrphaCode>324977</OrphaCode>
                            <ExpertLink lang="nl">http://www.orpha.net/consor/cgi-bin/OC_Exp.php?lng=nl&amp;Expert=324977</ExpertLink>
                            <Name lang="nl">Proteasoom-geassocieerd auto-inflammatoir syndroom</Name>
                            <DisorderType id="21394">
                              <Name lang="nl">Ziekte</Name>
                            </DisorderType>
                          </Disorder>
                          <ClassificationNodeChildList count="0">
                          </ClassificationNodeChildList>
                        </ClassificationNode>
                        <ClassificationNode>
                          <Disorder id="11649">
                            <OrphaCode>85191</OrphaCode>
                            <ExpertLink lang="nl">http://www.orpha.net/consor/cgi-bin/OC_Exp.php?lng=nl&amp;Expert=85191</ExpertLink>
                            <Name lang="nl">Dysplasie, Singleton-Merten-type</Name>
                            <DisorderType id="21401">
                              <Name lang="nl">Malformatiesyndroom</Name>
                            </DisorderType>
                          </Disorder>
                          <ClassificationNodeChildList count="0">
                          </ClassificationNodeChildList>
                        </ClassificationNode>
                        <ClassificationNode>
                          <Disorder id="21674">
                            <OrphaCode>319563</OrphaCode>
                            <ExpertLink lang="nl">http://www.orpha.net/consor/cgi-bin/OC_Exp.php?lng=nl&amp;Expert=319563</ExpertLink>
                            <Name lang="nl">Mendeliaanse gevoeligheid voor mycobacteriële ziekten door volledige ISG15-deficiëntie</Name>
                            <DisorderType id="21394">
                              <Name lang="nl">Ziekte</Name>
                            </DisorderType>
                          </Disorder>
                          <ClassificationNodeChildList count="0">
                          </ClassificationNodeChildList>
                        </ClassificationNode>
                        <ClassificationNode>
                          <Disorder id="11605">
                            <OrphaCode>84064</OrphaCode>
                            <ExpertLink lang="nl">http://www.orpha.net/consor/cgi-bin/OC_Exp.php?lng=nl&amp;Expert=84064</ExpertLink>
                            <Name lang="nl">Syndromale diarree</Name>
                            <DisorderType id="21394">
                              <Name lang="nl">Ziekte</Name>
                            </DisorderType>
                          </Disorder>
                          <ClassificationNodeChildList count="0">
                          </ClassificationNodeChildList>
                        </ClassificationNode>
                        <ClassificationNode>
                          <Disorder id="23209">
                            <OrphaCode>425120</OrphaCode>
                            <ExpertLink lang="nl">http://www.orpha.net/consor/cgi-bin/OC_Exp.php?lng=nl&amp;Expert=425120</ExpertLink>
                            <Name lang="nl">STING-geassocieerde vasculopathie met aanvang in de zuigelingentijd</Name>
                            <DisorderType id="21394">
                              <Name lang="nl">Ziekte</Name>
                            </DisorderType>
                          </Disorder>
                          <ClassificationNodeChildList count="0">
                          </ClassificationNodeChildList>
                        </ClassificationNode>
                        <ClassificationNode>
                          <Disorder id="11724">
                            <OrphaCode>85453</OrphaCode>
                            <ExpertLink lang="nl">http://www.orpha.net/consor/cgi-bin/OC_Exp.php?lng=nl&amp;Expert=85453</ExpertLink>
                            <Name lang="nl">X-gebonden reticulaire pigmentstoornis</Name>
                            <DisorderType id="21394">
                              <Name lang="nl">Ziekte</Name>
                            </DisorderType>
                          </Disorder>
                          <ClassificationNodeChildList count="0">
                          </ClassificationNodeChildList>
                        </ClassificationNode>
                        <ClassificationNode>
                          <Disorder id="22938">
                            <OrphaCode>404553</OrphaCode>
                            <ExpertLink lang="nl">http://www.orpha.net/consor/cgi-bin/OC_Exp.php?lng=nl&amp;Expert=404553</ExpertLink>
                            <Name lang="nl">Deficiëntie van adenosinedeaminase 2</Name>
                            <DisorderType id="21394">
                              <Name lang="nl">Ziekte</Name>
                            </DisorderType>
                          </Disorder>
                          <ClassificationNodeChildList count="0">
                          </ClassificationNodeChildList>
                        </ClassificationNode>
                        <ClassificationNode>
                          <Disorder id="25240">
                            <OrphaCode>481665</OrphaCode>
                            <ExpertLink lang="nl">http://www.orpha.net/consor/cgi-bin/OC_Exp.php?lng=nl&amp;Expert=481665</ExpertLink>
                            <Name lang="nl">UPS18-deficiëntie</Name>
                            <DisorderType id="21394">
                              <Name lang="nl">Ziekte</Name>
                            </DisorderType>
                          </Disorder>
                          <ClassificationNodeChildList count="0">
                          </ClassificationNodeChildList>
                        </ClassificationNode>
                        <ClassificationNode>
                          <Disorder id="31416">
                            <OrphaCode>619367</OrphaCode>
                            <ExpertLink lang="nl">http://www.orpha.net/consor/cgi-bin/OC_Exp.php?lng=nl&amp;Expert=619367</ExpertLink>
                            <Name lang="nl">SAMD9L-geassocieerd auto-inflammatoir syndroom</Name>
                            <DisorderType id="21394">
                              <Name lang="nl">Ziekte</Name>
                            </DisorderType>
                          </Disorder>
                          <ClassificationNodeChildList count="0">
                          </ClassificationNodeChildList>
                        </ClassificationNode>
                        <ClassificationNode>
                          <Disorder id="32407">
                            <OrphaCode>699605</OrphaCode>
                            <ExpertLink lang="nl">http://www.orpha.net/consor/cgi-bin/OC_Exp.php?lng=nl&amp;Expert=699605</ExpertLink>
                            <Name lang="nl">Auto-inflammatoir syndroom door deletie van exon 5 van NEMO</Name>
                            <DisorderType id="21394">
                              <Name lang="nl">Ziekte</Name>
                            </DisorderType>
                          </Disorder>
                          <ClassificationNodeChildList count="0">
                          </ClassificationNodeChildList>
                        </ClassificationNode>
                      </ClassificationNodeChildList>
                    </ClassificationNode>
                  </ClassificationNodeChildList>
                </ClassificationNode>
                <ClassificationNode>
                  <Disorder id="21950">
                    <OrphaCode>329967</OrphaCode>
                    <ExpertLink lang="nl">http://www.orpha.net/consor/cgi-bin/OC_Exp.php?lng=nl&amp;Expert=329967</ExpertLink>
                    <Name lang="nl">Intermitterende hydrartrose</Name>
                    <DisorderType id="21394">
                      <Name lang="nl">Ziekte</Name>
                    </DisorderType>
                  </Disorder>
                  <ClassificationNodeChildList count="0">
                  </ClassificationNodeChildList>
                </ClassificationNode>
                <ClassificationNode>
                  <Disorder id="25135">
                    <OrphaCode>477650</OrphaCode>
                    <ExpertLink lang="nl">http://www.orpha.net/consor/cgi-bin/OC_Exp.php?lng=nl&amp;Expert=477650</ExpertLink>
                    <Name lang="nl">Fibroblastische reuma</Name>
                    <DisorderType id="21394">
                      <Name lang="nl">Ziekte</Name>
                    </DisorderType>
                  </Disorder>
                  <ClassificationNodeChildList count="0">
                  </ClassificationNodeChildList>
                </ClassificationNode>
              </ClassificationNodeChildList>
            </ClassificationNode>
          </ClassificationNodeChildList>
        </ClassificationNode>
      </ClassificationNodeRootList>
    </Classification>
  </ClassificationList>
</JDBOR>
