<?xml version="1.0" encoding="UTF-8"?>
<JDBOR ExtractionDate="2025-06-24 07:52:27" version="1.3.42 / 4.1.8 [2025-03-03]" copyright="Orphanet (c) 2025" dbserver="jdbc:sybase:Tds:canard.orpha.net:2020">
  <Availability> 
    <Licence>
      <FullName lang="en">Creative Commons Attribution 4.0 International</FullName>
      <ShortIdentifier>CC-BY-4.0</ShortIdentifier>
      <LegalCode>https://creativecommons.org/licenses/by/4.0/legalcode</LegalCode>
    </Licence>
  </Availability>
  <ClassificationList count="1">
    <Classification id="197">
      <OrphaNumber>162958</OrphaNumber>
      <Name lang="nl">Orphanet classificatie van zeldzame odontologische aandoeningen</Name>
      <ClassificationNodeRootList count="1">
        <ClassificationNode>
          <Disorder id="13044">
            <OrphaCode>98026</OrphaCode>
            <ExpertLink lang="nl">http://www.orpha.net/consor/cgi-bin/OC_Exp.php?lng=nl&amp;Expert=98026</ExpertLink>
            <Name lang="nl">Zeldzame odontologische ziekte</Name>
            <DisorderType id="36561">
              <Name lang="nl">Categorie</Name>
            </DisorderType>
          </Disorder>
          <ClassificationNodeChildList count="4">
            <ClassificationNode>
              <Disorder id="13045">
                <OrphaCode>98027</OrphaCode>
                <ExpertLink lang="nl">http://www.orpha.net/consor/cgi-bin/OC_Exp.php?lng=nl&amp;Expert=98027</ExpertLink>
                <Name lang="nl">Zeldzame ziekte met odontologische manifestatie</Name>
                <DisorderType id="36561">
                  <Name lang="nl">Categorie</Name>
                </DisorderType>
              </Disorder>
              <ClassificationNodeChildList count="26">
                <ClassificationNode>
                  <Disorder id="28140">
                    <OrphaCode>557003</OrphaCode>
                    <ExpertLink lang="nl">http://www.orpha.net/consor/cgi-bin/OC_Exp.php?lng=nl&amp;Expert=557003</ExpertLink>
                    <Name lang="nl">Oculoskeletodentaal syndroom</Name>
                    <DisorderType id="21394">
                      <Name lang="nl">Ziekte</Name>
                    </DisorderType>
                  </Disorder>
                  <ClassificationNodeChildList count="0">
                  </ClassificationNodeChildList>
                </ClassificationNode>
                <ClassificationNode>
                  <Disorder id="32166">
                    <OrphaCode>685067</OrphaCode>
                    <ExpertLink lang="nl">http://www.orpha.net/consor/cgi-bin/OC_Exp.php?lng=nl&amp;Expert=685067</ExpertLink>
                    <Name lang="nl">Hypodontie - hypotrichose van scalp - faciale dysmorfie-syndroom</Name>
                    <DisorderType id="21394">
                      <Name lang="nl">Ziekte</Name>
                    </DisorderType>
                  </Disorder>
                  <ClassificationNodeChildList count="0">
                  </ClassificationNodeChildList>
                </ClassificationNode>
                <ClassificationNode>
                  <Disorder id="19266">
                    <OrphaCode>238468</OrphaCode>
                    <ExpertLink lang="nl">http://www.orpha.net/consor/cgi-bin/OC_Exp.php?lng=nl&amp;Expert=238468</ExpertLink>
                    <Name lang="nl">Hypohidrotische ectodermale dysplasie</Name>
                    <DisorderType id="21394">
                      <Name lang="nl">Ziekte</Name>
                    </DisorderType>
                  </Disorder>
                  <ClassificationNodeChildList count="3">
                    <ClassificationNode>
                      <Disorder id="180">
                        <OrphaCode>181</OrphaCode>
                        <ExpertLink lang="nl">http://www.orpha.net/consor/cgi-bin/OC_Exp.php?lng=nl&amp;Expert=181</ExpertLink>
                        <Name lang="nl">X-gebonden hypohidrotische ectodermale dysplasie</Name>
                        <DisorderType id="21443">
                          <Name lang="nl">Etiologisch subtype</Name>
                        </DisorderType>
                      </Disorder>
                      <ClassificationNodeChildList count="0">
                      </ClassificationNodeChildList>
                    </ClassificationNode>
                    <ClassificationNode>
                      <Disorder id="7026">
                        <OrphaCode>248</OrphaCode>
                        <ExpertLink lang="nl">http://www.orpha.net/consor/cgi-bin/OC_Exp.php?lng=nl&amp;Expert=248</ExpertLink>
                        <Name lang="nl">Autosomaal recessieve hypohidrotische ectodermale dysplasie</Name>
                        <DisorderType id="21443">
                          <Name lang="nl">Etiologisch subtype</Name>
                        </DisorderType>
                      </Disorder>
                      <ClassificationNodeChildList count="0">
                      </ClassificationNodeChildList>
                    </ClassificationNode>
                    <ClassificationNode>
                      <Disorder id="7027">
                        <OrphaCode>1810</OrphaCode>
                        <ExpertLink lang="nl">http://www.orpha.net/consor/cgi-bin/OC_Exp.php?lng=nl&amp;Expert=1810</ExpertLink>
                        <Name lang="nl">Autosomaal dominante hypohidrotische ectodermale dysplasie</Name>
                        <DisorderType id="21443">
                          <Name lang="nl">Etiologisch subtype</Name>
                        </DisorderType>
                      </Disorder>
                      <ClassificationNodeChildList count="0">
                      </ClassificationNodeChildList>
                    </ClassificationNode>
                  </ClassificationNodeChildList>
                </ClassificationNode>
                <ClassificationNode>
                  <Disorder id="360">
                    <OrphaCode>464</OrphaCode>
                    <ExpertLink lang="nl">http://www.orpha.net/consor/cgi-bin/OC_Exp.php?lng=nl&amp;Expert=464</ExpertLink>
                    <Name lang="nl">Incontinentia pigmenti</Name>
                    <DisorderType id="21401">
                      <Name lang="nl">Malformatiesyndroom</Name>
                    </DisorderType>
                  </Disorder>
                  <ClassificationNodeChildList count="0">
                  </ClassificationNodeChildList>
                </ClassificationNode>
                <ClassificationNode>
                  <Disorder id="996">
                    <OrphaCode>184</OrphaCode>
                    <ExpertLink lang="nl">http://www.orpha.net/consor/cgi-bin/OC_Exp.php?lng=nl&amp;Expert=184</ExpertLink>
                    <Name lang="nl">Cherubisme</Name>
                    <DisorderType id="21401">
                      <Name lang="nl">Malformatiesyndroom</Name>
                    </DisorderType>
                  </Disorder>
                  <ClassificationNodeChildList count="0">
                  </ClassificationNodeChildList>
                </ClassificationNode>
                <ClassificationNode>
                  <Disorder id="2180">
                    <OrphaCode>2325</OrphaCode>
                    <ExpertLink lang="nl">http://www.orpha.net/consor/cgi-bin/OC_Exp.php?lng=nl&amp;Expert=2325</ExpertLink>
                    <Name lang="nl">Epidermolysis bullosa simplex met anodontie/hypodontie</Name>
                    <DisorderType id="21401">
                      <Name lang="nl">Malformatiesyndroom</Name>
                    </DisorderType>
                  </Disorder>
                  <ClassificationNodeChildList count="0">
                  </ClassificationNodeChildList>
                </ClassificationNode>
                <ClassificationNode>
                  <Disorder id="10864">
                    <OrphaCode>65282</OrphaCode>
                    <ExpertLink lang="nl">http://www.orpha.net/consor/cgi-bin/OC_Exp.php?lng=nl&amp;Expert=65282</ExpertLink>
                    <Name lang="nl">Syndroom van Carvajal</Name>
                    <DisorderType id="21394">
                      <Name lang="nl">Ziekte</Name>
                    </DisorderType>
                  </Disorder>
                  <ClassificationNodeChildList count="0">
                  </ClassificationNodeChildList>
                </ClassificationNode>
                <ClassificationNode>
                  <Disorder id="11082">
                    <OrphaCode>75392</OrphaCode>
                    <ExpertLink lang="nl">http://www.orpha.net/consor/cgi-bin/OC_Exp.php?lng=nl&amp;Expert=75392</ExpertLink>
                    <Name lang="nl">Parodontaal syndroom van Ehlers-Danlos</Name>
                    <DisorderType id="21394">
                      <Name lang="nl">Ziekte</Name>
                    </DisorderType>
                  </Disorder>
                  <ClassificationNodeChildList count="0">
                  </ClassificationNodeChildList>
                </ClassificationNode>
                <ClassificationNode>
                  <Disorder id="14365">
                    <OrphaCode>99792</OrphaCode>
                    <ExpertLink lang="nl">http://www.orpha.net/consor/cgi-bin/OC_Exp.php?lng=nl&amp;Expert=99792</ExpertLink>
                    <Name lang="nl">Dentinedysplasie - osteosclerose-syndroom</Name>
                    <DisorderType id="21394">
                      <Name lang="nl">Ziekte</Name>
                    </DisorderType>
                  </Disorder>
                  <ClassificationNodeChildList count="0">
                  </ClassificationNodeChildList>
                </ClassificationNode>
                <ClassificationNode>
                  <Disorder id="17687">
                    <OrphaCode>167762</OrphaCode>
                    <ExpertLink lang="nl">http://www.orpha.net/consor/cgi-bin/OC_Exp.php?lng=nl&amp;Expert=167762</ExpertLink>
                    <Name lang="nl">Zeldzame ziekte met dentinogenesis imperfecta</Name>
                    <DisorderType id="36561">
                      <Name lang="nl">Categorie</Name>
                    </DisorderType>
                  </Disorder>
                  <ClassificationNodeChildList count="5">
                    <ClassificationNode>
                      <Disorder id="313">
                        <OrphaCode>2771</OrphaCode>
                        <ExpertLink lang="nl">http://www.orpha.net/consor/cgi-bin/OC_Exp.php?lng=nl&amp;Expert=2771</ExpertLink>
                        <Name lang="nl">Syndroom van Bruck</Name>
                        <DisorderType id="21401">
                          <Name lang="nl">Malformatiesyndroom</Name>
                        </DisorderType>
                      </Disorder>
                      <ClassificationNodeChildList count="0">
                      </ClassificationNodeChildList>
                    </ClassificationNode>
                    <ClassificationNode>
                      <Disorder id="612">
                        <OrphaCode>287</OrphaCode>
                        <ExpertLink lang="nl">http://www.orpha.net/consor/cgi-bin/OC_Exp.php?lng=nl&amp;Expert=287</ExpertLink>
                        <Name lang="nl">Klassiek syndroom van Ehlers-Danlos</Name>
                        <DisorderType id="21394">
                          <Name lang="nl">Ziekte</Name>
                        </DisorderType>
                      </Disorder>
                      <ClassificationNodeChildList count="0">
                      </ClassificationNodeChildList>
                    </ClassificationNode>
                    <ClassificationNode>
                      <Disorder id="18793">
                        <OrphaCode>216812</OrphaCode>
                        <ExpertLink lang="nl">http://www.orpha.net/consor/cgi-bin/OC_Exp.php?lng=nl&amp;Expert=216812</ExpertLink>
                        <Name lang="nl">Osteogenesis imperfecta type 3</Name>
                        <DisorderType id="21450">
                          <Name lang="nl">Klinisch subtype</Name>
                        </DisorderType>
                      </Disorder>
                      <ClassificationNodeChildList count="0">
                      </ClassificationNodeChildList>
                    </ClassificationNode>
                    <ClassificationNode>
                      <Disorder id="18794">
                        <OrphaCode>216820</OrphaCode>
                        <ExpertLink lang="nl">http://www.orpha.net/consor/cgi-bin/OC_Exp.php?lng=nl&amp;Expert=216820</ExpertLink>
                        <Name lang="nl">Osteogenesis imperfecta type 4</Name>
                        <DisorderType id="21450">
                          <Name lang="nl">Klinisch subtype</Name>
                        </DisorderType>
                      </Disorder>
                      <ClassificationNodeChildList count="0">
                      </ClassificationNodeChildList>
                    </ClassificationNode>
                    <ClassificationNode>
                      <Disorder id="19142">
                        <OrphaCode>230839</OrphaCode>
                        <ExpertLink lang="nl">http://www.orpha.net/consor/cgi-bin/OC_Exp.php?lng=nl&amp;Expert=230839</ExpertLink>
                        <Name lang="nl">Klassiek-gelijkend syndroom van Ehlers-Danlos type 1</Name>
                        <DisorderType id="21394">
                          <Name lang="nl">Ziekte</Name>
                        </DisorderType>
                      </Disorder>
                      <ClassificationNodeChildList count="0">
                      </ClassificationNodeChildList>
                    </ClassificationNode>
                  </ClassificationNodeChildList>
                </ClassificationNode>
                <ClassificationNode>
                  <Disorder id="19533">
                    <OrphaCode>247651</OrphaCode>
                    <ExpertLink lang="nl">http://www.orpha.net/consor/cgi-bin/OC_Exp.php?lng=nl&amp;Expert=247651</ExpertLink>
                    <Name lang="nl">Infantiele hypofosfatasie</Name>
                    <DisorderType id="21450">
                      <Name lang="nl">Klinisch subtype</Name>
                    </DisorderType>
                  </Disorder>
                  <ClassificationNodeChildList count="0">
                  </ClassificationNodeChildList>
                </ClassificationNode>
                <ClassificationNode>
                  <Disorder id="19534">
                    <OrphaCode>247667</OrphaCode>
                    <ExpertLink lang="nl">http://www.orpha.net/consor/cgi-bin/OC_Exp.php?lng=nl&amp;Expert=247667</ExpertLink>
                    <Name lang="nl">Hypofosfatasie met aanvang in de kindertijd</Name>
                    <DisorderType id="21450">
                      <Name lang="nl">Klinisch subtype</Name>
                    </DisorderType>
                  </Disorder>
                  <ClassificationNodeChildList count="0">
                  </ClassificationNodeChildList>
                </ClassificationNode>
                <ClassificationNode>
                  <Disorder id="19535">
                    <OrphaCode>247676</OrphaCode>
                    <ExpertLink lang="nl">http://www.orpha.net/consor/cgi-bin/OC_Exp.php?lng=nl&amp;Expert=247676</ExpertLink>
                    <Name lang="nl">Volwassen hypofosfatasie</Name>
                    <DisorderType id="21450">
                      <Name lang="nl">Klinisch subtype</Name>
                    </DisorderType>
                  </Disorder>
                  <ClassificationNodeChildList count="0">
                  </ClassificationNodeChildList>
                </ClassificationNode>
                <ClassificationNode>
                  <Disorder id="19536">
                    <OrphaCode>247685</OrphaCode>
                    <ExpertLink lang="nl">http://www.orpha.net/consor/cgi-bin/OC_Exp.php?lng=nl&amp;Expert=247685</ExpertLink>
                    <Name lang="nl">Odontohypofosfatasie</Name>
                    <DisorderType id="21450">
                      <Name lang="nl">Klinisch subtype</Name>
                    </DisorderType>
                  </Disorder>
                  <ClassificationNodeChildList count="0">
                  </ClassificationNodeChildList>
                </ClassificationNode>
                <ClassificationNode>
                  <Disorder id="22317">
                    <OrphaCode>363523</OrphaCode>
                    <ExpertLink lang="nl">http://www.orpha.net/consor/cgi-bin/OC_Exp.php?lng=nl&amp;Expert=363523</ExpertLink>
                    <Name lang="nl">Hypohidrose - glazuurhypoplasie - palmoplantaire keratodermie - intellectuele achterstand-syndroom</Name>
                    <DisorderType id="21394">
                      <Name lang="nl">Ziekte</Name>
                    </DisorderType>
                  </Disorder>
                  <ClassificationNodeChildList count="0">
                  </ClassificationNodeChildList>
                </ClassificationNode>
                <ClassificationNode>
                  <Disorder id="2233">
                    <OrphaCode>2407</OrphaCode>
                    <ExpertLink lang="nl">http://www.orpha.net/consor/cgi-bin/OC_Exp.php?lng=nl&amp;Expert=2407</ExpertLink>
                    <Name lang="nl">Laryngo-onycho-cutaan syndroom</Name>
                    <DisorderType id="21394">
                      <Name lang="nl">Ziekte</Name>
                    </DisorderType>
                  </Disorder>
                  <ClassificationNodeChildList count="0">
                  </ClassificationNodeChildList>
                </ClassificationNode>
                <ClassificationNode>
                  <Disorder id="11428">
                    <OrphaCode>79402</OrphaCode>
                    <ExpertLink lang="nl">http://www.orpha.net/consor/cgi-bin/OC_Exp.php?lng=nl&amp;Expert=79402</ExpertLink>
                    <Name lang="nl">Intermediaire gegeneraliseerde junctionele epidermolysis bullosa</Name>
                    <DisorderType id="21394">
                      <Name lang="nl">Ziekte</Name>
                    </DisorderType>
                  </Disorder>
                  <ClassificationNodeChildList count="0">
                  </ClassificationNodeChildList>
                </ClassificationNode>
                <ClassificationNode>
                  <Disorder id="11429">
                    <OrphaCode>79403</OrphaCode>
                    <ExpertLink lang="nl">http://www.orpha.net/consor/cgi-bin/OC_Exp.php?lng=nl&amp;Expert=79403</ExpertLink>
                    <Name lang="nl">Junctionele epidermolysis bullosa met pylorusatresie</Name>
                    <DisorderType id="21394">
                      <Name lang="nl">Ziekte</Name>
                    </DisorderType>
                  </Disorder>
                  <ClassificationNodeChildList count="0">
                  </ClassificationNodeChildList>
                </ClassificationNode>
                <ClassificationNode>
                  <Disorder id="11430">
                    <OrphaCode>79404</OrphaCode>
                    <ExpertLink lang="nl">http://www.orpha.net/consor/cgi-bin/OC_Exp.php?lng=nl&amp;Expert=79404</ExpertLink>
                    <Name lang="nl">Ernstige gegeneraliseerde junctionele epidermolysis bullosa</Name>
                    <DisorderType id="21394">
                      <Name lang="nl">Ziekte</Name>
                    </DisorderType>
                  </Disorder>
                  <ClassificationNodeChildList count="0">
                  </ClassificationNodeChildList>
                </ClassificationNode>
                <ClassificationNode>
                  <Disorder id="11431">
                    <OrphaCode>79405</OrphaCode>
                    <ExpertLink lang="nl">http://www.orpha.net/consor/cgi-bin/OC_Exp.php?lng=nl&amp;Expert=79405</ExpertLink>
                    <Name lang="nl">Junctionele epidermolysis bullosa inversa</Name>
                    <DisorderType id="21394">
                      <Name lang="nl">Ziekte</Name>
                    </DisorderType>
                  </Disorder>
                  <ClassificationNodeChildList count="0">
                  </ClassificationNodeChildList>
                </ClassificationNode>
                <ClassificationNode>
                  <Disorder id="11432">
                    <OrphaCode>79406</OrphaCode>
                    <ExpertLink lang="nl">http://www.orpha.net/consor/cgi-bin/OC_Exp.php?lng=nl&amp;Expert=79406</ExpertLink>
                    <Name lang="nl">Junctionele epidermolysis bullosa met late aanvang</Name>
                    <DisorderType id="21394">
                      <Name lang="nl">Ziekte</Name>
                    </DisorderType>
                  </Disorder>
                  <ClassificationNodeChildList count="0">
                  </ClassificationNodeChildList>
                </ClassificationNode>
                <ClassificationNode>
                  <Disorder id="19200">
                    <OrphaCode>231556</OrphaCode>
                    <ExpertLink lang="nl">http://www.orpha.net/consor/cgi-bin/OC_Exp.php?lng=nl&amp;Expert=231556</ExpertLink>
                    <Name lang="nl">Gelokaliseerde junctionele epidermolysis bullosa met late aanvang - intellectuele achterstand-syndroom</Name>
                    <DisorderType id="21394">
                      <Name lang="nl">Ziekte</Name>
                    </DisorderType>
                  </Disorder>
                  <ClassificationNodeChildList count="0">
                  </ClassificationNodeChildList>
                </ClassificationNode>
                <ClassificationNode>
                  <Disorder id="19640">
                    <OrphaCode>251393</OrphaCode>
                    <ExpertLink lang="nl">http://www.orpha.net/consor/cgi-bin/OC_Exp.php?lng=nl&amp;Expert=251393</ExpertLink>
                    <Name lang="nl">Gelokaliseerde junctionele epidermolysis bullosa</Name>
                    <DisorderType id="21394">
                      <Name lang="nl">Ziekte</Name>
                    </DisorderType>
                  </Disorder>
                  <ClassificationNodeChildList count="0">
                  </ClassificationNodeChildList>
                </ClassificationNode>
                <ClassificationNode>
                  <Disorder id="23554">
                    <OrphaCode>447961</OrphaCode>
                    <ExpertLink lang="nl">http://www.orpha.net/consor/cgi-bin/OC_Exp.php?lng=nl&amp;Expert=447961</ExpertLink>
                    <Name lang="nl">Pigmentatiedefecten - palmoplantaire keratodermie - huidcarcinoom-syndroom</Name>
                    <DisorderType id="21394">
                      <Name lang="nl">Ziekte</Name>
                    </DisorderType>
                  </Disorder>
                  <ClassificationNodeChildList count="0">
                  </ClassificationNodeChildList>
                </ClassificationNode>
                <ClassificationNode>
                  <Disorder id="25086">
                    <OrphaCode>476096</OrphaCode>
                    <ExpertLink lang="nl">http://www.orpha.net/consor/cgi-bin/OC_Exp.php?lng=nl&amp;Expert=476096</ExpertLink>
                    <Name lang="nl">Erytrokeratodermie - cardiomyopathie-syndroom</Name>
                    <DisorderType id="21394">
                      <Name lang="nl">Ziekte</Name>
                    </DisorderType>
                  </Disorder>
                  <ClassificationNodeChildList count="0">
                  </ClassificationNodeChildList>
                </ClassificationNode>
                <ClassificationNode>
                  <Disorder id="13830">
                    <OrphaCode>98813</OrphaCode>
                    <ExpertLink lang="nl">http://www.orpha.net/consor/cgi-bin/OC_Exp.php?lng=nl&amp;Expert=98813</ExpertLink>
                    <Name lang="nl">Hypohidrotische ectodermale dysplasie met immuundeficiëntie</Name>
                    <DisorderType id="21394">
                      <Name lang="nl">Ziekte</Name>
                    </DisorderType>
                  </Disorder>
                  <ClassificationNodeChildList count="0">
                  </ClassificationNodeChildList>
                </ClassificationNode>
              </ClassificationNodeChildList>
            </ClassificationNode>
            <ClassificationNode>
              <Disorder id="16857">
                <OrphaCode>139042</OrphaCode>
                <ExpertLink lang="nl">http://www.orpha.net/consor/cgi-bin/OC_Exp.php?lng=nl&amp;Expert=139042</ExpertLink>
                <Name lang="nl">Malformatiesyndroom met odontale en/of periodontale component</Name>
                <DisorderType id="36561">
                  <Name lang="nl">Categorie</Name>
                </DisorderType>
              </Disorder>
              <ClassificationNodeChildList count="67">
                <ClassificationNode>
                  <Disorder id="2481">
                    <OrphaCode>2720</OrphaCode>
                    <ExpertLink lang="nl">http://www.orpha.net/consor/cgi-bin/OC_Exp.php?lng=nl&amp;Expert=2720</ExpertLink>
                    <Name lang="nl">Oculocerebrale hypopigmentatie-syndroom, Preus-type</Name>
                    <DisorderType id="21401">
                      <Name lang="nl">Malformatiesyndroom</Name>
                    </DisorderType>
                  </Disorder>
                  <ClassificationNodeChildList count="0">
                  </ClassificationNodeChildList>
                </ClassificationNode>
                <ClassificationNode>
                  <Disorder id="28850">
                    <OrphaCode>576278</OrphaCode>
                    <ExpertLink lang="nl">http://www.orpha.net/consor/cgi-bin/OC_Exp.php?lng=nl&amp;Expert=576278</ExpertLink>
                    <Name lang="nl">SATB2-geassocieerd syndroom</Name>
                    <DisorderType id="21401">
                      <Name lang="nl">Malformatiesyndroom</Name>
                    </DisorderType>
                  </Disorder>
                  <ClassificationNodeChildList count="2">
                    <ClassificationNode>
                      <Disorder id="19605">
                        <OrphaCode>251028</OrphaCode>
                        <ExpertLink lang="nl">http://www.orpha.net/consor/cgi-bin/OC_Exp.php?lng=nl&amp;Expert=251028</ExpertLink>
                        <Name lang="nl">SATB2-geassocieerd syndroom door een chromosomale herschikking</Name>
                        <DisorderType id="21443">
                          <Name lang="nl">Etiologisch subtype</Name>
                        </DisorderType>
                      </Disorder>
                      <ClassificationNodeChildList count="0">
                      </ClassificationNodeChildList>
                    </ClassificationNode>
                    <ClassificationNode>
                      <Disorder id="28851">
                        <OrphaCode>576283</OrphaCode>
                        <ExpertLink lang="nl">http://www.orpha.net/consor/cgi-bin/OC_Exp.php?lng=nl&amp;Expert=576283</ExpertLink>
                        <Name lang="nl">SATB2-geassocieerd syndroom door een pathogene variant</Name>
                        <DisorderType id="21443">
                          <Name lang="nl">Etiologisch subtype</Name>
                        </DisorderType>
                      </Disorder>
                      <ClassificationNodeChildList count="0">
                      </ClassificationNodeChildList>
                    </ClassificationNode>
                  </ClassificationNodeChildList>
                </ClassificationNode>
                <ClassificationNode>
                  <Disorder id="931">
                    <OrphaCode>627</OrphaCode>
                    <ExpertLink lang="nl">http://www.orpha.net/consor/cgi-bin/OC_Exp.php?lng=nl&amp;Expert=627</ExpertLink>
                    <Name lang="nl">Syndroom van Nance-Horan</Name>
                    <DisorderType id="21401">
                      <Name lang="nl">Malformatiesyndroom</Name>
                    </DisorderType>
                  </Disorder>
                  <ClassificationNodeChildList count="0">
                  </ClassificationNodeChildList>
                </ClassificationNode>
                <ClassificationNode>
                  <Disorder id="1198">
                    <OrphaCode>1946</OrphaCode>
                    <ExpertLink lang="nl">http://www.orpha.net/consor/cgi-bin/OC_Exp.php?lng=nl&amp;Expert=1946</ExpertLink>
                    <Name lang="nl">Amelo-cerebro-hypohidrotisch syndroom</Name>
                    <DisorderType id="21401">
                      <Name lang="nl">Malformatiesyndroom</Name>
                    </DisorderType>
                  </Disorder>
                  <ClassificationNodeChildList count="0">
                  </ClassificationNodeChildList>
                </ClassificationNode>
                <ClassificationNode>
                  <Disorder id="1297">
                    <OrphaCode>978</OrphaCode>
                    <ExpertLink lang="nl">http://www.orpha.net/consor/cgi-bin/OC_Exp.php?lng=nl&amp;Expert=978</ExpertLink>
                    <Name lang="nl">ADULT-syndroom</Name>
                    <DisorderType id="21401">
                      <Name lang="nl">Malformatiesyndroom</Name>
                    </DisorderType>
                  </Disorder>
                  <ClassificationNodeChildList count="0">
                  </ClassificationNodeChildList>
                </ClassificationNode>
                <ClassificationNode>
                  <Disorder id="1339">
                    <OrphaCode>1031</OrphaCode>
                    <ExpertLink lang="nl">http://www.orpha.net/consor/cgi-bin/OC_Exp.php?lng=nl&amp;Expert=1031</ExpertLink>
                    <Name lang="nl">Tandglazuur - nieren-syndroom</Name>
                    <DisorderType id="21401">
                      <Name lang="nl">Malformatiesyndroom</Name>
                    </DisorderType>
                  </Disorder>
                  <ClassificationNodeChildList count="0">
                  </ClassificationNodeChildList>
                </ClassificationNode>
                <ClassificationNode>
                  <Disorder id="1728">
                    <OrphaCode>3196</OrphaCode>
                    <ExpertLink lang="nl">http://www.orpha.net/consor/cgi-bin/OC_Exp.php?lng=nl&amp;Expert=3196</ExpertLink>
                    <Name lang="nl">Steroïdedehydrogenasedeficiëntie - dentale anomalieën-syndroom</Name>
                    <DisorderType id="21394">
                      <Name lang="nl">Ziekte</Name>
                    </DisorderType>
                  </Disorder>
                  <ClassificationNodeChildList count="0">
                  </ClassificationNodeChildList>
                </ClassificationNode>
                <ClassificationNode>
                  <Disorder id="1749">
                    <OrphaCode>1660</OrphaCode>
                    <ExpertLink lang="nl">http://www.orpha.net/consor/cgi-bin/OC_Exp.php?lng=nl&amp;Expert=1660</ExpertLink>
                    <Name lang="nl">Dermo-odontodysplasie</Name>
                    <DisorderType id="21401">
                      <Name lang="nl">Malformatiesyndroom</Name>
                    </DisorderType>
                  </Disorder>
                  <ClassificationNodeChildList count="0">
                  </ClassificationNodeChildList>
                </ClassificationNode>
                <ClassificationNode>
                  <Disorder id="1804">
                    <OrphaCode>1811</OrphaCode>
                    <ExpertLink lang="nl">http://www.orpha.net/consor/cgi-bin/OC_Exp.php?lng=nl&amp;Expert=1811</ExpertLink>
                    <Name lang="nl">Odontomicronychiale dysplasie</Name>
                    <DisorderType id="21401">
                      <Name lang="nl">Malformatiesyndroom</Name>
                    </DisorderType>
                  </Disorder>
                  <ClassificationNodeChildList count="0">
                  </ClassificationNodeChildList>
                </ClassificationNode>
                <ClassificationNode>
                  <Disorder id="1844">
                    <OrphaCode>1873</OrphaCode>
                    <ExpertLink lang="nl">http://www.orpha.net/consor/cgi-bin/OC_Exp.php?lng=nl&amp;Expert=1873</ExpertLink>
                    <Name lang="nl">Syndroom van Jalili</Name>
                    <DisorderType id="21401">
                      <Name lang="nl">Malformatiesyndroom</Name>
                    </DisorderType>
                  </Disorder>
                  <ClassificationNodeChildList count="0">
                  </ClassificationNodeChildList>
                </ClassificationNode>
                <ClassificationNode>
                  <Disorder id="1854">
                    <OrphaCode>1818</OrphaCode>
                    <ExpertLink lang="nl">http://www.orpha.net/consor/cgi-bin/OC_Exp.php?lng=nl&amp;Expert=1818</ExpertLink>
                    <Name lang="nl">Ectodermale dysplasie, tricho-odonto-onychiaal type</Name>
                    <DisorderType id="21401">
                      <Name lang="nl">Malformatiesyndroom</Name>
                    </DisorderType>
                  </Disorder>
                  <ClassificationNodeChildList count="0">
                  </ClassificationNodeChildList>
                </ClassificationNode>
                <ClassificationNode>
                  <Disorder id="1934">
                    <OrphaCode>1997</OrphaCode>
                    <ExpertLink lang="nl">http://www.orpha.net/consor/cgi-bin/OC_Exp.php?lng=nl&amp;Expert=1997</ExpertLink>
                    <Name lang="nl">Blefaro-cheilo-odontisch syndroom</Name>
                    <DisorderType id="21401">
                      <Name lang="nl">Malformatiesyndroom</Name>
                    </DisorderType>
                  </Disorder>
                  <ClassificationNodeChildList count="0">
                  </ClassificationNodeChildList>
                </ClassificationNode>
                <ClassificationNode>
                  <Disorder id="1946">
                    <OrphaCode>2010</OrphaCode>
                    <ExpertLink lang="nl">http://www.orpha.net/consor/cgi-bin/OC_Exp.php?lng=nl&amp;Expert=2010</ExpertLink>
                    <Name lang="nl">Gespleten gehemelte - stijgbeugelfixatie - oligodontie-syndroom</Name>
                    <DisorderType id="21401">
                      <Name lang="nl">Malformatiesyndroom</Name>
                    </DisorderType>
                  </Disorder>
                  <ClassificationNodeChildList count="0">
                  </ClassificationNodeChildList>
                </ClassificationNode>
                <ClassificationNode>
                  <Disorder id="1956">
                    <OrphaCode>2025</OrphaCode>
                    <ExpertLink lang="nl">http://www.orpha.net/consor/cgi-bin/OC_Exp.php?lng=nl&amp;Expert=2025</ExpertLink>
                    <Name lang="nl">Gingivale fibromatose - faciale dysmorfie-syndroom</Name>
                    <DisorderType id="21401">
                      <Name lang="nl">Malformatiesyndroom</Name>
                    </DisorderType>
                  </Disorder>
                  <ClassificationNodeChildList count="0">
                  </ClassificationNodeChildList>
                </ClassificationNode>
                <ClassificationNode>
                  <Disorder id="1957">
                    <OrphaCode>2026</OrphaCode>
                    <ExpertLink lang="nl">http://www.orpha.net/consor/cgi-bin/OC_Exp.php?lng=nl&amp;Expert=2026</ExpertLink>
                    <Name lang="nl">Gingivale fibromatose - hypertrichose-syndroom</Name>
                    <DisorderType id="21401">
                      <Name lang="nl">Malformatiesyndroom</Name>
                    </DisorderType>
                  </Disorder>
                  <ClassificationNodeChildList count="0">
                  </ClassificationNodeChildList>
                </ClassificationNode>
                <ClassificationNode>
                  <Disorder id="1958">
                    <OrphaCode>2027</OrphaCode>
                    <ExpertLink lang="nl">http://www.orpha.net/consor/cgi-bin/OC_Exp.php?lng=nl&amp;Expert=2027</ExpertLink>
                    <Name lang="nl">Gingivale fibromatose - progressieve doofheid-syndroom</Name>
                    <DisorderType id="21401">
                      <Name lang="nl">Malformatiesyndroom</Name>
                    </DisorderType>
                  </Disorder>
                  <ClassificationNodeChildList count="0">
                  </ClassificationNodeChildList>
                </ClassificationNode>
                <ClassificationNode>
                  <Disorder id="1959">
                    <OrphaCode>2028</OrphaCode>
                    <ExpertLink lang="nl">http://www.orpha.net/consor/cgi-bin/OC_Exp.php?lng=nl&amp;Expert=2028</ExpertLink>
                    <Name lang="nl">Juveniele hyaliene fibromatose</Name>
                    <DisorderType id="21450">
                      <Name lang="nl">Klinisch subtype</Name>
                    </DisorderType>
                  </Disorder>
                  <ClassificationNodeChildList count="0">
                  </ClassificationNodeChildList>
                </ClassificationNode>
                <ClassificationNode>
                  <Disorder id="1985">
                    <OrphaCode>2067</OrphaCode>
                    <ExpertLink lang="nl">http://www.orpha.net/consor/cgi-bin/OC_Exp.php?lng=nl&amp;Expert=2067</ExpertLink>
                    <Name lang="nl">GAPO-syndroom</Name>
                    <DisorderType id="21401">
                      <Name lang="nl">Malformatiesyndroom</Name>
                    </DisorderType>
                  </Disorder>
                  <ClassificationNodeChildList count="0">
                  </ClassificationNodeChildList>
                </ClassificationNode>
                <ClassificationNode>
                  <Disorder id="2102">
                    <OrphaCode>2228</OrphaCode>
                    <ExpertLink lang="nl">http://www.orpha.net/consor/cgi-bin/OC_Exp.php?lng=nl&amp;Expert=2228</ExpertLink>
                    <Name lang="nl">Hypodontie - nageldysplasie-syndroom</Name>
                    <DisorderType id="21401">
                      <Name lang="nl">Malformatiesyndroom</Name>
                    </DisorderType>
                  </Disorder>
                  <ClassificationNodeChildList count="0">
                  </ClassificationNodeChildList>
                </ClassificationNode>
                <ClassificationNode>
                  <Disorder id="2184">
                    <OrphaCode>2332</OrphaCode>
                    <ExpertLink lang="nl">http://www.orpha.net/consor/cgi-bin/OC_Exp.php?lng=nl&amp;Expert=2332</ExpertLink>
                    <Name lang="nl">KBG-syndroom</Name>
                    <DisorderType id="21401">
                      <Name lang="nl">Malformatiesyndroom</Name>
                    </DisorderType>
                  </Disorder>
                  <ClassificationNodeChildList count="0">
                  </ClassificationNodeChildList>
                </ClassificationNode>
                <ClassificationNode>
                  <Disorder id="2194">
                    <OrphaCode>2342</OrphaCode>
                    <ExpertLink lang="nl">http://www.orpha.net/consor/cgi-bin/OC_Exp.php?lng=nl&amp;Expert=2342</ExpertLink>
                    <Name lang="nl">Syndroom van Haim-Munk</Name>
                    <DisorderType id="21394">
                      <Name lang="nl">Ziekte</Name>
                    </DisorderType>
                  </Disorder>
                  <ClassificationNodeChildList count="0">
                  </ClassificationNodeChildList>
                </ClassificationNode>
                <ClassificationNode>
                  <Disorder id="2207">
                    <OrphaCode>2363</OrphaCode>
                    <ExpertLink lang="nl">http://www.orpha.net/consor/cgi-bin/OC_Exp.php?lng=nl&amp;Expert=2363</ExpertLink>
                    <Name lang="nl">Lacrimo-auriculo-dento-digitaal syndroom</Name>
                    <DisorderType id="21401">
                      <Name lang="nl">Malformatiesyndroom</Name>
                    </DisorderType>
                  </Disorder>
                  <ClassificationNodeChildList count="0">
                  </ClassificationNodeChildList>
                </ClassificationNode>
                <ClassificationNode>
                  <Disorder id="2363">
                    <OrphaCode>2561</OrphaCode>
                    <ExpertLink lang="nl">http://www.orpha.net/consor/cgi-bin/OC_Exp.php?lng=nl&amp;Expert=2561</ExpertLink>
                    <Name lang="nl">Piramidale molaren - abnormale bovenlip-syndroom</Name>
                    <DisorderType id="21401">
                      <Name lang="nl">Malformatiesyndroom</Name>
                    </DisorderType>
                  </Disorder>
                  <ClassificationNodeChildList count="0">
                  </ClassificationNodeChildList>
                </ClassificationNode>
                <ClassificationNode>
                  <Disorder id="2470">
                    <OrphaCode>2709</OrphaCode>
                    <ExpertLink lang="nl">http://www.orpha.net/consor/cgi-bin/OC_Exp.php?lng=nl&amp;Expert=2709</ExpertLink>
                    <Name lang="nl">Oculodentaal syndroom, Rutherfurd-type</Name>
                    <DisorderType id="21401">
                      <Name lang="nl">Malformatiesyndroom</Name>
                    </DisorderType>
                  </Disorder>
                  <ClassificationNodeChildList count="0">
                  </ClassificationNodeChildList>
                </ClassificationNode>
                <ClassificationNode>
                  <Disorder id="2471">
                    <OrphaCode>2710</OrphaCode>
                    <ExpertLink lang="nl">http://www.orpha.net/consor/cgi-bin/OC_Exp.php?lng=nl&amp;Expert=2710</ExpertLink>
                    <Name lang="nl">Oculodentodigitale dysplasie</Name>
                    <DisorderType id="21401">
                      <Name lang="nl">Malformatiesyndroom</Name>
                    </DisorderType>
                  </Disorder>
                  <ClassificationNodeChildList count="0">
                  </ClassificationNodeChildList>
                </ClassificationNode>
                <ClassificationNode>
                  <Disorder id="2473">
                    <OrphaCode>2712</OrphaCode>
                    <ExpertLink lang="nl">http://www.orpha.net/consor/cgi-bin/OC_Exp.php?lng=nl&amp;Expert=2712</ExpertLink>
                    <Name lang="nl">Oculofaciocardiodentaal syndroom</Name>
                    <DisorderType id="21401">
                      <Name lang="nl">Malformatiesyndroom</Name>
                    </DisorderType>
                  </Disorder>
                  <ClassificationNodeChildList count="0">
                  </ClassificationNodeChildList>
                </ClassificationNode>
                <ClassificationNode>
                  <Disorder id="2480">
                    <OrphaCode>2719</OrphaCode>
                    <ExpertLink lang="nl">http://www.orpha.net/consor/cgi-bin/OC_Exp.php?lng=nl&amp;Expert=2719</ExpertLink>
                    <Name lang="nl">Oculocerebrale hypopigmentatie-syndroom, Cross-type</Name>
                    <DisorderType id="21401">
                      <Name lang="nl">Malformatiesyndroom</Name>
                    </DisorderType>
                  </Disorder>
                  <ClassificationNodeChildList count="0">
                  </ClassificationNodeChildList>
                </ClassificationNode>
                <ClassificationNode>
                  <Disorder id="2482">
                    <OrphaCode>2721</OrphaCode>
                    <ExpertLink lang="nl">http://www.orpha.net/consor/cgi-bin/OC_Exp.php?lng=nl&amp;Expert=2721</ExpertLink>
                    <Name lang="nl">Odonto-onycho-dermale dysplasie</Name>
                    <DisorderType id="21394">
                      <Name lang="nl">Ziekte</Name>
                    </DisorderType>
                  </Disorder>
                  <ClassificationNodeChildList count="0">
                  </ClassificationNodeChildList>
                </ClassificationNode>
                <ClassificationNode>
                  <Disorder id="2483">
                    <OrphaCode>2722</OrphaCode>
                    <ExpertLink lang="nl">http://www.orpha.net/consor/cgi-bin/OC_Exp.php?lng=nl&amp;Expert=2722</ExpertLink>
                    <Name lang="nl">Odonto-onycho dysplasie - alopecie-syndroom</Name>
                    <DisorderType id="21401">
                      <Name lang="nl">Malformatiesyndroom</Name>
                    </DisorderType>
                  </Disorder>
                  <ClassificationNodeChildList count="0">
                  </ClassificationNodeChildList>
                </ClassificationNode>
                <ClassificationNode>
                  <Disorder id="2484">
                    <OrphaCode>2723</OrphaCode>
                    <ExpertLink lang="nl">http://www.orpha.net/consor/cgi-bin/OC_Exp.php?lng=nl&amp;Expert=2723</ExpertLink>
                    <Name lang="nl">Odontotrichomelisch syndroom</Name>
                    <DisorderType id="21401">
                      <Name lang="nl">Malformatiesyndroom</Name>
                    </DisorderType>
                  </Disorder>
                  <ClassificationNodeChildList count="0">
                  </ClassificationNodeChildList>
                </ClassificationNode>
                <ClassificationNode>
                  <Disorder id="2485">
                    <OrphaCode>2724</OrphaCode>
                    <ExpertLink lang="nl">http://www.orpha.net/consor/cgi-bin/OC_Exp.php?lng=nl&amp;Expert=2724</ExpertLink>
                    <Name lang="nl">Odontomatose - aortae esophagus stenosis-syndroom</Name>
                    <DisorderType id="21401">
                      <Name lang="nl">Malformatiesyndroom</Name>
                    </DisorderType>
                  </Disorder>
                  <ClassificationNodeChildList count="0">
                  </ClassificationNodeChildList>
                </ClassificationNode>
                <ClassificationNode>
                  <Disorder id="2539">
                    <OrphaCode>2791</OrphaCode>
                    <ExpertLink lang="nl">http://www.orpha.net/consor/cgi-bin/OC_Exp.php?lng=nl&amp;Expert=2791</ExpertLink>
                    <Name lang="nl">Otodentaal syndroom</Name>
                    <DisorderType id="21401">
                      <Name lang="nl">Malformatiesyndroom</Name>
                    </DisorderType>
                  </Disorder>
                  <ClassificationNodeChildList count="0">
                  </ClassificationNodeChildList>
                </ClassificationNode>
                <ClassificationNode>
                  <Disorder id="2551">
                    <OrphaCode>678</OrphaCode>
                    <ExpertLink lang="nl">http://www.orpha.net/consor/cgi-bin/OC_Exp.php?lng=nl&amp;Expert=678</ExpertLink>
                    <Name lang="nl">Syndroom van Papillon-Lefèvre</Name>
                    <DisorderType id="21394">
                      <Name lang="nl">Ziekte</Name>
                    </DisorderType>
                  </Disorder>
                  <ClassificationNodeChildList count="0">
                  </ClassificationNodeChildList>
                </ClassificationNode>
                <ClassificationNode>
                  <Disorder id="2620">
                    <OrphaCode>2892</OrphaCode>
                    <ExpertLink lang="nl">http://www.orpha.net/consor/cgi-bin/OC_Exp.php?lng=nl&amp;Expert=2892</ExpertLink>
                    <Name lang="nl">Pilodentale dysplasie - refractiefouten-syndroom</Name>
                    <DisorderType id="21401">
                      <Name lang="nl">Malformatiesyndroom</Name>
                    </DisorderType>
                  </Disorder>
                  <ClassificationNodeChildList count="0">
                  </ClassificationNodeChildList>
                </ClassificationNode>
                <ClassificationNode>
                  <Disorder id="2625">
                    <OrphaCode>2899</OrphaCode>
                    <ExpertLink lang="nl">http://www.orpha.net/consor/cgi-bin/OC_Exp.php?lng=nl&amp;Expert=2899</ExpertLink>
                    <Name lang="nl">Brachyolmie - amelogenesis imperfecta-syndroom</Name>
                    <DisorderType id="21401">
                      <Name lang="nl">Malformatiesyndroom</Name>
                    </DisorderType>
                  </Disorder>
                  <ClassificationNodeChildList count="0">
                  </ClassificationNodeChildList>
                </ClassificationNode>
                <ClassificationNode>
                  <Disorder id="2634">
                    <OrphaCode>2916</OrphaCode>
                    <ExpertLink lang="nl">http://www.orpha.net/consor/cgi-bin/OC_Exp.php?lng=nl&amp;Expert=2916</ExpertLink>
                    <Name lang="nl">Postaxiale polydactylie - dentale en vertebrale anomalieën-syndroom</Name>
                    <DisorderType id="21401">
                      <Name lang="nl">Malformatiesyndroom</Name>
                    </DisorderType>
                  </Disorder>
                  <ClassificationNodeChildList count="0">
                  </ClassificationNodeChildList>
                </ClassificationNode>
                <ClassificationNode>
                  <Disorder id="2678">
                    <OrphaCode>2972</OrphaCode>
                    <ExpertLink lang="nl">http://www.orpha.net/consor/cgi-bin/OC_Exp.php?lng=nl&amp;Expert=2972</ExpertLink>
                    <Name lang="nl">Niet doorkomen van tanden - hypoplasie van maxilla - genu valgum-syndroom</Name>
                    <DisorderType id="21401">
                      <Name lang="nl">Malformatiesyndroom</Name>
                    </DisorderType>
                  </Disorder>
                  <ClassificationNodeChildList count="0">
                  </ClassificationNodeChildList>
                </ClassificationNode>
                <ClassificationNode>
                  <Disorder id="2715">
                    <OrphaCode>3019</OrphaCode>
                    <ExpertLink lang="nl">http://www.orpha.net/consor/cgi-bin/OC_Exp.php?lng=nl&amp;Expert=3019</ExpertLink>
                    <Name lang="nl">Syndroom van Ramon</Name>
                    <DisorderType id="21401">
                      <Name lang="nl">Malformatiesyndroom</Name>
                    </DisorderType>
                  </Disorder>
                  <ClassificationNodeChildList count="0">
                  </ClassificationNodeChildList>
                </ClassificationNode>
                <ClassificationNode>
                  <Disorder id="2856">
                    <OrphaCode>3184</OrphaCode>
                    <ExpertLink lang="nl">http://www.orpha.net/consor/cgi-bin/OC_Exp.php?lng=nl&amp;Expert=3184</ExpertLink>
                    <Name lang="nl">Steatocystoma multiplex - natale tanden-syndroom</Name>
                    <DisorderType id="21401">
                      <Name lang="nl">Malformatiesyndroom</Name>
                    </DisorderType>
                  </Disorder>
                  <ClassificationNodeChildList count="0">
                  </ClassificationNodeChildList>
                </ClassificationNode>
                <ClassificationNode>
                  <Disorder id="2877">
                    <OrphaCode>3220</OrphaCode>
                    <ExpertLink lang="nl">http://www.orpha.net/consor/cgi-bin/OC_Exp.php?lng=nl&amp;Expert=3220</ExpertLink>
                    <Name lang="nl">Doofheid - glazuurhypoplasie - nageldefecten-syndroom</Name>
                    <DisorderType id="21401">
                      <Name lang="nl">Malformatiesyndroom</Name>
                    </DisorderType>
                  </Disorder>
                  <ClassificationNodeChildList count="0">
                  </ClassificationNodeChildList>
                </ClassificationNode>
                <ClassificationNode>
                  <Disorder id="2890">
                    <OrphaCode>3230</OrphaCode>
                    <ExpertLink lang="nl">http://www.orpha.net/consor/cgi-bin/OC_Exp.php?lng=nl&amp;Expert=3230</ExpertLink>
                    <Name lang="nl">Doofheid - oligodontie-syndroom</Name>
                    <DisorderType id="21401">
                      <Name lang="nl">Malformatiesyndroom</Name>
                    </DisorderType>
                  </Disorder>
                  <ClassificationNodeChildList count="0">
                  </ClassificationNodeChildList>
                </ClassificationNode>
                <ClassificationNode>
                  <Disorder id="2970">
                    <OrphaCode>3351</OrphaCode>
                    <ExpertLink lang="nl">http://www.orpha.net/consor/cgi-bin/OC_Exp.php?lng=nl&amp;Expert=3351</ExpertLink>
                    <Name lang="nl">Trichodentaal syndroom</Name>
                    <DisorderType id="21401">
                      <Name lang="nl">Malformatiesyndroom</Name>
                    </DisorderType>
                  </Disorder>
                  <ClassificationNodeChildList count="0">
                  </ClassificationNodeChildList>
                </ClassificationNode>
                <ClassificationNode>
                  <Disorder id="2971">
                    <OrphaCode>3352</OrphaCode>
                    <ExpertLink lang="nl">http://www.orpha.net/consor/cgi-bin/OC_Exp.php?lng=nl&amp;Expert=3352</ExpertLink>
                    <Name lang="nl">Tricho-dento-ossaal syndroom</Name>
                    <DisorderType id="21401">
                      <Name lang="nl">Malformatiesyndroom</Name>
                    </DisorderType>
                  </Disorder>
                  <ClassificationNodeChildList count="0">
                  </ClassificationNodeChildList>
                </ClassificationNode>
                <ClassificationNode>
                  <Disorder id="2972">
                    <OrphaCode>3353</OrphaCode>
                    <ExpertLink lang="nl">http://www.orpha.net/consor/cgi-bin/OC_Exp.php?lng=nl&amp;Expert=3353</ExpertLink>
                    <Name lang="nl">Trichodermodysplasie - dentale veranderingen-syndroom</Name>
                    <DisorderType id="21401">
                      <Name lang="nl">Malformatiesyndroom</Name>
                    </DisorderType>
                  </Disorder>
                  <ClassificationNodeChildList count="0">
                  </ClassificationNodeChildList>
                </ClassificationNode>
                <ClassificationNode>
                  <Disorder id="2974">
                    <OrphaCode>3355</OrphaCode>
                    <ExpertLink lang="nl">http://www.orpha.net/consor/cgi-bin/OC_Exp.php?lng=nl&amp;Expert=3355</ExpertLink>
                    <Name lang="nl">Tricho-odonto-onychiale dysplasie</Name>
                    <DisorderType id="21401">
                      <Name lang="nl">Malformatiesyndroom</Name>
                    </DisorderType>
                  </Disorder>
                  <ClassificationNodeChildList count="0">
                  </ClassificationNodeChildList>
                </ClassificationNode>
                <ClassificationNode>
                  <Disorder id="28333">
                    <OrphaCode>562559</OrphaCode>
                    <ExpertLink lang="nl">http://www.orpha.net/consor/cgi-bin/OC_Exp.php?lng=nl&amp;Expert=562559</ExpertLink>
                    <Name lang="nl">Anterieure maxillaire protrusie - strabisme - intellectuele achterstand-syndroom</Name>
                    <DisorderType id="21401">
                      <Name lang="nl">Malformatiesyndroom</Name>
                    </DisorderType>
                  </Disorder>
                  <ClassificationNodeChildList count="0">
                  </ClassificationNodeChildList>
                </ClassificationNode>
                <ClassificationNode>
                  <Disorder id="3052">
                    <OrphaCode>3473</OrphaCode>
                    <ExpertLink lang="nl">http://www.orpha.net/consor/cgi-bin/OC_Exp.php?lng=nl&amp;Expert=3473</ExpertLink>
                    <Name lang="nl">Syndroom van Zimmermann-Laband</Name>
                    <DisorderType id="21401">
                      <Name lang="nl">Malformatiesyndroom</Name>
                    </DisorderType>
                  </Disorder>
                  <ClassificationNodeChildList count="0">
                  </ClassificationNodeChildList>
                </ClassificationNode>
                <ClassificationNode>
                  <Disorder id="12059">
                    <OrphaCode>90650</OrphaCode>
                    <ExpertLink lang="nl">http://www.orpha.net/consor/cgi-bin/OC_Exp.php?lng=nl&amp;Expert=90650</ExpertLink>
                    <Name lang="nl">Otopalatodigitaal syndroom type 1</Name>
                    <DisorderType id="21401">
                      <Name lang="nl">Malformatiesyndroom</Name>
                    </DisorderType>
                  </Disorder>
                  <ClassificationNodeChildList count="0">
                  </ClassificationNodeChildList>
                </ClassificationNode>
                <ClassificationNode>
                  <Disorder id="10664">
                    <OrphaCode>50944</OrphaCode>
                    <ExpertLink lang="nl">http://www.orpha.net/consor/cgi-bin/OC_Exp.php?lng=nl&amp;Expert=50944</ExpertLink>
                    <Name lang="nl">Syndroom van Schöpf-Schulz-Passarge</Name>
                    <DisorderType id="21394">
                      <Name lang="nl">Ziekte</Name>
                    </DisorderType>
                  </Disorder>
                  <ClassificationNodeChildList count="0">
                  </ClassificationNodeChildList>
                </ClassificationNode>
                <ClassificationNode>
                  <Disorder id="10916">
                    <OrphaCode>69082</OrphaCode>
                    <ExpertLink lang="nl">http://www.orpha.net/consor/cgi-bin/OC_Exp.php?lng=nl&amp;Expert=69082</ExpertLink>
                    <Name lang="nl">Odonto-tricho-unguaal-digito-palmair syndroom</Name>
                    <DisorderType id="21401">
                      <Name lang="nl">Malformatiesyndroom</Name>
                    </DisorderType>
                  </Disorder>
                  <ClassificationNodeChildList count="0">
                  </ClassificationNodeChildList>
                </ClassificationNode>
                <ClassificationNode>
                  <Disorder id="10917">
                    <OrphaCode>69083</OrphaCode>
                    <ExpertLink lang="nl">http://www.orpha.net/consor/cgi-bin/OC_Exp.php?lng=nl&amp;Expert=69083</ExpertLink>
                    <Name lang="nl">Ectodermale dysplasie met natale tanden, Turnpenny-type</Name>
                    <DisorderType id="21401">
                      <Name lang="nl">Malformatiesyndroom</Name>
                    </DisorderType>
                  </Disorder>
                  <ClassificationNodeChildList count="0">
                  </ClassificationNodeChildList>
                </ClassificationNode>
                <ClassificationNode>
                  <Disorder id="11156">
                    <OrphaCode>79129</OrphaCode>
                    <ExpertLink lang="nl">http://www.orpha.net/consor/cgi-bin/OC_Exp.php?lng=nl&amp;Expert=79129</ExpertLink>
                    <Name lang="nl">Trichodysplasie - amelogenesis imperfecta-syndroom</Name>
                    <DisorderType id="21401">
                      <Name lang="nl">Malformatiesyndroom</Name>
                    </DisorderType>
                  </Disorder>
                  <ClassificationNodeChildList count="0">
                  </ClassificationNodeChildList>
                </ClassificationNode>
                <ClassificationNode>
                  <Disorder id="14379">
                    <OrphaCode>99806</OrphaCode>
                    <ExpertLink lang="nl">http://www.orpha.net/consor/cgi-bin/OC_Exp.php?lng=nl&amp;Expert=99806</ExpertLink>
                    <Name lang="nl">Oculo-otodentaal syndroom</Name>
                    <DisorderType id="21401">
                      <Name lang="nl">Malformatiesyndroom</Name>
                    </DisorderType>
                  </Disorder>
                  <ClassificationNodeChildList count="0">
                  </ClassificationNodeChildList>
                </ClassificationNode>
                <ClassificationNode>
                  <Disorder id="443">
                    <OrphaCode>1452</OrphaCode>
                    <ExpertLink lang="nl">http://www.orpha.net/consor/cgi-bin/OC_Exp.php?lng=nl&amp;Expert=1452</ExpertLink>
                    <Name lang="nl">Cleidocraniale dysplasie</Name>
                    <DisorderType id="21401">
                      <Name lang="nl">Malformatiesyndroom</Name>
                    </DisorderType>
                  </Disorder>
                  <ClassificationNodeChildList count="0">
                  </ClassificationNodeChildList>
                </ClassificationNode>
                <ClassificationNode>
                  <Disorder id="12060">
                    <OrphaCode>90652</OrphaCode>
                    <ExpertLink lang="nl">http://www.orpha.net/consor/cgi-bin/OC_Exp.php?lng=nl&amp;Expert=90652</ExpertLink>
                    <Name lang="nl">Otopalatodigitaal syndroom type 2</Name>
                    <DisorderType id="21401">
                      <Name lang="nl">Malformatiesyndroom</Name>
                    </DisorderType>
                  </Disorder>
                  <ClassificationNodeChildList count="0">
                  </ClassificationNodeChildList>
                </ClassificationNode>
                <ClassificationNode>
                  <Disorder id="18155">
                    <OrphaCode>180766</OrphaCode>
                    <ExpertLink lang="nl">http://www.orpha.net/consor/cgi-bin/OC_Exp.php?lng=nl&amp;Expert=180766</ExpertLink>
                    <Name lang="nl">Malformatief syndroom met dentinogenesis imperfecta</Name>
                    <DisorderType id="36561">
                      <Name lang="nl">Categorie</Name>
                    </DisorderType>
                  </Disorder>
                  <ClassificationNodeChildList count="4">
                    <ClassificationNode>
                      <Disorder id="1812">
                        <OrphaCode>1830</OrphaCode>
                        <ExpertLink lang="nl">http://www.orpha.net/consor/cgi-bin/OC_Exp.php?lng=nl&amp;Expert=1830</ExpertLink>
                        <Name lang="nl">Immuno-ossale dysplasie, Schimke-type</Name>
                        <DisorderType id="21394">
                          <Name lang="nl">Ziekte</Name>
                        </DisorderType>
                      </Disorder>
                      <ClassificationNodeChildList count="0">
                      </ClassificationNodeChildList>
                    </ClassificationNode>
                    <ClassificationNode>
                      <Disorder id="10989">
                        <OrphaCode>71267</OrphaCode>
                        <ExpertLink lang="nl">http://www.orpha.net/consor/cgi-bin/OC_Exp.php?lng=nl&amp;Expert=71267</ExpertLink>
                        <Name lang="nl">Dentinogenesis imperfecta - kleine gestalte - gehoorverlies - intellectuele achterstand-syndroom</Name>
                        <DisorderType id="21401">
                          <Name lang="nl">Malformatiesyndroom</Name>
                        </DisorderType>
                      </Disorder>
                      <ClassificationNodeChildList count="0">
                      </ClassificationNodeChildList>
                    </ClassificationNode>
                    <ClassificationNode>
                      <Disorder id="17626">
                        <OrphaCode>166272</OrphaCode>
                        <ExpertLink lang="nl">http://www.orpha.net/consor/cgi-bin/OC_Exp.php?lng=nl&amp;Expert=166272</ExpertLink>
                        <Name lang="nl">Odontochondrodysplasie</Name>
                        <DisorderType id="21401">
                          <Name lang="nl">Malformatiesyndroom</Name>
                        </DisorderType>
                      </Disorder>
                      <ClassificationNodeChildList count="0">
                      </ClassificationNodeChildList>
                    </ClassificationNode>
                    <ClassificationNode>
                      <Disorder id="17627">
                        <OrphaCode>166277</OrphaCode>
                        <ExpertLink lang="nl">http://www.orpha.net/consor/cgi-bin/OC_Exp.php?lng=nl&amp;Expert=166277</ExpertLink>
                        <Name lang="nl">Wormiaanse botstructuren - meervoudige fracturen - dentinogenesis imperfecta - skeletdysplasie</Name>
                        <DisorderType id="21401">
                          <Name lang="nl">Malformatiesyndroom</Name>
                        </DisorderType>
                      </Disorder>
                      <ClassificationNodeChildList count="0">
                      </ClassificationNodeChildList>
                    </ClassificationNode>
                  </ClassificationNodeChildList>
                </ClassificationNode>
                <ClassificationNode>
                  <Disorder id="20578">
                    <OrphaCode>284149</OrphaCode>
                    <ExpertLink lang="nl">http://www.orpha.net/consor/cgi-bin/OC_Exp.php?lng=nl&amp;Expert=284149</ExpertLink>
                    <Name lang="nl">Craniosynostose - dentale anomalieën</Name>
                    <DisorderType id="21401">
                      <Name lang="nl">Malformatiesyndroom</Name>
                    </DisorderType>
                  </Disorder>
                  <ClassificationNodeChildList count="0">
                  </ClassificationNodeChildList>
                </ClassificationNode>
                <ClassificationNode>
                  <Disorder id="22850">
                    <OrphaCode>401911</OrphaCode>
                    <ExpertLink lang="nl">http://www.orpha.net/consor/cgi-bin/OC_Exp.php?lng=nl&amp;Expert=401911</ExpertLink>
                    <Name lang="nl">AXIN2-gerelateerde geattenueerde familiale adenomateuze polyposis</Name>
                    <DisorderType id="21394">
                      <Name lang="nl">Ziekte</Name>
                    </DisorderType>
                  </Disorder>
                  <ClassificationNodeChildList count="0">
                  </ClassificationNodeChildList>
                </ClassificationNode>
                <ClassificationNode>
                  <Disorder id="21283">
                    <OrphaCode>307766</OrphaCode>
                    <ExpertLink lang="nl">http://www.orpha.net/consor/cgi-bin/OC_Exp.php?lng=nl&amp;Expert=307766</ExpertLink>
                    <Name lang="nl">Gekruld haar-acrale keratodermie-cariës-syndroom</Name>
                    <DisorderType id="21394">
                      <Name lang="nl">Ziekte</Name>
                    </DisorderType>
                  </Disorder>
                  <ClassificationNodeChildList count="0">
                  </ClassificationNodeChildList>
                </ClassificationNode>
                <ClassificationNode>
                  <Disorder id="21289">
                    <OrphaCode>307936</OrphaCode>
                    <ExpertLink lang="nl">http://www.orpha.net/consor/cgi-bin/OC_Exp.php?lng=nl&amp;Expert=307936</ExpertLink>
                    <Name lang="nl">Hypotrichose-osteolyse-periodontitis-palmoplantaire keratodermie-syndroom</Name>
                    <DisorderType id="21394">
                      <Name lang="nl">Ziekte</Name>
                    </DisorderType>
                  </Disorder>
                  <ClassificationNodeChildList count="0">
                  </ClassificationNodeChildList>
                </ClassificationNode>
                <ClassificationNode>
                  <Disorder id="22298">
                    <OrphaCode>363417</OrphaCode>
                    <ExpertLink lang="nl">http://www.orpha.net/consor/cgi-bin/OC_Exp.php?lng=nl&amp;Expert=363417</ExpertLink>
                    <Name lang="nl">Preaxiale brachydactylie van Temtamy-syndroom</Name>
                    <DisorderType id="21401">
                      <Name lang="nl">Malformatiesyndroom</Name>
                    </DisorderType>
                  </Disorder>
                  <ClassificationNodeChildList count="0">
                  </ClassificationNodeChildList>
                </ClassificationNode>
                <ClassificationNode>
                  <Disorder id="21494">
                    <OrphaCode>314555</OrphaCode>
                    <ExpertLink lang="nl">http://www.orpha.net/consor/cgi-bin/OC_Exp.php?lng=nl&amp;Expert=314555</ExpertLink>
                    <Name lang="nl">Faciale dysmorfie - oculaire anomalieën - osteopenie - intellectuele achterstand - dentale anomalieën-syndroom</Name>
                    <DisorderType id="21401">
                      <Name lang="nl">Malformatiesyndroom</Name>
                    </DisorderType>
                  </Disorder>
                  <ClassificationNodeChildList count="0">
                  </ClassificationNodeChildList>
                </ClassificationNode>
                <ClassificationNode>
                  <Disorder id="31975">
                    <OrphaCode>659873</OrphaCode>
                    <ExpertLink lang="nl">http://www.orpha.net/consor/cgi-bin/OC_Exp.php?lng=nl&amp;Expert=659873</ExpertLink>
                    <Name lang="nl">Wormiaanse botstructuren - micrognathie - abnormaal gebit - progeroïde kenmerken-syndroom</Name>
                    <DisorderType id="21401">
                      <Name lang="nl">Malformatiesyndroom</Name>
                    </DisorderType>
                  </Disorder>
                  <ClassificationNodeChildList count="0">
                  </ClassificationNodeChildList>
                </ClassificationNode>
                <ClassificationNode>
                  <Disorder id="32036">
                    <OrphaCode>664438</OrphaCode>
                    <ExpertLink lang="nl">http://www.orpha.net/consor/cgi-bin/OC_Exp.php?lng=nl&amp;Expert=664438</ExpertLink>
                    <Name lang="nl">Gingivafibromatose - dilatatie van aortawortel - faciale dysmorfie - intellectuele achterstand-syndroom</Name>
                    <DisorderType id="21401">
                      <Name lang="nl">Malformatiesyndroom</Name>
                    </DisorderType>
                  </Disorder>
                  <ClassificationNodeChildList count="0">
                  </ClassificationNodeChildList>
                </ClassificationNode>
                <ClassificationNode>
                  <Disorder id="32153">
                    <OrphaCode>684232</OrphaCode>
                    <ExpertLink lang="nl">http://www.orpha.net/consor/cgi-bin/OC_Exp.php?lng=nl&amp;Expert=684232</ExpertLink>
                    <Name lang="nl">Intellectuele achterstand - epilepsie - dentale anomalieën - faciale dysmorfie-syndroom</Name>
                    <DisorderType id="21401">
                      <Name lang="nl">Malformatiesyndroom</Name>
                    </DisorderType>
                  </Disorder>
                  <ClassificationNodeChildList count="0">
                  </ClassificationNodeChildList>
                </ClassificationNode>
                <ClassificationNode>
                  <Disorder id="29437">
                    <OrphaCode>589608</OrphaCode>
                    <ExpertLink lang="nl">http://www.orpha.net/consor/cgi-bin/OC_Exp.php?lng=nl&amp;Expert=589608</ExpertLink>
                    <Name lang="nl">Lineaire hypopigmentatie en craniofaciale asymmetrie met acrale, oculaire en cerebrale anomalieën</Name>
                    <DisorderType id="21394">
                      <Name lang="nl">Ziekte</Name>
                    </DisorderType>
                  </Disorder>
                  <ClassificationNodeChildList count="0">
                  </ClassificationNodeChildList>
                </ClassificationNode>
                <ClassificationNode>
                  <Disorder id="29879">
                    <OrphaCode>598603</OrphaCode>
                    <ExpertLink lang="nl">http://www.orpha.net/consor/cgi-bin/OC_Exp.php?lng=nl&amp;Expert=598603</ExpertLink>
                    <Name lang="nl">Syndroom van faciale dysmorfie - hypertrichose - epilepsie - intellectuele achterstand/ontwikkelingsachterstand - overgroei van gingiva</Name>
                    <DisorderType id="21401">
                      <Name lang="nl">Malformatiesyndroom</Name>
                    </DisorderType>
                  </Disorder>
                  <ClassificationNodeChildList count="0">
                  </ClassificationNodeChildList>
                </ClassificationNode>
              </ClassificationNodeChildList>
            </ClassificationNode>
            <ClassificationNode>
              <Disorder id="17563">
                <OrphaCode>164001</OrphaCode>
                <ExpertLink lang="nl">http://www.orpha.net/consor/cgi-bin/OC_Exp.php?lng=nl&amp;Expert=164001</ExpertLink>
                <Name lang="nl">Zeldzame odontale of periodontale stoornis</Name>
                <DisorderType id="36561">
                  <Name lang="nl">Categorie</Name>
                </DisorderType>
              </Disorder>
              <ClassificationNodeChildList count="12">
                <ClassificationNode>
                  <Disorder id="1371">
                    <OrphaCode>1077</OrphaCode>
                    <ExpertLink lang="nl">http://www.orpha.net/consor/cgi-bin/OC_Exp.php?lng=nl&amp;Expert=1077</ExpertLink>
                    <Name lang="nl">Dentale ankylose</Name>
                    <DisorderType id="21401">
                      <Name lang="nl">Malformatiesyndroom</Name>
                    </DisorderType>
                  </Disorder>
                  <ClassificationNodeChildList count="0">
                  </ClassificationNodeChildList>
                </ClassificationNode>
                <ClassificationNode>
                  <Disorder id="1955">
                    <OrphaCode>2024</OrphaCode>
                    <ExpertLink lang="nl">http://www.orpha.net/consor/cgi-bin/OC_Exp.php?lng=nl&amp;Expert=2024</ExpertLink>
                    <Name lang="nl">Erfelijke gingivale fibromatose</Name>
                    <DisorderType id="21401">
                      <Name lang="nl">Malformatiesyndroom</Name>
                    </DisorderType>
                  </Disorder>
                  <ClassificationNodeChildList count="0">
                  </ClassificationNodeChildList>
                </ClassificationNode>
                <ClassificationNode>
                  <Disorder id="2154">
                    <OrphaCode>2287</OrphaCode>
                    <ExpertLink lang="nl">http://www.orpha.net/consor/cgi-bin/OC_Exp.php?lng=nl&amp;Expert=2287</ExpertLink>
                    <Name lang="nl">Gefuseerde mandibulaire snijtanden</Name>
                    <DisorderType id="21415">
                      <Name lang="nl">Morfologische anomalie</Name>
                    </DisorderType>
                  </Disorder>
                  <ClassificationNodeChildList count="0">
                  </ClassificationNodeChildList>
                </ClassificationNode>
                <ClassificationNode>
                  <Disorder id="10900">
                    <OrphaCode>67039</OrphaCode>
                    <ExpertLink lang="nl">http://www.orpha.net/consor/cgi-bin/OC_Exp.php?lng=nl&amp;Expert=67039</ExpertLink>
                    <Name lang="nl">Segmentale odontomaxillaire dysplasie</Name>
                    <DisorderType id="21394">
                      <Name lang="nl">Ziekte</Name>
                    </DisorderType>
                  </Disorder>
                  <ClassificationNodeChildList count="0">
                  </ClassificationNodeChildList>
                </ClassificationNode>
                <ClassificationNode>
                  <Disorder id="11569">
                    <OrphaCode>83450</OrphaCode>
                    <ExpertLink lang="nl">http://www.orpha.net/consor/cgi-bin/OC_Exp.php?lng=nl&amp;Expert=83450</ExpertLink>
                    <Name lang="nl">Regionale odontodysplasie</Name>
                    <DisorderType id="21394">
                      <Name lang="nl">Ziekte</Name>
                    </DisorderType>
                  </Disorder>
                  <ClassificationNodeChildList count="0">
                  </ClassificationNodeChildList>
                </ClassificationNode>
                <ClassificationNode>
                  <Disorder id="11570">
                    <OrphaCode>83451</OrphaCode>
                    <ExpertLink lang="nl">http://www.orpha.net/consor/cgi-bin/OC_Exp.php?lng=nl&amp;Expert=83451</ExpertLink>
                    <Name lang="nl">Floride cemento-osseuze dysplasie</Name>
                    <DisorderType id="21394">
                      <Name lang="nl">Ziekte</Name>
                    </DisorderType>
                  </Disorder>
                  <ClassificationNodeChildList count="0">
                  </ClassificationNodeChildList>
                </ClassificationNode>
                <ClassificationNode>
                  <Disorder id="11823">
                    <OrphaCode>88661</OrphaCode>
                    <ExpertLink lang="nl">http://www.orpha.net/consor/cgi-bin/OC_Exp.php?lng=nl&amp;Expert=88661</ExpertLink>
                    <Name lang="nl">Amelogenesis imperfecta</Name>
                    <DisorderType id="21394">
                      <Name lang="nl">Ziekte</Name>
                    </DisorderType>
                  </Disorder>
                  <ClassificationNodeChildList count="4">
                    <ClassificationNode>
                      <Disorder id="14604">
                        <OrphaCode>100031</OrphaCode>
                        <ExpertLink lang="nl">http://www.orpha.net/consor/cgi-bin/OC_Exp.php?lng=nl&amp;Expert=100031</ExpertLink>
                        <Name lang="nl">Hypoplastische amelogenesis imperfecta</Name>
                        <DisorderType id="21450">
                          <Name lang="nl">Klinisch subtype</Name>
                        </DisorderType>
                      </Disorder>
                      <ClassificationNodeChildList count="0">
                      </ClassificationNodeChildList>
                    </ClassificationNode>
                    <ClassificationNode>
                      <Disorder id="14605">
                        <OrphaCode>100032</OrphaCode>
                        <ExpertLink lang="nl">http://www.orpha.net/consor/cgi-bin/OC_Exp.php?lng=nl&amp;Expert=100032</ExpertLink>
                        <Name lang="nl">Hypogecalcificeerde amelogenesis imperfecta</Name>
                        <DisorderType id="21450">
                          <Name lang="nl">Klinisch subtype</Name>
                        </DisorderType>
                      </Disorder>
                      <ClassificationNodeChildList count="0">
                      </ClassificationNodeChildList>
                    </ClassificationNode>
                    <ClassificationNode>
                      <Disorder id="14606">
                        <OrphaCode>100033</OrphaCode>
                        <ExpertLink lang="nl">http://www.orpha.net/consor/cgi-bin/OC_Exp.php?lng=nl&amp;Expert=100033</ExpertLink>
                        <Name lang="nl">Hypomaturatie amelogenesis imperfecta</Name>
                        <DisorderType id="21450">
                          <Name lang="nl">Klinisch subtype</Name>
                        </DisorderType>
                      </Disorder>
                      <ClassificationNodeChildList count="0">
                      </ClassificationNodeChildList>
                    </ClassificationNode>
                    <ClassificationNode>
                      <Disorder id="14607">
                        <OrphaCode>100034</OrphaCode>
                        <ExpertLink lang="nl">http://www.orpha.net/consor/cgi-bin/OC_Exp.php?lng=nl&amp;Expert=100034</ExpertLink>
                        <Name lang="nl">Hypomaturatie-hypoplastische amelogenesis imperfecta met taurodontie</Name>
                        <DisorderType id="21450">
                          <Name lang="nl">Klinisch subtype</Name>
                        </DisorderType>
                      </Disorder>
                      <ClassificationNodeChildList count="0">
                      </ClassificationNodeChildList>
                    </ClassificationNode>
                  </ClassificationNodeChildList>
                </ClassificationNode>
                <ClassificationNode>
                  <Disorder id="14370">
                    <OrphaCode>99797</OrphaCode>
                    <ExpertLink lang="nl">http://www.orpha.net/consor/cgi-bin/OC_Exp.php?lng=nl&amp;Expert=99797</ExpertLink>
                    <Name lang="nl">Anodontie</Name>
                    <DisorderType id="21415">
                      <Name lang="nl">Morfologische anomalie</Name>
                    </DisorderType>
                  </Disorder>
                  <ClassificationNodeChildList count="0">
                  </ClassificationNodeChildList>
                </ClassificationNode>
                <ClassificationNode>
                  <Disorder id="14371">
                    <OrphaCode>99798</OrphaCode>
                    <ExpertLink lang="nl">http://www.orpha.net/consor/cgi-bin/OC_Exp.php?lng=nl&amp;Expert=99798</ExpertLink>
                    <Name lang="nl">Oligodontie</Name>
                    <DisorderType id="21415">
                      <Name lang="nl">Morfologische anomalie</Name>
                    </DisorderType>
                  </Disorder>
                  <ClassificationNodeChildList count="0">
                  </ClassificationNodeChildList>
                </ClassificationNode>
                <ClassificationNode>
                  <Disorder id="17686">
                    <OrphaCode>167759</OrphaCode>
                    <ExpertLink lang="nl">http://www.orpha.net/consor/cgi-bin/OC_Exp.php?lng=nl&amp;Expert=167759</ExpertLink>
                    <Name lang="nl">Erfelijk dentinedefect</Name>
                    <DisorderType id="36561">
                      <Name lang="nl">Categorie</Name>
                    </DisorderType>
                  </Disorder>
                  <ClassificationNodeChildList count="2">
                    <ClassificationNode>
                      <Disorder id="1743">
                        <OrphaCode>1653</OrphaCode>
                        <ExpertLink lang="nl">http://www.orpha.net/consor/cgi-bin/OC_Exp.php?lng=nl&amp;Expert=1653</ExpertLink>
                        <Name lang="nl">Dentinedysplasie</Name>
                        <DisorderType id="21394">
                          <Name lang="nl">Ziekte</Name>
                        </DisorderType>
                      </Disorder>
                      <ClassificationNodeChildList count="3">
                        <ClassificationNode>
                          <Disorder id="14362">
                            <OrphaCode>99789</OrphaCode>
                            <ExpertLink lang="nl">http://www.orpha.net/consor/cgi-bin/OC_Exp.php?lng=nl&amp;Expert=99789</ExpertLink>
                            <Name lang="nl">Dentinedysplasie type I</Name>
                            <DisorderType id="21450">
                              <Name lang="nl">Klinisch subtype</Name>
                            </DisorderType>
                          </Disorder>
                          <ClassificationNodeChildList count="0">
                          </ClassificationNodeChildList>
                        </ClassificationNode>
                        <ClassificationNode>
                          <Disorder id="14364">
                            <OrphaCode>99791</OrphaCode>
                            <ExpertLink lang="nl">http://www.orpha.net/consor/cgi-bin/OC_Exp.php?lng=nl&amp;Expert=99791</ExpertLink>
                            <Name lang="nl">Dentinedysplasie type II</Name>
                            <DisorderType id="21450">
                              <Name lang="nl">Klinisch subtype</Name>
                            </DisorderType>
                          </Disorder>
                          <ClassificationNodeChildList count="0">
                          </ClassificationNodeChildList>
                        </ClassificationNode>
                        <ClassificationNode>
                          <Disorder id="21521">
                            <OrphaCode>314721</OrphaCode>
                            <ExpertLink lang="nl">http://www.orpha.net/consor/cgi-bin/OC_Exp.php?lng=nl&amp;Expert=314721</ExpertLink>
                            <Name lang="nl">Atypische dentinedysplasie door SMOC2-deficiëntie</Name>
                            <DisorderType id="21450">
                              <Name lang="nl">Klinisch subtype</Name>
                            </DisorderType>
                          </Disorder>
                          <ClassificationNodeChildList count="0">
                          </ClassificationNodeChildList>
                        </ClassificationNode>
                      </ClassificationNodeChildList>
                    </ClassificationNode>
                    <ClassificationNode>
                      <Disorder id="10638">
                        <OrphaCode>49042</OrphaCode>
                        <ExpertLink lang="nl">http://www.orpha.net/consor/cgi-bin/OC_Exp.php?lng=nl&amp;Expert=49042</ExpertLink>
                        <Name lang="nl">Dentinogenesis imperfecta</Name>
                        <DisorderType id="21394">
                          <Name lang="nl">Ziekte</Name>
                        </DisorderType>
                      </Disorder>
                      <ClassificationNodeChildList count="2">
                        <ClassificationNode>
                          <Disorder id="17624">
                            <OrphaCode>166260</OrphaCode>
                            <ExpertLink lang="nl">http://www.orpha.net/consor/cgi-bin/OC_Exp.php?lng=nl&amp;Expert=166260</ExpertLink>
                            <Name lang="nl">Dentinogenesis imperfecta type 2</Name>
                            <DisorderType id="21450">
                              <Name lang="nl">Klinisch subtype</Name>
                            </DisorderType>
                          </Disorder>
                          <ClassificationNodeChildList count="0">
                          </ClassificationNodeChildList>
                        </ClassificationNode>
                        <ClassificationNode>
                          <Disorder id="17625">
                            <OrphaCode>166265</OrphaCode>
                            <ExpertLink lang="nl">http://www.orpha.net/consor/cgi-bin/OC_Exp.php?lng=nl&amp;Expert=166265</ExpertLink>
                            <Name lang="nl">Dentinogenesis imperfecta type 3</Name>
                            <DisorderType id="21450">
                              <Name lang="nl">Klinisch subtype</Name>
                            </DisorderType>
                          </Disorder>
                          <ClassificationNodeChildList count="0">
                          </ClassificationNodeChildList>
                        </ClassificationNode>
                      </ClassificationNodeChildList>
                    </ClassificationNode>
                  </ClassificationNodeChildList>
                </ClassificationNode>
                <ClassificationNode>
                  <Disorder id="23046">
                    <OrphaCode>412206</OrphaCode>
                    <ExpertLink lang="nl">http://www.orpha.net/consor/cgi-bin/OC_Exp.php?lng=nl&amp;Expert=412206</ExpertLink>
                    <Name lang="nl">Primair falen van tanderuptie</Name>
                    <DisorderType id="21394">
                      <Name lang="nl">Ziekte</Name>
                    </DisorderType>
                  </Disorder>
                  <ClassificationNodeChildList count="0">
                  </ClassificationNodeChildList>
                </ClassificationNode>
                <ClassificationNode>
                  <Disorder id="23478">
                    <OrphaCode>444072</OrphaCode>
                    <ExpertLink lang="nl">http://www.orpha.net/consor/cgi-bin/OC_Exp.php?lng=nl&amp;Expert=444072</ExpertLink>
                    <Name lang="nl">Cerebellair-faciaal-dentaal syndroom</Name>
                    <DisorderType id="21401">
                      <Name lang="nl">Malformatiesyndroom</Name>
                    </DisorderType>
                  </Disorder>
                  <ClassificationNodeChildList count="0">
                  </ClassificationNodeChildList>
                </ClassificationNode>
              </ClassificationNodeChildList>
            </ClassificationNode>
            <ClassificationNode>
              <Disorder id="21485">
                <OrphaCode>314425</OrphaCode>
                <ExpertLink lang="nl">http://www.orpha.net/consor/cgi-bin/OC_Exp.php?lng=nl&amp;Expert=314425</ExpertLink>
                <Name lang="nl">Zeldzame odontologische tumor</Name>
                <DisorderType id="36561">
                  <Name lang="nl">Categorie</Name>
                </DisorderType>
              </Disorder>
              <ClassificationNodeChildList count="4">
                <ClassificationNode>
                  <Disorder id="21483">
                    <OrphaCode>314419</OrphaCode>
                    <ExpertLink lang="nl">http://www.orpha.net/consor/cgi-bin/OC_Exp.php?lng=nl&amp;Expert=314419</ExpertLink>
                    <Name lang="nl">Ameloblastoom</Name>
                    <DisorderType id="21394">
                      <Name lang="nl">Ziekte</Name>
                    </DisorderType>
                  </Disorder>
                  <ClassificationNodeChildList count="0">
                  </ClassificationNodeChildList>
                </ClassificationNode>
                <ClassificationNode>
                  <Disorder id="21484">
                    <OrphaCode>314422</OrphaCode>
                    <ExpertLink lang="nl">http://www.orpha.net/consor/cgi-bin/OC_Exp.php?lng=nl&amp;Expert=314422</ExpertLink>
                    <Name lang="nl">Ameloblastisch carcinoom</Name>
                    <DisorderType id="21394">
                      <Name lang="nl">Ziekte</Name>
                    </DisorderType>
                  </Disorder>
                  <ClassificationNodeChildList count="0">
                  </ClassificationNodeChildList>
                </ClassificationNode>
                <ClassificationNode>
                  <Disorder id="23542">
                    <OrphaCode>447777</OrphaCode>
                    <ExpertLink lang="nl">http://www.orpha.net/consor/cgi-bin/OC_Exp.php?lng=nl&amp;Expert=447777</ExpertLink>
                    <Name lang="nl">Keratocystische odontogene tumor</Name>
                    <DisorderType id="21394">
                      <Name lang="nl">Ziekte</Name>
                    </DisorderType>
                  </Disorder>
                  <ClassificationNodeChildList count="0">
                  </ClassificationNodeChildList>
                </ClassificationNode>
                <ClassificationNode>
                  <Disorder id="32215">
                    <OrphaCode>689430</OrphaCode>
                    <ExpertLink lang="nl">http://www.orpha.net/consor/cgi-bin/OC_Exp.php?lng=nl&amp;Expert=689430</ExpertLink>
                    <Name lang="nl">Ameloblastoom van adenoïd</Name>
                    <DisorderType id="21394">
                      <Name lang="nl">Ziekte</Name>
                    </DisorderType>
                  </Disorder>
                  <ClassificationNodeChildList count="0">
                  </ClassificationNodeChildList>
                </ClassificationNode>
              </ClassificationNodeChildList>
            </ClassificationNode>
          </ClassificationNodeChildList>
        </ClassificationNode>
      </ClassificationNodeRootList>
    </Classification>
  </ClassificationList>
</JDBOR>
