<?xml version="1.0" encoding="UTF-8"?>
<JDBOR ExtractionDate="2025-06-24 07:52:16" version="1.3.42 / 4.1.8 [2025-03-03]" copyright="Orphanet (c) 2025" dbserver="jdbc:sybase:Tds:canard.orpha.net:2020">
  <Availability> 
    <Licence>
      <FullName lang="en">Creative Commons Attribution 4.0 International</FullName>
      <ShortIdentifier>CC-BY-4.0</ShortIdentifier>
      <LegalCode>https://creativecommons.org/licenses/by/4.0/legalcode</LegalCode>
    </Licence>
  </Availability>
  <ClassificationList count="1">
    <Classification id="197">
      <OrphaNumber>162958</OrphaNumber>
      <Name lang="fr">Classification Orphanet des maladies odontologiques rares</Name>
      <ClassificationNodeRootList count="1">
        <ClassificationNode>
          <Disorder id="13044">
            <OrphaCode>98026</OrphaCode>
            <ExpertLink lang="fr">http://www.orpha.net/consor/cgi-bin/OC_Exp.php?lng=fr&amp;Expert=98026</ExpertLink>
            <Name lang="fr">Maladie odontologique rare</Name>
            <DisorderType id="36561">
              <Name lang="fr">Catégorie</Name>
            </DisorderType>
          </Disorder>
          <ClassificationNodeChildList count="4">
            <ClassificationNode>
              <Disorder id="13045">
                <OrphaCode>98027</OrphaCode>
                <ExpertLink lang="fr">http://www.orpha.net/consor/cgi-bin/OC_Exp.php?lng=fr&amp;Expert=98027</ExpertLink>
                <Name lang="fr">Maladie rare avec atteinte odontologique</Name>
                <DisorderType id="36561">
                  <Name lang="fr">Catégorie</Name>
                </DisorderType>
              </Disorder>
              <ClassificationNodeChildList count="26">
                <ClassificationNode>
                  <Disorder id="28140">
                    <OrphaCode>557003</OrphaCode>
                    <ExpertLink lang="fr">http://www.orpha.net/consor/cgi-bin/OC_Exp.php?lng=fr&amp;Expert=557003</ExpertLink>
                    <Name lang="fr">Syndrome oculo-squeletto-dentaire</Name>
                    <DisorderType id="21394">
                      <Name lang="fr">Maladie</Name>
                    </DisorderType>
                  </Disorder>
                  <ClassificationNodeChildList count="0">
                  </ClassificationNodeChildList>
                </ClassificationNode>
                <ClassificationNode>
                  <Disorder id="32166">
                    <OrphaCode>685067</OrphaCode>
                    <ExpertLink lang="fr">http://www.orpha.net/consor/cgi-bin/OC_Exp.php?lng=fr&amp;Expert=685067</ExpertLink>
                    <Name lang="fr">Syndrome d'hypodontie-hypotrichose du cuir chevelu-dysmorphie facial</Name>
                    <DisorderType id="21394">
                      <Name lang="fr">Maladie</Name>
                    </DisorderType>
                  </Disorder>
                  <ClassificationNodeChildList count="0">
                  </ClassificationNodeChildList>
                </ClassificationNode>
                <ClassificationNode>
                  <Disorder id="19266">
                    <OrphaCode>238468</OrphaCode>
                    <ExpertLink lang="fr">http://www.orpha.net/consor/cgi-bin/OC_Exp.php?lng=fr&amp;Expert=238468</ExpertLink>
                    <Name lang="fr">Dysplasie ectodermique hypohidrotique</Name>
                    <DisorderType id="21394">
                      <Name lang="fr">Maladie</Name>
                    </DisorderType>
                  </Disorder>
                  <ClassificationNodeChildList count="3">
                    <ClassificationNode>
                      <Disorder id="180">
                        <OrphaCode>181</OrphaCode>
                        <ExpertLink lang="fr">http://www.orpha.net/consor/cgi-bin/OC_Exp.php?lng=fr&amp;Expert=181</ExpertLink>
                        <Name lang="fr">Dysplasie ectodermique hypohidrotique liée à l'X</Name>
                        <DisorderType id="21443">
                          <Name lang="fr">Sous-type étiologique</Name>
                        </DisorderType>
                      </Disorder>
                      <ClassificationNodeChildList count="0">
                      </ClassificationNodeChildList>
                    </ClassificationNode>
                    <ClassificationNode>
                      <Disorder id="7026">
                        <OrphaCode>248</OrphaCode>
                        <ExpertLink lang="fr">http://www.orpha.net/consor/cgi-bin/OC_Exp.php?lng=fr&amp;Expert=248</ExpertLink>
                        <Name lang="fr">Dysplasie ectodermique hypohidrotique autosomique récessive</Name>
                        <DisorderType id="21443">
                          <Name lang="fr">Sous-type étiologique</Name>
                        </DisorderType>
                      </Disorder>
                      <ClassificationNodeChildList count="0">
                      </ClassificationNodeChildList>
                    </ClassificationNode>
                    <ClassificationNode>
                      <Disorder id="7027">
                        <OrphaCode>1810</OrphaCode>
                        <ExpertLink lang="fr">http://www.orpha.net/consor/cgi-bin/OC_Exp.php?lng=fr&amp;Expert=1810</ExpertLink>
                        <Name lang="fr">Dysplasie ectodermique hypohidrotique autosomique dominante</Name>
                        <DisorderType id="21443">
                          <Name lang="fr">Sous-type étiologique</Name>
                        </DisorderType>
                      </Disorder>
                      <ClassificationNodeChildList count="0">
                      </ClassificationNodeChildList>
                    </ClassificationNode>
                  </ClassificationNodeChildList>
                </ClassificationNode>
                <ClassificationNode>
                  <Disorder id="360">
                    <OrphaCode>464</OrphaCode>
                    <ExpertLink lang="fr">http://www.orpha.net/consor/cgi-bin/OC_Exp.php?lng=fr&amp;Expert=464</ExpertLink>
                    <Name lang="fr">Incontinentia pigmenti</Name>
                    <DisorderType id="21401">
                      <Name lang="fr">Syndrome  malformatif</Name>
                    </DisorderType>
                  </Disorder>
                  <ClassificationNodeChildList count="0">
                  </ClassificationNodeChildList>
                </ClassificationNode>
                <ClassificationNode>
                  <Disorder id="996">
                    <OrphaCode>184</OrphaCode>
                    <ExpertLink lang="fr">http://www.orpha.net/consor/cgi-bin/OC_Exp.php?lng=fr&amp;Expert=184</ExpertLink>
                    <Name lang="fr">Chérubisme</Name>
                    <DisorderType id="21401">
                      <Name lang="fr">Syndrome  malformatif</Name>
                    </DisorderType>
                  </Disorder>
                  <ClassificationNodeChildList count="0">
                  </ClassificationNodeChildList>
                </ClassificationNode>
                <ClassificationNode>
                  <Disorder id="2180">
                    <OrphaCode>2325</OrphaCode>
                    <ExpertLink lang="fr">http://www.orpha.net/consor/cgi-bin/OC_Exp.php?lng=fr&amp;Expert=2325</ExpertLink>
                    <Name lang="fr">Epidermolyse bulleuse simple avec anodontie/hypodontie</Name>
                    <DisorderType id="21401">
                      <Name lang="fr">Syndrome  malformatif</Name>
                    </DisorderType>
                  </Disorder>
                  <ClassificationNodeChildList count="0">
                  </ClassificationNodeChildList>
                </ClassificationNode>
                <ClassificationNode>
                  <Disorder id="10864">
                    <OrphaCode>65282</OrphaCode>
                    <ExpertLink lang="fr">http://www.orpha.net/consor/cgi-bin/OC_Exp.php?lng=fr&amp;Expert=65282</ExpertLink>
                    <Name lang="fr">Syndrome de Carvajal</Name>
                    <DisorderType id="21394">
                      <Name lang="fr">Maladie</Name>
                    </DisorderType>
                  </Disorder>
                  <ClassificationNodeChildList count="0">
                  </ClassificationNodeChildList>
                </ClassificationNode>
                <ClassificationNode>
                  <Disorder id="11082">
                    <OrphaCode>75392</OrphaCode>
                    <ExpertLink lang="fr">http://www.orpha.net/consor/cgi-bin/OC_Exp.php?lng=fr&amp;Expert=75392</ExpertLink>
                    <Name lang="fr">Syndrome d'Ehlers-Danlos parodontal</Name>
                    <DisorderType id="21394">
                      <Name lang="fr">Maladie</Name>
                    </DisorderType>
                  </Disorder>
                  <ClassificationNodeChildList count="0">
                  </ClassificationNodeChildList>
                </ClassificationNode>
                <ClassificationNode>
                  <Disorder id="14365">
                    <OrphaCode>99792</OrphaCode>
                    <ExpertLink lang="fr">http://www.orpha.net/consor/cgi-bin/OC_Exp.php?lng=fr&amp;Expert=99792</ExpertLink>
                    <Name lang="fr">Syndrome de dysplasie de la dentine-ostéosclérose</Name>
                    <DisorderType id="21394">
                      <Name lang="fr">Maladie</Name>
                    </DisorderType>
                  </Disorder>
                  <ClassificationNodeChildList count="0">
                  </ClassificationNodeChildList>
                </ClassificationNode>
                <ClassificationNode>
                  <Disorder id="17687">
                    <OrphaCode>167762</OrphaCode>
                    <ExpertLink lang="fr">http://www.orpha.net/consor/cgi-bin/OC_Exp.php?lng=fr&amp;Expert=167762</ExpertLink>
                    <Name lang="fr">Maladie rare avec dentinogenèse imparfaite</Name>
                    <DisorderType id="36561">
                      <Name lang="fr">Catégorie</Name>
                    </DisorderType>
                  </Disorder>
                  <ClassificationNodeChildList count="5">
                    <ClassificationNode>
                      <Disorder id="313">
                        <OrphaCode>2771</OrphaCode>
                        <ExpertLink lang="fr">http://www.orpha.net/consor/cgi-bin/OC_Exp.php?lng=fr&amp;Expert=2771</ExpertLink>
                        <Name lang="fr">Syndrome de Bruck</Name>
                        <DisorderType id="21401">
                          <Name lang="fr">Syndrome  malformatif</Name>
                        </DisorderType>
                      </Disorder>
                      <ClassificationNodeChildList count="0">
                      </ClassificationNodeChildList>
                    </ClassificationNode>
                    <ClassificationNode>
                      <Disorder id="612">
                        <OrphaCode>287</OrphaCode>
                        <ExpertLink lang="fr">http://www.orpha.net/consor/cgi-bin/OC_Exp.php?lng=fr&amp;Expert=287</ExpertLink>
                        <Name lang="fr">Syndrome d'Ehlers-Danlos classique</Name>
                        <DisorderType id="21394">
                          <Name lang="fr">Maladie</Name>
                        </DisorderType>
                      </Disorder>
                      <ClassificationNodeChildList count="0">
                      </ClassificationNodeChildList>
                    </ClassificationNode>
                    <ClassificationNode>
                      <Disorder id="18793">
                        <OrphaCode>216812</OrphaCode>
                        <ExpertLink lang="fr">http://www.orpha.net/consor/cgi-bin/OC_Exp.php?lng=fr&amp;Expert=216812</ExpertLink>
                        <Name lang="fr">Ostéogenèse imparfaite type 3</Name>
                        <DisorderType id="21450">
                          <Name lang="fr">Sous-type clinique</Name>
                        </DisorderType>
                      </Disorder>
                      <ClassificationNodeChildList count="0">
                      </ClassificationNodeChildList>
                    </ClassificationNode>
                    <ClassificationNode>
                      <Disorder id="18794">
                        <OrphaCode>216820</OrphaCode>
                        <ExpertLink lang="fr">http://www.orpha.net/consor/cgi-bin/OC_Exp.php?lng=fr&amp;Expert=216820</ExpertLink>
                        <Name lang="fr">Ostéogenèse imparfaite type 4</Name>
                        <DisorderType id="21450">
                          <Name lang="fr">Sous-type clinique</Name>
                        </DisorderType>
                      </Disorder>
                      <ClassificationNodeChildList count="0">
                      </ClassificationNodeChildList>
                    </ClassificationNode>
                    <ClassificationNode>
                      <Disorder id="19142">
                        <OrphaCode>230839</OrphaCode>
                        <ExpertLink lang="fr">http://www.orpha.net/consor/cgi-bin/OC_Exp.php?lng=fr&amp;Expert=230839</ExpertLink>
                        <Name lang="fr">Syndrome d'Ehlers-Danlos classique-like type 1</Name>
                        <DisorderType id="21394">
                          <Name lang="fr">Maladie</Name>
                        </DisorderType>
                      </Disorder>
                      <ClassificationNodeChildList count="0">
                      </ClassificationNodeChildList>
                    </ClassificationNode>
                  </ClassificationNodeChildList>
                </ClassificationNode>
                <ClassificationNode>
                  <Disorder id="19533">
                    <OrphaCode>247651</OrphaCode>
                    <ExpertLink lang="fr">http://www.orpha.net/consor/cgi-bin/OC_Exp.php?lng=fr&amp;Expert=247651</ExpertLink>
                    <Name lang="fr">Hypophosphatasie infantile</Name>
                    <DisorderType id="21450">
                      <Name lang="fr">Sous-type clinique</Name>
                    </DisorderType>
                  </Disorder>
                  <ClassificationNodeChildList count="0">
                  </ClassificationNodeChildList>
                </ClassificationNode>
                <ClassificationNode>
                  <Disorder id="19534">
                    <OrphaCode>247667</OrphaCode>
                    <ExpertLink lang="fr">http://www.orpha.net/consor/cgi-bin/OC_Exp.php?lng=fr&amp;Expert=247667</ExpertLink>
                    <Name lang="fr">Hypophosphatasie de l'enfant</Name>
                    <DisorderType id="21450">
                      <Name lang="fr">Sous-type clinique</Name>
                    </DisorderType>
                  </Disorder>
                  <ClassificationNodeChildList count="0">
                  </ClassificationNodeChildList>
                </ClassificationNode>
                <ClassificationNode>
                  <Disorder id="19535">
                    <OrphaCode>247676</OrphaCode>
                    <ExpertLink lang="fr">http://www.orpha.net/consor/cgi-bin/OC_Exp.php?lng=fr&amp;Expert=247676</ExpertLink>
                    <Name lang="fr">Hypophosphatasie de l'adulte</Name>
                    <DisorderType id="21450">
                      <Name lang="fr">Sous-type clinique</Name>
                    </DisorderType>
                  </Disorder>
                  <ClassificationNodeChildList count="0">
                  </ClassificationNodeChildList>
                </ClassificationNode>
                <ClassificationNode>
                  <Disorder id="19536">
                    <OrphaCode>247685</OrphaCode>
                    <ExpertLink lang="fr">http://www.orpha.net/consor/cgi-bin/OC_Exp.php?lng=fr&amp;Expert=247685</ExpertLink>
                    <Name lang="fr">Odontohypophosphatasie</Name>
                    <DisorderType id="21450">
                      <Name lang="fr">Sous-type clinique</Name>
                    </DisorderType>
                  </Disorder>
                  <ClassificationNodeChildList count="0">
                  </ClassificationNodeChildList>
                </ClassificationNode>
                <ClassificationNode>
                  <Disorder id="22317">
                    <OrphaCode>363523</OrphaCode>
                    <ExpertLink lang="fr">http://www.orpha.net/consor/cgi-bin/OC_Exp.php?lng=fr&amp;Expert=363523</ExpertLink>
                    <Name lang="fr">Syndrome d'hypohidrose-hypoplasie de l'émail-kératodermie palmoplantaire-déficience intellectuelle</Name>
                    <DisorderType id="21394">
                      <Name lang="fr">Maladie</Name>
                    </DisorderType>
                  </Disorder>
                  <ClassificationNodeChildList count="0">
                  </ClassificationNodeChildList>
                </ClassificationNode>
                <ClassificationNode>
                  <Disorder id="2233">
                    <OrphaCode>2407</OrphaCode>
                    <ExpertLink lang="fr">http://www.orpha.net/consor/cgi-bin/OC_Exp.php?lng=fr&amp;Expert=2407</ExpertLink>
                    <Name lang="fr">Syndrome laryngo-onycho-cutané</Name>
                    <DisorderType id="21394">
                      <Name lang="fr">Maladie</Name>
                    </DisorderType>
                  </Disorder>
                  <ClassificationNodeChildList count="0">
                  </ClassificationNodeChildList>
                </ClassificationNode>
                <ClassificationNode>
                  <Disorder id="11428">
                    <OrphaCode>79402</OrphaCode>
                    <ExpertLink lang="fr">http://www.orpha.net/consor/cgi-bin/OC_Exp.php?lng=fr&amp;Expert=79402</ExpertLink>
                    <Name lang="fr">Epidermolyse bulleuse jonctionnelle généralisée, forme intermédiaire</Name>
                    <DisorderType id="21394">
                      <Name lang="fr">Maladie</Name>
                    </DisorderType>
                  </Disorder>
                  <ClassificationNodeChildList count="0">
                  </ClassificationNodeChildList>
                </ClassificationNode>
                <ClassificationNode>
                  <Disorder id="11429">
                    <OrphaCode>79403</OrphaCode>
                    <ExpertLink lang="fr">http://www.orpha.net/consor/cgi-bin/OC_Exp.php?lng=fr&amp;Expert=79403</ExpertLink>
                    <Name lang="fr">Epidermolyse bulleuse jonctionnelle avec atrésie pylorique</Name>
                    <DisorderType id="21394">
                      <Name lang="fr">Maladie</Name>
                    </DisorderType>
                  </Disorder>
                  <ClassificationNodeChildList count="0">
                  </ClassificationNodeChildList>
                </ClassificationNode>
                <ClassificationNode>
                  <Disorder id="11430">
                    <OrphaCode>79404</OrphaCode>
                    <ExpertLink lang="fr">http://www.orpha.net/consor/cgi-bin/OC_Exp.php?lng=fr&amp;Expert=79404</ExpertLink>
                    <Name lang="fr">Epidermolyse bulleuse jonctionnelle généralisée sévère</Name>
                    <DisorderType id="21394">
                      <Name lang="fr">Maladie</Name>
                    </DisorderType>
                  </Disorder>
                  <ClassificationNodeChildList count="0">
                  </ClassificationNodeChildList>
                </ClassificationNode>
                <ClassificationNode>
                  <Disorder id="11431">
                    <OrphaCode>79405</OrphaCode>
                    <ExpertLink lang="fr">http://www.orpha.net/consor/cgi-bin/OC_Exp.php?lng=fr&amp;Expert=79405</ExpertLink>
                    <Name lang="fr">Epidermolyse bulleuse jonctionnelle inversée</Name>
                    <DisorderType id="21394">
                      <Name lang="fr">Maladie</Name>
                    </DisorderType>
                  </Disorder>
                  <ClassificationNodeChildList count="0">
                  </ClassificationNodeChildList>
                </ClassificationNode>
                <ClassificationNode>
                  <Disorder id="11432">
                    <OrphaCode>79406</OrphaCode>
                    <ExpertLink lang="fr">http://www.orpha.net/consor/cgi-bin/OC_Exp.php?lng=fr&amp;Expert=79406</ExpertLink>
                    <Name lang="fr">Epidermolyse bulleuse jonctionnelle à début tardif</Name>
                    <DisorderType id="21394">
                      <Name lang="fr">Maladie</Name>
                    </DisorderType>
                  </Disorder>
                  <ClassificationNodeChildList count="0">
                  </ClassificationNodeChildList>
                </ClassificationNode>
                <ClassificationNode>
                  <Disorder id="19200">
                    <OrphaCode>231556</OrphaCode>
                    <ExpertLink lang="fr">http://www.orpha.net/consor/cgi-bin/OC_Exp.php?lng=fr&amp;Expert=231556</ExpertLink>
                    <Name lang="fr">Syndrome d'épidermolyse bulleuse jonctionnelle localisée à début tardif-déficience intellectuelle</Name>
                    <DisorderType id="21394">
                      <Name lang="fr">Maladie</Name>
                    </DisorderType>
                  </Disorder>
                  <ClassificationNodeChildList count="0">
                  </ClassificationNodeChildList>
                </ClassificationNode>
                <ClassificationNode>
                  <Disorder id="19640">
                    <OrphaCode>251393</OrphaCode>
                    <ExpertLink lang="fr">http://www.orpha.net/consor/cgi-bin/OC_Exp.php?lng=fr&amp;Expert=251393</ExpertLink>
                    <Name lang="fr">Epidermolyse bulleuse jonctionnelle localisée</Name>
                    <DisorderType id="21394">
                      <Name lang="fr">Maladie</Name>
                    </DisorderType>
                  </Disorder>
                  <ClassificationNodeChildList count="0">
                  </ClassificationNodeChildList>
                </ClassificationNode>
                <ClassificationNode>
                  <Disorder id="23554">
                    <OrphaCode>447961</OrphaCode>
                    <ExpertLink lang="fr">http://www.orpha.net/consor/cgi-bin/OC_Exp.php?lng=fr&amp;Expert=447961</ExpertLink>
                    <Name lang="fr">Syndrome d'anomalie de pigmentation-kératodermie palmoplantaire-carcinome de la peau</Name>
                    <DisorderType id="21394">
                      <Name lang="fr">Maladie</Name>
                    </DisorderType>
                  </Disorder>
                  <ClassificationNodeChildList count="0">
                  </ClassificationNodeChildList>
                </ClassificationNode>
                <ClassificationNode>
                  <Disorder id="25086">
                    <OrphaCode>476096</OrphaCode>
                    <ExpertLink lang="fr">http://www.orpha.net/consor/cgi-bin/OC_Exp.php?lng=fr&amp;Expert=476096</ExpertLink>
                    <Name lang="fr">Syndrome d'érythrokératodermie-cardiomyopathie</Name>
                    <DisorderType id="21394">
                      <Name lang="fr">Maladie</Name>
                    </DisorderType>
                  </Disorder>
                  <ClassificationNodeChildList count="0">
                  </ClassificationNodeChildList>
                </ClassificationNode>
                <ClassificationNode>
                  <Disorder id="13830">
                    <OrphaCode>98813</OrphaCode>
                    <ExpertLink lang="fr">http://www.orpha.net/consor/cgi-bin/OC_Exp.php?lng=fr&amp;Expert=98813</ExpertLink>
                    <Name lang="fr">Dysplasie ectodermique hypohidrotique avec déficit immunitaire</Name>
                    <DisorderType id="21394">
                      <Name lang="fr">Maladie</Name>
                    </DisorderType>
                  </Disorder>
                  <ClassificationNodeChildList count="0">
                  </ClassificationNodeChildList>
                </ClassificationNode>
              </ClassificationNodeChildList>
            </ClassificationNode>
            <ClassificationNode>
              <Disorder id="16857">
                <OrphaCode>139042</OrphaCode>
                <ExpertLink lang="fr">http://www.orpha.net/consor/cgi-bin/OC_Exp.php?lng=fr&amp;Expert=139042</ExpertLink>
                <Name lang="fr">Syndrome malformatif avec composante odontique et/ou péri-odontique</Name>
                <DisorderType id="36561">
                  <Name lang="fr">Catégorie</Name>
                </DisorderType>
              </Disorder>
              <ClassificationNodeChildList count="67">
                <ClassificationNode>
                  <Disorder id="2481">
                    <OrphaCode>2720</OrphaCode>
                    <ExpertLink lang="fr">http://www.orpha.net/consor/cgi-bin/OC_Exp.php?lng=fr&amp;Expert=2720</ExpertLink>
                    <Name lang="fr">Syndrome oculo-cérébral d'hypopigmentation, type Preus</Name>
                    <DisorderType id="21401">
                      <Name lang="fr">Syndrome  malformatif</Name>
                    </DisorderType>
                  </Disorder>
                  <ClassificationNodeChildList count="0">
                  </ClassificationNodeChildList>
                </ClassificationNode>
                <ClassificationNode>
                  <Disorder id="28850">
                    <OrphaCode>576278</OrphaCode>
                    <ExpertLink lang="fr">http://www.orpha.net/consor/cgi-bin/OC_Exp.php?lng=fr&amp;Expert=576278</ExpertLink>
                    <Name lang="fr">Syndrome associé à SATB2</Name>
                    <DisorderType id="21401">
                      <Name lang="fr">Syndrome  malformatif</Name>
                    </DisorderType>
                  </Disorder>
                  <ClassificationNodeChildList count="2">
                    <ClassificationNode>
                      <Disorder id="19605">
                        <OrphaCode>251028</OrphaCode>
                        <ExpertLink lang="fr">http://www.orpha.net/consor/cgi-bin/OC_Exp.php?lng=fr&amp;Expert=251028</ExpertLink>
                        <Name lang="fr">Syndrome associé à SATB2 dû à un réarrangement chromosomique</Name>
                        <DisorderType id="21443">
                          <Name lang="fr">Sous-type étiologique</Name>
                        </DisorderType>
                      </Disorder>
                      <ClassificationNodeChildList count="0">
                      </ClassificationNodeChildList>
                    </ClassificationNode>
                    <ClassificationNode>
                      <Disorder id="28851">
                        <OrphaCode>576283</OrphaCode>
                        <ExpertLink lang="fr">http://www.orpha.net/consor/cgi-bin/OC_Exp.php?lng=fr&amp;Expert=576283</ExpertLink>
                        <Name lang="fr">Syndrome associé à SATB2 dû à un variant pathogène</Name>
                        <DisorderType id="21443">
                          <Name lang="fr">Sous-type étiologique</Name>
                        </DisorderType>
                      </Disorder>
                      <ClassificationNodeChildList count="0">
                      </ClassificationNodeChildList>
                    </ClassificationNode>
                  </ClassificationNodeChildList>
                </ClassificationNode>
                <ClassificationNode>
                  <Disorder id="931">
                    <OrphaCode>627</OrphaCode>
                    <ExpertLink lang="fr">http://www.orpha.net/consor/cgi-bin/OC_Exp.php?lng=fr&amp;Expert=627</ExpertLink>
                    <Name lang="fr">Syndrome de Nance-Horan</Name>
                    <DisorderType id="21401">
                      <Name lang="fr">Syndrome  malformatif</Name>
                    </DisorderType>
                  </Disorder>
                  <ClassificationNodeChildList count="0">
                  </ClassificationNodeChildList>
                </ClassificationNode>
                <ClassificationNode>
                  <Disorder id="1198">
                    <OrphaCode>1946</OrphaCode>
                    <ExpertLink lang="fr">http://www.orpha.net/consor/cgi-bin/OC_Exp.php?lng=fr&amp;Expert=1946</ExpertLink>
                    <Name lang="fr">Syndrome amélocérébrohypohidrotique</Name>
                    <DisorderType id="21401">
                      <Name lang="fr">Syndrome  malformatif</Name>
                    </DisorderType>
                  </Disorder>
                  <ClassificationNodeChildList count="0">
                  </ClassificationNodeChildList>
                </ClassificationNode>
                <ClassificationNode>
                  <Disorder id="1297">
                    <OrphaCode>978</OrphaCode>
                    <ExpertLink lang="fr">http://www.orpha.net/consor/cgi-bin/OC_Exp.php?lng=fr&amp;Expert=978</ExpertLink>
                    <Name lang="fr">Syndrome ADULT</Name>
                    <DisorderType id="21401">
                      <Name lang="fr">Syndrome  malformatif</Name>
                    </DisorderType>
                  </Disorder>
                  <ClassificationNodeChildList count="0">
                  </ClassificationNodeChildList>
                </ClassificationNode>
                <ClassificationNode>
                  <Disorder id="1339">
                    <OrphaCode>1031</OrphaCode>
                    <ExpertLink lang="fr">http://www.orpha.net/consor/cgi-bin/OC_Exp.php?lng=fr&amp;Expert=1031</ExpertLink>
                    <Name lang="fr">Syndrome d'amélogenèse imparfaite-néphrocalcinose</Name>
                    <DisorderType id="21401">
                      <Name lang="fr">Syndrome  malformatif</Name>
                    </DisorderType>
                  </Disorder>
                  <ClassificationNodeChildList count="0">
                  </ClassificationNodeChildList>
                </ClassificationNode>
                <ClassificationNode>
                  <Disorder id="1728">
                    <OrphaCode>3196</OrphaCode>
                    <ExpertLink lang="fr">http://www.orpha.net/consor/cgi-bin/OC_Exp.php?lng=fr&amp;Expert=3196</ExpertLink>
                    <Name lang="fr">Syndrome de déficit en stéroïde déshydrogénase-anomalies dentaires</Name>
                    <DisorderType id="21394">
                      <Name lang="fr">Maladie</Name>
                    </DisorderType>
                  </Disorder>
                  <ClassificationNodeChildList count="0">
                  </ClassificationNodeChildList>
                </ClassificationNode>
                <ClassificationNode>
                  <Disorder id="1749">
                    <OrphaCode>1660</OrphaCode>
                    <ExpertLink lang="fr">http://www.orpha.net/consor/cgi-bin/OC_Exp.php?lng=fr&amp;Expert=1660</ExpertLink>
                    <Name lang="fr">Dysplasie dermo-dentaire</Name>
                    <DisorderType id="21401">
                      <Name lang="fr">Syndrome  malformatif</Name>
                    </DisorderType>
                  </Disorder>
                  <ClassificationNodeChildList count="0">
                  </ClassificationNodeChildList>
                </ClassificationNode>
                <ClassificationNode>
                  <Disorder id="1804">
                    <OrphaCode>1811</OrphaCode>
                    <ExpertLink lang="fr">http://www.orpha.net/consor/cgi-bin/OC_Exp.php?lng=fr&amp;Expert=1811</ExpertLink>
                    <Name lang="fr">Dysplasie ectodermique odonto-micronychiale</Name>
                    <DisorderType id="21401">
                      <Name lang="fr">Syndrome  malformatif</Name>
                    </DisorderType>
                  </Disorder>
                  <ClassificationNodeChildList count="0">
                  </ClassificationNodeChildList>
                </ClassificationNode>
                <ClassificationNode>
                  <Disorder id="1844">
                    <OrphaCode>1873</OrphaCode>
                    <ExpertLink lang="fr">http://www.orpha.net/consor/cgi-bin/OC_Exp.php?lng=fr&amp;Expert=1873</ExpertLink>
                    <Name lang="fr">Syndrome de Jalili</Name>
                    <DisorderType id="21401">
                      <Name lang="fr">Syndrome  malformatif</Name>
                    </DisorderType>
                  </Disorder>
                  <ClassificationNodeChildList count="0">
                  </ClassificationNodeChildList>
                </ClassificationNode>
                <ClassificationNode>
                  <Disorder id="1854">
                    <OrphaCode>1818</OrphaCode>
                    <ExpertLink lang="fr">http://www.orpha.net/consor/cgi-bin/OC_Exp.php?lng=fr&amp;Expert=1818</ExpertLink>
                    <Name lang="fr">Dysplasie ectodermique tricho-odonto-onychiale</Name>
                    <DisorderType id="21401">
                      <Name lang="fr">Syndrome  malformatif</Name>
                    </DisorderType>
                  </Disorder>
                  <ClassificationNodeChildList count="0">
                  </ClassificationNodeChildList>
                </ClassificationNode>
                <ClassificationNode>
                  <Disorder id="1934">
                    <OrphaCode>1997</OrphaCode>
                    <ExpertLink lang="fr">http://www.orpha.net/consor/cgi-bin/OC_Exp.php?lng=fr&amp;Expert=1997</ExpertLink>
                    <Name lang="fr">Syndrome blépharo-cheilo-odontique</Name>
                    <DisorderType id="21401">
                      <Name lang="fr">Syndrome  malformatif</Name>
                    </DisorderType>
                  </Disorder>
                  <ClassificationNodeChildList count="0">
                  </ClassificationNodeChildList>
                </ClassificationNode>
                <ClassificationNode>
                  <Disorder id="1946">
                    <OrphaCode>2010</OrphaCode>
                    <ExpertLink lang="fr">http://www.orpha.net/consor/cgi-bin/OC_Exp.php?lng=fr&amp;Expert=2010</ExpertLink>
                    <Name lang="fr">Syndrome de fente palatine-anomalies carpo-tarsales-oligodontie</Name>
                    <DisorderType id="21401">
                      <Name lang="fr">Syndrome  malformatif</Name>
                    </DisorderType>
                  </Disorder>
                  <ClassificationNodeChildList count="0">
                  </ClassificationNodeChildList>
                </ClassificationNode>
                <ClassificationNode>
                  <Disorder id="1956">
                    <OrphaCode>2025</OrphaCode>
                    <ExpertLink lang="fr">http://www.orpha.net/consor/cgi-bin/OC_Exp.php?lng=fr&amp;Expert=2025</ExpertLink>
                    <Name lang="fr">Syndrome de fibromatose gingivale-dysmorphie faciale</Name>
                    <DisorderType id="21401">
                      <Name lang="fr">Syndrome  malformatif</Name>
                    </DisorderType>
                  </Disorder>
                  <ClassificationNodeChildList count="0">
                  </ClassificationNodeChildList>
                </ClassificationNode>
                <ClassificationNode>
                  <Disorder id="1957">
                    <OrphaCode>2026</OrphaCode>
                    <ExpertLink lang="fr">http://www.orpha.net/consor/cgi-bin/OC_Exp.php?lng=fr&amp;Expert=2026</ExpertLink>
                    <Name lang="fr">Syndrome de fibromatose gingivale-hypertrichose</Name>
                    <DisorderType id="21401">
                      <Name lang="fr">Syndrome  malformatif</Name>
                    </DisorderType>
                  </Disorder>
                  <ClassificationNodeChildList count="0">
                  </ClassificationNodeChildList>
                </ClassificationNode>
                <ClassificationNode>
                  <Disorder id="1958">
                    <OrphaCode>2027</OrphaCode>
                    <ExpertLink lang="fr">http://www.orpha.net/consor/cgi-bin/OC_Exp.php?lng=fr&amp;Expert=2027</ExpertLink>
                    <Name lang="fr">Syndrome de fibromatose gingivale-surdité</Name>
                    <DisorderType id="21401">
                      <Name lang="fr">Syndrome  malformatif</Name>
                    </DisorderType>
                  </Disorder>
                  <ClassificationNodeChildList count="0">
                  </ClassificationNodeChildList>
                </ClassificationNode>
                <ClassificationNode>
                  <Disorder id="1959">
                    <OrphaCode>2028</OrphaCode>
                    <ExpertLink lang="fr">http://www.orpha.net/consor/cgi-bin/OC_Exp.php?lng=fr&amp;Expert=2028</ExpertLink>
                    <Name lang="fr">Fibromatose hyaline juvénile</Name>
                    <DisorderType id="21450">
                      <Name lang="fr">Sous-type clinique</Name>
                    </DisorderType>
                  </Disorder>
                  <ClassificationNodeChildList count="0">
                  </ClassificationNodeChildList>
                </ClassificationNode>
                <ClassificationNode>
                  <Disorder id="1985">
                    <OrphaCode>2067</OrphaCode>
                    <ExpertLink lang="fr">http://www.orpha.net/consor/cgi-bin/OC_Exp.php?lng=fr&amp;Expert=2067</ExpertLink>
                    <Name lang="fr">Syndrome GAPO</Name>
                    <DisorderType id="21401">
                      <Name lang="fr">Syndrome  malformatif</Name>
                    </DisorderType>
                  </Disorder>
                  <ClassificationNodeChildList count="0">
                  </ClassificationNodeChildList>
                </ClassificationNode>
                <ClassificationNode>
                  <Disorder id="2102">
                    <OrphaCode>2228</OrphaCode>
                    <ExpertLink lang="fr">http://www.orpha.net/consor/cgi-bin/OC_Exp.php?lng=fr&amp;Expert=2228</ExpertLink>
                    <Name lang="fr">Syndrome d'hypodontie-dysplasie unguéale</Name>
                    <DisorderType id="21401">
                      <Name lang="fr">Syndrome  malformatif</Name>
                    </DisorderType>
                  </Disorder>
                  <ClassificationNodeChildList count="0">
                  </ClassificationNodeChildList>
                </ClassificationNode>
                <ClassificationNode>
                  <Disorder id="2184">
                    <OrphaCode>2332</OrphaCode>
                    <ExpertLink lang="fr">http://www.orpha.net/consor/cgi-bin/OC_Exp.php?lng=fr&amp;Expert=2332</ExpertLink>
                    <Name lang="fr">Syndrome KBG</Name>
                    <DisorderType id="21401">
                      <Name lang="fr">Syndrome  malformatif</Name>
                    </DisorderType>
                  </Disorder>
                  <ClassificationNodeChildList count="0">
                  </ClassificationNodeChildList>
                </ClassificationNode>
                <ClassificationNode>
                  <Disorder id="2194">
                    <OrphaCode>2342</OrphaCode>
                    <ExpertLink lang="fr">http://www.orpha.net/consor/cgi-bin/OC_Exp.php?lng=fr&amp;Expert=2342</ExpertLink>
                    <Name lang="fr">Syndrome de Haim-Munk</Name>
                    <DisorderType id="21394">
                      <Name lang="fr">Maladie</Name>
                    </DisorderType>
                  </Disorder>
                  <ClassificationNodeChildList count="0">
                  </ClassificationNodeChildList>
                </ClassificationNode>
                <ClassificationNode>
                  <Disorder id="2207">
                    <OrphaCode>2363</OrphaCode>
                    <ExpertLink lang="fr">http://www.orpha.net/consor/cgi-bin/OC_Exp.php?lng=fr&amp;Expert=2363</ExpertLink>
                    <Name lang="fr">Syndrome lacrymo-auriculo-dento-digital</Name>
                    <DisorderType id="21401">
                      <Name lang="fr">Syndrome  malformatif</Name>
                    </DisorderType>
                  </Disorder>
                  <ClassificationNodeChildList count="0">
                  </ClassificationNodeChildList>
                </ClassificationNode>
                <ClassificationNode>
                  <Disorder id="2363">
                    <OrphaCode>2561</OrphaCode>
                    <ExpertLink lang="fr">http://www.orpha.net/consor/cgi-bin/OC_Exp.php?lng=fr&amp;Expert=2561</ExpertLink>
                    <Name lang="fr">Syndrome de molaires pyramidales-lèvre supérieure anormale</Name>
                    <DisorderType id="21401">
                      <Name lang="fr">Syndrome  malformatif</Name>
                    </DisorderType>
                  </Disorder>
                  <ClassificationNodeChildList count="0">
                  </ClassificationNodeChildList>
                </ClassificationNode>
                <ClassificationNode>
                  <Disorder id="2470">
                    <OrphaCode>2709</OrphaCode>
                    <ExpertLink lang="fr">http://www.orpha.net/consor/cgi-bin/OC_Exp.php?lng=fr&amp;Expert=2709</ExpertLink>
                    <Name lang="fr">Syndrome oculo-dentaire de Rutherfurd</Name>
                    <DisorderType id="21401">
                      <Name lang="fr">Syndrome  malformatif</Name>
                    </DisorderType>
                  </Disorder>
                  <ClassificationNodeChildList count="0">
                  </ClassificationNodeChildList>
                </ClassificationNode>
                <ClassificationNode>
                  <Disorder id="2471">
                    <OrphaCode>2710</OrphaCode>
                    <ExpertLink lang="fr">http://www.orpha.net/consor/cgi-bin/OC_Exp.php?lng=fr&amp;Expert=2710</ExpertLink>
                    <Name lang="fr">Dysplasie oculo-dento-digitale</Name>
                    <DisorderType id="21401">
                      <Name lang="fr">Syndrome  malformatif</Name>
                    </DisorderType>
                  </Disorder>
                  <ClassificationNodeChildList count="0">
                  </ClassificationNodeChildList>
                </ClassificationNode>
                <ClassificationNode>
                  <Disorder id="2473">
                    <OrphaCode>2712</OrphaCode>
                    <ExpertLink lang="fr">http://www.orpha.net/consor/cgi-bin/OC_Exp.php?lng=fr&amp;Expert=2712</ExpertLink>
                    <Name lang="fr">Syndrome oculo-facio-cardio-dentaire</Name>
                    <DisorderType id="21401">
                      <Name lang="fr">Syndrome  malformatif</Name>
                    </DisorderType>
                  </Disorder>
                  <ClassificationNodeChildList count="0">
                  </ClassificationNodeChildList>
                </ClassificationNode>
                <ClassificationNode>
                  <Disorder id="2480">
                    <OrphaCode>2719</OrphaCode>
                    <ExpertLink lang="fr">http://www.orpha.net/consor/cgi-bin/OC_Exp.php?lng=fr&amp;Expert=2719</ExpertLink>
                    <Name lang="fr">Syndrome oculo-cérébral d'hypopigmentation, type Cross</Name>
                    <DisorderType id="21401">
                      <Name lang="fr">Syndrome  malformatif</Name>
                    </DisorderType>
                  </Disorder>
                  <ClassificationNodeChildList count="0">
                  </ClassificationNodeChildList>
                </ClassificationNode>
                <ClassificationNode>
                  <Disorder id="2482">
                    <OrphaCode>2721</OrphaCode>
                    <ExpertLink lang="fr">http://www.orpha.net/consor/cgi-bin/OC_Exp.php?lng=fr&amp;Expert=2721</ExpertLink>
                    <Name lang="fr">Dysplasie odonto-onychodermique</Name>
                    <DisorderType id="21394">
                      <Name lang="fr">Maladie</Name>
                    </DisorderType>
                  </Disorder>
                  <ClassificationNodeChildList count="0">
                  </ClassificationNodeChildList>
                </ClassificationNode>
                <ClassificationNode>
                  <Disorder id="2483">
                    <OrphaCode>2722</OrphaCode>
                    <ExpertLink lang="fr">http://www.orpha.net/consor/cgi-bin/OC_Exp.php?lng=fr&amp;Expert=2722</ExpertLink>
                    <Name lang="fr">Syndrome de dysplasie odonto-onychiale-alopécie</Name>
                    <DisorderType id="21401">
                      <Name lang="fr">Syndrome  malformatif</Name>
                    </DisorderType>
                  </Disorder>
                  <ClassificationNodeChildList count="0">
                  </ClassificationNodeChildList>
                </ClassificationNode>
                <ClassificationNode>
                  <Disorder id="2484">
                    <OrphaCode>2723</OrphaCode>
                    <ExpertLink lang="fr">http://www.orpha.net/consor/cgi-bin/OC_Exp.php?lng=fr&amp;Expert=2723</ExpertLink>
                    <Name lang="fr">Syndrome odonto-trichomélique</Name>
                    <DisorderType id="21401">
                      <Name lang="fr">Syndrome  malformatif</Name>
                    </DisorderType>
                  </Disorder>
                  <ClassificationNodeChildList count="0">
                  </ClassificationNodeChildList>
                </ClassificationNode>
                <ClassificationNode>
                  <Disorder id="2485">
                    <OrphaCode>2724</OrphaCode>
                    <ExpertLink lang="fr">http://www.orpha.net/consor/cgi-bin/OC_Exp.php?lng=fr&amp;Expert=2724</ExpertLink>
                    <Name lang="fr">Syndrome d'odontomatose-aorte-sténose oesophagienne</Name>
                    <DisorderType id="21401">
                      <Name lang="fr">Syndrome  malformatif</Name>
                    </DisorderType>
                  </Disorder>
                  <ClassificationNodeChildList count="0">
                  </ClassificationNodeChildList>
                </ClassificationNode>
                <ClassificationNode>
                  <Disorder id="2539">
                    <OrphaCode>2791</OrphaCode>
                    <ExpertLink lang="fr">http://www.orpha.net/consor/cgi-bin/OC_Exp.php?lng=fr&amp;Expert=2791</ExpertLink>
                    <Name lang="fr">Syndrome oto-dentaire</Name>
                    <DisorderType id="21401">
                      <Name lang="fr">Syndrome  malformatif</Name>
                    </DisorderType>
                  </Disorder>
                  <ClassificationNodeChildList count="0">
                  </ClassificationNodeChildList>
                </ClassificationNode>
                <ClassificationNode>
                  <Disorder id="2551">
                    <OrphaCode>678</OrphaCode>
                    <ExpertLink lang="fr">http://www.orpha.net/consor/cgi-bin/OC_Exp.php?lng=fr&amp;Expert=678</ExpertLink>
                    <Name lang="fr">Syndrome de Papillon-Lefèvre</Name>
                    <DisorderType id="21394">
                      <Name lang="fr">Maladie</Name>
                    </DisorderType>
                  </Disorder>
                  <ClassificationNodeChildList count="0">
                  </ClassificationNodeChildList>
                </ClassificationNode>
                <ClassificationNode>
                  <Disorder id="2620">
                    <OrphaCode>2892</OrphaCode>
                    <ExpertLink lang="fr">http://www.orpha.net/consor/cgi-bin/OC_Exp.php?lng=fr&amp;Expert=2892</ExpertLink>
                    <Name lang="fr">Dysplasie pilo-dentaire</Name>
                    <DisorderType id="21401">
                      <Name lang="fr">Syndrome  malformatif</Name>
                    </DisorderType>
                  </Disorder>
                  <ClassificationNodeChildList count="0">
                  </ClassificationNodeChildList>
                </ClassificationNode>
                <ClassificationNode>
                  <Disorder id="2625">
                    <OrphaCode>2899</OrphaCode>
                    <ExpertLink lang="fr">http://www.orpha.net/consor/cgi-bin/OC_Exp.php?lng=fr&amp;Expert=2899</ExpertLink>
                    <Name lang="fr">Syndrome de brachyolmie-amélogenèse imparfaite</Name>
                    <DisorderType id="21401">
                      <Name lang="fr">Syndrome  malformatif</Name>
                    </DisorderType>
                  </Disorder>
                  <ClassificationNodeChildList count="0">
                  </ClassificationNodeChildList>
                </ClassificationNode>
                <ClassificationNode>
                  <Disorder id="2634">
                    <OrphaCode>2916</OrphaCode>
                    <ExpertLink lang="fr">http://www.orpha.net/consor/cgi-bin/OC_Exp.php?lng=fr&amp;Expert=2916</ExpertLink>
                    <Name lang="fr">Syndrome de polydactylie postaxiale-anomalies dentaires et vertébrales</Name>
                    <DisorderType id="21401">
                      <Name lang="fr">Syndrome  malformatif</Name>
                    </DisorderType>
                  </Disorder>
                  <ClassificationNodeChildList count="0">
                  </ClassificationNodeChildList>
                </ClassificationNode>
                <ClassificationNode>
                  <Disorder id="2678">
                    <OrphaCode>2972</OrphaCode>
                    <ExpertLink lang="fr">http://www.orpha.net/consor/cgi-bin/OC_Exp.php?lng=fr&amp;Expert=2972</ExpertLink>
                    <Name lang="fr">Syndrome de pseudoanodontie-hypoplasie maxillaire-genu valgum</Name>
                    <DisorderType id="21401">
                      <Name lang="fr">Syndrome  malformatif</Name>
                    </DisorderType>
                  </Disorder>
                  <ClassificationNodeChildList count="0">
                  </ClassificationNodeChildList>
                </ClassificationNode>
                <ClassificationNode>
                  <Disorder id="2715">
                    <OrphaCode>3019</OrphaCode>
                    <ExpertLink lang="fr">http://www.orpha.net/consor/cgi-bin/OC_Exp.php?lng=fr&amp;Expert=3019</ExpertLink>
                    <Name lang="fr">Syndrome de Ramon</Name>
                    <DisorderType id="21401">
                      <Name lang="fr">Syndrome  malformatif</Name>
                    </DisorderType>
                  </Disorder>
                  <ClassificationNodeChildList count="0">
                  </ClassificationNodeChildList>
                </ClassificationNode>
                <ClassificationNode>
                  <Disorder id="2856">
                    <OrphaCode>3184</OrphaCode>
                    <ExpertLink lang="fr">http://www.orpha.net/consor/cgi-bin/OC_Exp.php?lng=fr&amp;Expert=3184</ExpertLink>
                    <Name lang="fr">Syndrome de stéatocystome multiple-dents néonatales</Name>
                    <DisorderType id="21401">
                      <Name lang="fr">Syndrome  malformatif</Name>
                    </DisorderType>
                  </Disorder>
                  <ClassificationNodeChildList count="0">
                  </ClassificationNodeChildList>
                </ClassificationNode>
                <ClassificationNode>
                  <Disorder id="2877">
                    <OrphaCode>3220</OrphaCode>
                    <ExpertLink lang="fr">http://www.orpha.net/consor/cgi-bin/OC_Exp.php?lng=fr&amp;Expert=3220</ExpertLink>
                    <Name lang="fr">Syndrome de surdité-hypoplasie de l'émail-anomalie des ongles</Name>
                    <DisorderType id="21401">
                      <Name lang="fr">Syndrome  malformatif</Name>
                    </DisorderType>
                  </Disorder>
                  <ClassificationNodeChildList count="0">
                  </ClassificationNodeChildList>
                </ClassificationNode>
                <ClassificationNode>
                  <Disorder id="2890">
                    <OrphaCode>3230</OrphaCode>
                    <ExpertLink lang="fr">http://www.orpha.net/consor/cgi-bin/OC_Exp.php?lng=fr&amp;Expert=3230</ExpertLink>
                    <Name lang="fr">Syndrome de surdité-oligodontie</Name>
                    <DisorderType id="21401">
                      <Name lang="fr">Syndrome  malformatif</Name>
                    </DisorderType>
                  </Disorder>
                  <ClassificationNodeChildList count="0">
                  </ClassificationNodeChildList>
                </ClassificationNode>
                <ClassificationNode>
                  <Disorder id="2970">
                    <OrphaCode>3351</OrphaCode>
                    <ExpertLink lang="fr">http://www.orpha.net/consor/cgi-bin/OC_Exp.php?lng=fr&amp;Expert=3351</ExpertLink>
                    <Name lang="fr">Syndrome tricho-dentaire</Name>
                    <DisorderType id="21401">
                      <Name lang="fr">Syndrome  malformatif</Name>
                    </DisorderType>
                  </Disorder>
                  <ClassificationNodeChildList count="0">
                  </ClassificationNodeChildList>
                </ClassificationNode>
                <ClassificationNode>
                  <Disorder id="2971">
                    <OrphaCode>3352</OrphaCode>
                    <ExpertLink lang="fr">http://www.orpha.net/consor/cgi-bin/OC_Exp.php?lng=fr&amp;Expert=3352</ExpertLink>
                    <Name lang="fr">Syndrome tricho-dento-osseux</Name>
                    <DisorderType id="21401">
                      <Name lang="fr">Syndrome  malformatif</Name>
                    </DisorderType>
                  </Disorder>
                  <ClassificationNodeChildList count="0">
                  </ClassificationNodeChildList>
                </ClassificationNode>
                <ClassificationNode>
                  <Disorder id="2972">
                    <OrphaCode>3353</OrphaCode>
                    <ExpertLink lang="fr">http://www.orpha.net/consor/cgi-bin/OC_Exp.php?lng=fr&amp;Expert=3353</ExpertLink>
                    <Name lang="fr">Syndrome tricho-dermo-dentaire</Name>
                    <DisorderType id="21401">
                      <Name lang="fr">Syndrome  malformatif</Name>
                    </DisorderType>
                  </Disorder>
                  <ClassificationNodeChildList count="0">
                  </ClassificationNodeChildList>
                </ClassificationNode>
                <ClassificationNode>
                  <Disorder id="2974">
                    <OrphaCode>3355</OrphaCode>
                    <ExpertLink lang="fr">http://www.orpha.net/consor/cgi-bin/OC_Exp.php?lng=fr&amp;Expert=3355</ExpertLink>
                    <Name lang="fr">Dysplasie tricho-odonto-onychiale</Name>
                    <DisorderType id="21401">
                      <Name lang="fr">Syndrome  malformatif</Name>
                    </DisorderType>
                  </Disorder>
                  <ClassificationNodeChildList count="0">
                  </ClassificationNodeChildList>
                </ClassificationNode>
                <ClassificationNode>
                  <Disorder id="28333">
                    <OrphaCode>562559</OrphaCode>
                    <ExpertLink lang="fr">http://www.orpha.net/consor/cgi-bin/OC_Exp.php?lng=fr&amp;Expert=562559</ExpertLink>
                    <Name lang="fr">Syndrome de protrusion maxillaire antérieure-strabisme-déficience intellectuelle</Name>
                    <DisorderType id="21401">
                      <Name lang="fr">Syndrome  malformatif</Name>
                    </DisorderType>
                  </Disorder>
                  <ClassificationNodeChildList count="0">
                  </ClassificationNodeChildList>
                </ClassificationNode>
                <ClassificationNode>
                  <Disorder id="3052">
                    <OrphaCode>3473</OrphaCode>
                    <ExpertLink lang="fr">http://www.orpha.net/consor/cgi-bin/OC_Exp.php?lng=fr&amp;Expert=3473</ExpertLink>
                    <Name lang="fr">Syndrome de Zimmermann-Laband</Name>
                    <DisorderType id="21401">
                      <Name lang="fr">Syndrome  malformatif</Name>
                    </DisorderType>
                  </Disorder>
                  <ClassificationNodeChildList count="0">
                  </ClassificationNodeChildList>
                </ClassificationNode>
                <ClassificationNode>
                  <Disorder id="12059">
                    <OrphaCode>90650</OrphaCode>
                    <ExpertLink lang="fr">http://www.orpha.net/consor/cgi-bin/OC_Exp.php?lng=fr&amp;Expert=90650</ExpertLink>
                    <Name lang="fr">Syndrome oto-palato-digital type 1</Name>
                    <DisorderType id="21401">
                      <Name lang="fr">Syndrome  malformatif</Name>
                    </DisorderType>
                  </Disorder>
                  <ClassificationNodeChildList count="0">
                  </ClassificationNodeChildList>
                </ClassificationNode>
                <ClassificationNode>
                  <Disorder id="10664">
                    <OrphaCode>50944</OrphaCode>
                    <ExpertLink lang="fr">http://www.orpha.net/consor/cgi-bin/OC_Exp.php?lng=fr&amp;Expert=50944</ExpertLink>
                    <Name lang="fr">Syndrome de Schöpf-Schulz-Passarge</Name>
                    <DisorderType id="21394">
                      <Name lang="fr">Maladie</Name>
                    </DisorderType>
                  </Disorder>
                  <ClassificationNodeChildList count="0">
                  </ClassificationNodeChildList>
                </ClassificationNode>
                <ClassificationNode>
                  <Disorder id="10916">
                    <OrphaCode>69082</OrphaCode>
                    <ExpertLink lang="fr">http://www.orpha.net/consor/cgi-bin/OC_Exp.php?lng=fr&amp;Expert=69082</ExpertLink>
                    <Name lang="fr">Syndrome odonto-tricho-unguéo-digito-palmaire</Name>
                    <DisorderType id="21401">
                      <Name lang="fr">Syndrome  malformatif</Name>
                    </DisorderType>
                  </Disorder>
                  <ClassificationNodeChildList count="0">
                  </ClassificationNodeChildList>
                </ClassificationNode>
                <ClassificationNode>
                  <Disorder id="10917">
                    <OrphaCode>69083</OrphaCode>
                    <ExpertLink lang="fr">http://www.orpha.net/consor/cgi-bin/OC_Exp.php?lng=fr&amp;Expert=69083</ExpertLink>
                    <Name lang="fr">Syndrome de dysplasie ectodermique-dents de naissance, type Turnpenny</Name>
                    <DisorderType id="21401">
                      <Name lang="fr">Syndrome  malformatif</Name>
                    </DisorderType>
                  </Disorder>
                  <ClassificationNodeChildList count="0">
                  </ClassificationNodeChildList>
                </ClassificationNode>
                <ClassificationNode>
                  <Disorder id="11156">
                    <OrphaCode>79129</OrphaCode>
                    <ExpertLink lang="fr">http://www.orpha.net/consor/cgi-bin/OC_Exp.php?lng=fr&amp;Expert=79129</ExpertLink>
                    <Name lang="fr">Syndrome de trichodysplasie-amélogenèse imparfaite</Name>
                    <DisorderType id="21401">
                      <Name lang="fr">Syndrome  malformatif</Name>
                    </DisorderType>
                  </Disorder>
                  <ClassificationNodeChildList count="0">
                  </ClassificationNodeChildList>
                </ClassificationNode>
                <ClassificationNode>
                  <Disorder id="14379">
                    <OrphaCode>99806</OrphaCode>
                    <ExpertLink lang="fr">http://www.orpha.net/consor/cgi-bin/OC_Exp.php?lng=fr&amp;Expert=99806</ExpertLink>
                    <Name lang="fr">Syndrome oculo-oto-dentaire</Name>
                    <DisorderType id="21401">
                      <Name lang="fr">Syndrome  malformatif</Name>
                    </DisorderType>
                  </Disorder>
                  <ClassificationNodeChildList count="0">
                  </ClassificationNodeChildList>
                </ClassificationNode>
                <ClassificationNode>
                  <Disorder id="443">
                    <OrphaCode>1452</OrphaCode>
                    <ExpertLink lang="fr">http://www.orpha.net/consor/cgi-bin/OC_Exp.php?lng=fr&amp;Expert=1452</ExpertLink>
                    <Name lang="fr">Dysostose cléidocrânienne</Name>
                    <DisorderType id="21401">
                      <Name lang="fr">Syndrome  malformatif</Name>
                    </DisorderType>
                  </Disorder>
                  <ClassificationNodeChildList count="0">
                  </ClassificationNodeChildList>
                </ClassificationNode>
                <ClassificationNode>
                  <Disorder id="12060">
                    <OrphaCode>90652</OrphaCode>
                    <ExpertLink lang="fr">http://www.orpha.net/consor/cgi-bin/OC_Exp.php?lng=fr&amp;Expert=90652</ExpertLink>
                    <Name lang="fr">Syndrome oto-palato-digital type 2</Name>
                    <DisorderType id="21401">
                      <Name lang="fr">Syndrome  malformatif</Name>
                    </DisorderType>
                  </Disorder>
                  <ClassificationNodeChildList count="0">
                  </ClassificationNodeChildList>
                </ClassificationNode>
                <ClassificationNode>
                  <Disorder id="18155">
                    <OrphaCode>180766</OrphaCode>
                    <ExpertLink lang="fr">http://www.orpha.net/consor/cgi-bin/OC_Exp.php?lng=fr&amp;Expert=180766</ExpertLink>
                    <Name lang="fr">Syndrome malformatif avec dentinogenèse imparfaite</Name>
                    <DisorderType id="36561">
                      <Name lang="fr">Catégorie</Name>
                    </DisorderType>
                  </Disorder>
                  <ClassificationNodeChildList count="4">
                    <ClassificationNode>
                      <Disorder id="1812">
                        <OrphaCode>1830</OrphaCode>
                        <ExpertLink lang="fr">http://www.orpha.net/consor/cgi-bin/OC_Exp.php?lng=fr&amp;Expert=1830</ExpertLink>
                        <Name lang="fr">Dysplasie immuno-osseuse de Schimke</Name>
                        <DisorderType id="21394">
                          <Name lang="fr">Maladie</Name>
                        </DisorderType>
                      </Disorder>
                      <ClassificationNodeChildList count="0">
                      </ClassificationNodeChildList>
                    </ClassificationNode>
                    <ClassificationNode>
                      <Disorder id="10989">
                        <OrphaCode>71267</OrphaCode>
                        <ExpertLink lang="fr">http://www.orpha.net/consor/cgi-bin/OC_Exp.php?lng=fr&amp;Expert=71267</ExpertLink>
                        <Name lang="fr">Syndrome de dentinogenèse imparfaite-petite taille-surdité-déficience intellectuelle</Name>
                        <DisorderType id="21401">
                          <Name lang="fr">Syndrome  malformatif</Name>
                        </DisorderType>
                      </Disorder>
                      <ClassificationNodeChildList count="0">
                      </ClassificationNodeChildList>
                    </ClassificationNode>
                    <ClassificationNode>
                      <Disorder id="17626">
                        <OrphaCode>166272</OrphaCode>
                        <ExpertLink lang="fr">http://www.orpha.net/consor/cgi-bin/OC_Exp.php?lng=fr&amp;Expert=166272</ExpertLink>
                        <Name lang="fr">Odontochondrodysplasie</Name>
                        <DisorderType id="21401">
                          <Name lang="fr">Syndrome  malformatif</Name>
                        </DisorderType>
                      </Disorder>
                      <ClassificationNodeChildList count="0">
                      </ClassificationNodeChildList>
                    </ClassificationNode>
                    <ClassificationNode>
                      <Disorder id="17627">
                        <OrphaCode>166277</OrphaCode>
                        <ExpertLink lang="fr">http://www.orpha.net/consor/cgi-bin/OC_Exp.php?lng=fr&amp;Expert=166277</ExpertLink>
                        <Name lang="fr">Dysplasie squelettique avec os wormien-fractures multiples-dentinogenèse imparfaite</Name>
                        <DisorderType id="21401">
                          <Name lang="fr">Syndrome  malformatif</Name>
                        </DisorderType>
                      </Disorder>
                      <ClassificationNodeChildList count="0">
                      </ClassificationNodeChildList>
                    </ClassificationNode>
                  </ClassificationNodeChildList>
                </ClassificationNode>
                <ClassificationNode>
                  <Disorder id="20578">
                    <OrphaCode>284149</OrphaCode>
                    <ExpertLink lang="fr">http://www.orpha.net/consor/cgi-bin/OC_Exp.php?lng=fr&amp;Expert=284149</ExpertLink>
                    <Name lang="fr">Craniosynostose-anomalies dentaires</Name>
                    <DisorderType id="21401">
                      <Name lang="fr">Syndrome  malformatif</Name>
                    </DisorderType>
                  </Disorder>
                  <ClassificationNodeChildList count="0">
                  </ClassificationNodeChildList>
                </ClassificationNode>
                <ClassificationNode>
                  <Disorder id="22850">
                    <OrphaCode>401911</OrphaCode>
                    <ExpertLink lang="fr">http://www.orpha.net/consor/cgi-bin/OC_Exp.php?lng=fr&amp;Expert=401911</ExpertLink>
                    <Name lang="fr">Polypose associée à AXIN2</Name>
                    <DisorderType id="21394">
                      <Name lang="fr">Maladie</Name>
                    </DisorderType>
                  </Disorder>
                  <ClassificationNodeChildList count="0">
                  </ClassificationNodeChildList>
                </ClassificationNode>
                <ClassificationNode>
                  <Disorder id="21283">
                    <OrphaCode>307766</OrphaCode>
                    <ExpertLink lang="fr">http://www.orpha.net/consor/cgi-bin/OC_Exp.php?lng=fr&amp;Expert=307766</ExpertLink>
                    <Name lang="fr">Syndrome des cheveux frisés-kératodermie acrale-caries</Name>
                    <DisorderType id="21394">
                      <Name lang="fr">Maladie</Name>
                    </DisorderType>
                  </Disorder>
                  <ClassificationNodeChildList count="0">
                  </ClassificationNodeChildList>
                </ClassificationNode>
                <ClassificationNode>
                  <Disorder id="21289">
                    <OrphaCode>307936</OrphaCode>
                    <ExpertLink lang="fr">http://www.orpha.net/consor/cgi-bin/OC_Exp.php?lng=fr&amp;Expert=307936</ExpertLink>
                    <Name lang="fr">Syndrome d'hypotrichose-ostéolyse-périodontite-kératodermie palmoplantaire</Name>
                    <DisorderType id="21394">
                      <Name lang="fr">Maladie</Name>
                    </DisorderType>
                  </Disorder>
                  <ClassificationNodeChildList count="0">
                  </ClassificationNodeChildList>
                </ClassificationNode>
                <ClassificationNode>
                  <Disorder id="22298">
                    <OrphaCode>363417</OrphaCode>
                    <ExpertLink lang="fr">http://www.orpha.net/consor/cgi-bin/OC_Exp.php?lng=fr&amp;Expert=363417</ExpertLink>
                    <Name lang="fr">Syndrome de brachydactylie préaxiale de Temtamy</Name>
                    <DisorderType id="21401">
                      <Name lang="fr">Syndrome  malformatif</Name>
                    </DisorderType>
                  </Disorder>
                  <ClassificationNodeChildList count="0">
                  </ClassificationNodeChildList>
                </ClassificationNode>
                <ClassificationNode>
                  <Disorder id="21494">
                    <OrphaCode>314555</OrphaCode>
                    <ExpertLink lang="fr">http://www.orpha.net/consor/cgi-bin/OC_Exp.php?lng=fr&amp;Expert=314555</ExpertLink>
                    <Name lang="fr">Syndrome de dysmorphie faciale-anomalies oculaires-ostéopénie-déficience intellectuelle-anomalies dentaires</Name>
                    <DisorderType id="21401">
                      <Name lang="fr">Syndrome  malformatif</Name>
                    </DisorderType>
                  </Disorder>
                  <ClassificationNodeChildList count="0">
                  </ClassificationNodeChildList>
                </ClassificationNode>
                <ClassificationNode>
                  <Disorder id="31975">
                    <OrphaCode>659873</OrphaCode>
                    <ExpertLink lang="fr">http://www.orpha.net/consor/cgi-bin/OC_Exp.php?lng=fr&amp;Expert=659873</ExpertLink>
                    <Name lang="fr">Syndrome des os wormiens-micrognathie-dentition anormale-apparence progéroïde</Name>
                    <DisorderType id="21401">
                      <Name lang="fr">Syndrome  malformatif</Name>
                    </DisorderType>
                  </Disorder>
                  <ClassificationNodeChildList count="0">
                  </ClassificationNodeChildList>
                </ClassificationNode>
                <ClassificationNode>
                  <Disorder id="32036">
                    <OrphaCode>664438</OrphaCode>
                    <ExpertLink lang="fr">http://www.orpha.net/consor/cgi-bin/OC_Exp.php?lng=fr&amp;Expert=664438</ExpertLink>
                    <Name lang="fr">Syndrome de fibromatose gingivale-dilatation de la racine de l'aorte-dysmorphie faciale-déficience intellectuelle</Name>
                    <DisorderType id="21401">
                      <Name lang="fr">Syndrome  malformatif</Name>
                    </DisorderType>
                  </Disorder>
                  <ClassificationNodeChildList count="0">
                  </ClassificationNodeChildList>
                </ClassificationNode>
                <ClassificationNode>
                  <Disorder id="32153">
                    <OrphaCode>684232</OrphaCode>
                    <ExpertLink lang="fr">http://www.orpha.net/consor/cgi-bin/OC_Exp.php?lng=fr&amp;Expert=684232</ExpertLink>
                    <Name lang="fr">Syndrome de déficience intellectuelle-epilepsie-anomalies dentaires-dysmorphie faciale</Name>
                    <DisorderType id="21401">
                      <Name lang="fr">Syndrome  malformatif</Name>
                    </DisorderType>
                  </Disorder>
                  <ClassificationNodeChildList count="0">
                  </ClassificationNodeChildList>
                </ClassificationNode>
                <ClassificationNode>
                  <Disorder id="29437">
                    <OrphaCode>589608</OrphaCode>
                    <ExpertLink lang="fr">http://www.orpha.net/consor/cgi-bin/OC_Exp.php?lng=fr&amp;Expert=589608</ExpertLink>
                    <Name lang="fr">Hypopigmentation linéaire et asymétrie craniofaciale avec anomalies acrales, oculaires et cérébrales</Name>
                    <DisorderType id="21394">
                      <Name lang="fr">Maladie</Name>
                    </DisorderType>
                  </Disorder>
                  <ClassificationNodeChildList count="0">
                  </ClassificationNodeChildList>
                </ClassificationNode>
                <ClassificationNode>
                  <Disorder id="29879">
                    <OrphaCode>598603</OrphaCode>
                    <ExpertLink lang="fr">http://www.orpha.net/consor/cgi-bin/OC_Exp.php?lng=fr&amp;Expert=598603</ExpertLink>
                    <Name lang="fr">Syndrome de dysmorphie faciale-hypertrichose-épilepsie-déficience intellectuelle/retard de développement-hypertrophie gingivale</Name>
                    <DisorderType id="21401">
                      <Name lang="fr">Syndrome  malformatif</Name>
                    </DisorderType>
                  </Disorder>
                  <ClassificationNodeChildList count="0">
                  </ClassificationNodeChildList>
                </ClassificationNode>
              </ClassificationNodeChildList>
            </ClassificationNode>
            <ClassificationNode>
              <Disorder id="17563">
                <OrphaCode>164001</OrphaCode>
                <ExpertLink lang="fr">http://www.orpha.net/consor/cgi-bin/OC_Exp.php?lng=fr&amp;Expert=164001</ExpertLink>
                <Name lang="fr">Affection dentaire ou parodontaire rare</Name>
                <DisorderType id="36561">
                  <Name lang="fr">Catégorie</Name>
                </DisorderType>
              </Disorder>
              <ClassificationNodeChildList count="12">
                <ClassificationNode>
                  <Disorder id="1371">
                    <OrphaCode>1077</OrphaCode>
                    <ExpertLink lang="fr">http://www.orpha.net/consor/cgi-bin/OC_Exp.php?lng=fr&amp;Expert=1077</ExpertLink>
                    <Name lang="fr">Ankylose dentaire</Name>
                    <DisorderType id="21401">
                      <Name lang="fr">Syndrome  malformatif</Name>
                    </DisorderType>
                  </Disorder>
                  <ClassificationNodeChildList count="0">
                  </ClassificationNodeChildList>
                </ClassificationNode>
                <ClassificationNode>
                  <Disorder id="1955">
                    <OrphaCode>2024</OrphaCode>
                    <ExpertLink lang="fr">http://www.orpha.net/consor/cgi-bin/OC_Exp.php?lng=fr&amp;Expert=2024</ExpertLink>
                    <Name lang="fr">Fibromatose gingivale héréditaire</Name>
                    <DisorderType id="21401">
                      <Name lang="fr">Syndrome  malformatif</Name>
                    </DisorderType>
                  </Disorder>
                  <ClassificationNodeChildList count="0">
                  </ClassificationNodeChildList>
                </ClassificationNode>
                <ClassificationNode>
                  <Disorder id="2154">
                    <OrphaCode>2287</OrphaCode>
                    <ExpertLink lang="fr">http://www.orpha.net/consor/cgi-bin/OC_Exp.php?lng=fr&amp;Expert=2287</ExpertLink>
                    <Name lang="fr">Fusion des incisives mandibulaires</Name>
                    <DisorderType id="21415">
                      <Name lang="fr">Anomalie morphologique</Name>
                    </DisorderType>
                  </Disorder>
                  <ClassificationNodeChildList count="0">
                  </ClassificationNodeChildList>
                </ClassificationNode>
                <ClassificationNode>
                  <Disorder id="10900">
                    <OrphaCode>67039</OrphaCode>
                    <ExpertLink lang="fr">http://www.orpha.net/consor/cgi-bin/OC_Exp.php?lng=fr&amp;Expert=67039</ExpertLink>
                    <Name lang="fr">Dysplasie odonto-maxillaire segmentaire</Name>
                    <DisorderType id="21394">
                      <Name lang="fr">Maladie</Name>
                    </DisorderType>
                  </Disorder>
                  <ClassificationNodeChildList count="0">
                  </ClassificationNodeChildList>
                </ClassificationNode>
                <ClassificationNode>
                  <Disorder id="11569">
                    <OrphaCode>83450</OrphaCode>
                    <ExpertLink lang="fr">http://www.orpha.net/consor/cgi-bin/OC_Exp.php?lng=fr&amp;Expert=83450</ExpertLink>
                    <Name lang="fr">Odontodysplasie régionale</Name>
                    <DisorderType id="21394">
                      <Name lang="fr">Maladie</Name>
                    </DisorderType>
                  </Disorder>
                  <ClassificationNodeChildList count="0">
                  </ClassificationNodeChildList>
                </ClassificationNode>
                <ClassificationNode>
                  <Disorder id="11570">
                    <OrphaCode>83451</OrphaCode>
                    <ExpertLink lang="fr">http://www.orpha.net/consor/cgi-bin/OC_Exp.php?lng=fr&amp;Expert=83451</ExpertLink>
                    <Name lang="fr">Dysplasie cémento-osseuse floride</Name>
                    <DisorderType id="21394">
                      <Name lang="fr">Maladie</Name>
                    </DisorderType>
                  </Disorder>
                  <ClassificationNodeChildList count="0">
                  </ClassificationNodeChildList>
                </ClassificationNode>
                <ClassificationNode>
                  <Disorder id="11823">
                    <OrphaCode>88661</OrphaCode>
                    <ExpertLink lang="fr">http://www.orpha.net/consor/cgi-bin/OC_Exp.php?lng=fr&amp;Expert=88661</ExpertLink>
                    <Name lang="fr">Amélogenèse imparfaite</Name>
                    <DisorderType id="21394">
                      <Name lang="fr">Maladie</Name>
                    </DisorderType>
                  </Disorder>
                  <ClassificationNodeChildList count="4">
                    <ClassificationNode>
                      <Disorder id="14604">
                        <OrphaCode>100031</OrphaCode>
                        <ExpertLink lang="fr">http://www.orpha.net/consor/cgi-bin/OC_Exp.php?lng=fr&amp;Expert=100031</ExpertLink>
                        <Name lang="fr">Amélogenèse imparfaite hypoplasique</Name>
                        <DisorderType id="21450">
                          <Name lang="fr">Sous-type clinique</Name>
                        </DisorderType>
                      </Disorder>
                      <ClassificationNodeChildList count="0">
                      </ClassificationNodeChildList>
                    </ClassificationNode>
                    <ClassificationNode>
                      <Disorder id="14605">
                        <OrphaCode>100032</OrphaCode>
                        <ExpertLink lang="fr">http://www.orpha.net/consor/cgi-bin/OC_Exp.php?lng=fr&amp;Expert=100032</ExpertLink>
                        <Name lang="fr">Amélogenèse imparfaite hypocalcifiée</Name>
                        <DisorderType id="21450">
                          <Name lang="fr">Sous-type clinique</Name>
                        </DisorderType>
                      </Disorder>
                      <ClassificationNodeChildList count="0">
                      </ClassificationNodeChildList>
                    </ClassificationNode>
                    <ClassificationNode>
                      <Disorder id="14606">
                        <OrphaCode>100033</OrphaCode>
                        <ExpertLink lang="fr">http://www.orpha.net/consor/cgi-bin/OC_Exp.php?lng=fr&amp;Expert=100033</ExpertLink>
                        <Name lang="fr">Amélogenèse imparfaite hypomature</Name>
                        <DisorderType id="21450">
                          <Name lang="fr">Sous-type clinique</Name>
                        </DisorderType>
                      </Disorder>
                      <ClassificationNodeChildList count="0">
                      </ClassificationNodeChildList>
                    </ClassificationNode>
                    <ClassificationNode>
                      <Disorder id="14607">
                        <OrphaCode>100034</OrphaCode>
                        <ExpertLink lang="fr">http://www.orpha.net/consor/cgi-bin/OC_Exp.php?lng=fr&amp;Expert=100034</ExpertLink>
                        <Name lang="fr">Amélogenèse imparfaite hypomature-hypoplasique avec taurodontisme</Name>
                        <DisorderType id="21450">
                          <Name lang="fr">Sous-type clinique</Name>
                        </DisorderType>
                      </Disorder>
                      <ClassificationNodeChildList count="0">
                      </ClassificationNodeChildList>
                    </ClassificationNode>
                  </ClassificationNodeChildList>
                </ClassificationNode>
                <ClassificationNode>
                  <Disorder id="14370">
                    <OrphaCode>99797</OrphaCode>
                    <ExpertLink lang="fr">http://www.orpha.net/consor/cgi-bin/OC_Exp.php?lng=fr&amp;Expert=99797</ExpertLink>
                    <Name lang="fr">Anodontie</Name>
                    <DisorderType id="21415">
                      <Name lang="fr">Anomalie morphologique</Name>
                    </DisorderType>
                  </Disorder>
                  <ClassificationNodeChildList count="0">
                  </ClassificationNodeChildList>
                </ClassificationNode>
                <ClassificationNode>
                  <Disorder id="14371">
                    <OrphaCode>99798</OrphaCode>
                    <ExpertLink lang="fr">http://www.orpha.net/consor/cgi-bin/OC_Exp.php?lng=fr&amp;Expert=99798</ExpertLink>
                    <Name lang="fr">Oligodontie</Name>
                    <DisorderType id="21415">
                      <Name lang="fr">Anomalie morphologique</Name>
                    </DisorderType>
                  </Disorder>
                  <ClassificationNodeChildList count="0">
                  </ClassificationNodeChildList>
                </ClassificationNode>
                <ClassificationNode>
                  <Disorder id="17686">
                    <OrphaCode>167759</OrphaCode>
                    <ExpertLink lang="fr">http://www.orpha.net/consor/cgi-bin/OC_Exp.php?lng=fr&amp;Expert=167759</ExpertLink>
                    <Name lang="fr">Anomalie héréditaire de la dentine</Name>
                    <DisorderType id="36561">
                      <Name lang="fr">Catégorie</Name>
                    </DisorderType>
                  </Disorder>
                  <ClassificationNodeChildList count="2">
                    <ClassificationNode>
                      <Disorder id="1743">
                        <OrphaCode>1653</OrphaCode>
                        <ExpertLink lang="fr">http://www.orpha.net/consor/cgi-bin/OC_Exp.php?lng=fr&amp;Expert=1653</ExpertLink>
                        <Name lang="fr">Dysplasie de la dentine</Name>
                        <DisorderType id="21394">
                          <Name lang="fr">Maladie</Name>
                        </DisorderType>
                      </Disorder>
                      <ClassificationNodeChildList count="3">
                        <ClassificationNode>
                          <Disorder id="14362">
                            <OrphaCode>99789</OrphaCode>
                            <ExpertLink lang="fr">http://www.orpha.net/consor/cgi-bin/OC_Exp.php?lng=fr&amp;Expert=99789</ExpertLink>
                            <Name lang="fr">Dysplasie de la dentine type 1</Name>
                            <DisorderType id="21450">
                              <Name lang="fr">Sous-type clinique</Name>
                            </DisorderType>
                          </Disorder>
                          <ClassificationNodeChildList count="0">
                          </ClassificationNodeChildList>
                        </ClassificationNode>
                        <ClassificationNode>
                          <Disorder id="14364">
                            <OrphaCode>99791</OrphaCode>
                            <ExpertLink lang="fr">http://www.orpha.net/consor/cgi-bin/OC_Exp.php?lng=fr&amp;Expert=99791</ExpertLink>
                            <Name lang="fr">Dysplasie de la dentine type II</Name>
                            <DisorderType id="21450">
                              <Name lang="fr">Sous-type clinique</Name>
                            </DisorderType>
                          </Disorder>
                          <ClassificationNodeChildList count="0">
                          </ClassificationNodeChildList>
                        </ClassificationNode>
                        <ClassificationNode>
                          <Disorder id="21521">
                            <OrphaCode>314721</OrphaCode>
                            <ExpertLink lang="fr">http://www.orpha.net/consor/cgi-bin/OC_Exp.php?lng=fr&amp;Expert=314721</ExpertLink>
                            <Name lang="fr">Dysplasie de la dentine atypique par déficit en SMOC2</Name>
                            <DisorderType id="21450">
                              <Name lang="fr">Sous-type clinique</Name>
                            </DisorderType>
                          </Disorder>
                          <ClassificationNodeChildList count="0">
                          </ClassificationNodeChildList>
                        </ClassificationNode>
                      </ClassificationNodeChildList>
                    </ClassificationNode>
                    <ClassificationNode>
                      <Disorder id="10638">
                        <OrphaCode>49042</OrphaCode>
                        <ExpertLink lang="fr">http://www.orpha.net/consor/cgi-bin/OC_Exp.php?lng=fr&amp;Expert=49042</ExpertLink>
                        <Name lang="fr">Dentinogenèse imparfaite</Name>
                        <DisorderType id="21394">
                          <Name lang="fr">Maladie</Name>
                        </DisorderType>
                      </Disorder>
                      <ClassificationNodeChildList count="2">
                        <ClassificationNode>
                          <Disorder id="17624">
                            <OrphaCode>166260</OrphaCode>
                            <ExpertLink lang="fr">http://www.orpha.net/consor/cgi-bin/OC_Exp.php?lng=fr&amp;Expert=166260</ExpertLink>
                            <Name lang="fr">Dentinogenèse imparfaite type 2</Name>
                            <DisorderType id="21450">
                              <Name lang="fr">Sous-type clinique</Name>
                            </DisorderType>
                          </Disorder>
                          <ClassificationNodeChildList count="0">
                          </ClassificationNodeChildList>
                        </ClassificationNode>
                        <ClassificationNode>
                          <Disorder id="17625">
                            <OrphaCode>166265</OrphaCode>
                            <ExpertLink lang="fr">http://www.orpha.net/consor/cgi-bin/OC_Exp.php?lng=fr&amp;Expert=166265</ExpertLink>
                            <Name lang="fr">Dentinogenèse imparfaite type 3</Name>
                            <DisorderType id="21450">
                              <Name lang="fr">Sous-type clinique</Name>
                            </DisorderType>
                          </Disorder>
                          <ClassificationNodeChildList count="0">
                          </ClassificationNodeChildList>
                        </ClassificationNode>
                      </ClassificationNodeChildList>
                    </ClassificationNode>
                  </ClassificationNodeChildList>
                </ClassificationNode>
                <ClassificationNode>
                  <Disorder id="23046">
                    <OrphaCode>412206</OrphaCode>
                    <ExpertLink lang="fr">http://www.orpha.net/consor/cgi-bin/OC_Exp.php?lng=fr&amp;Expert=412206</ExpertLink>
                    <Name lang="fr">Défaut primaire d'éruption</Name>
                    <DisorderType id="21394">
                      <Name lang="fr">Maladie</Name>
                    </DisorderType>
                  </Disorder>
                  <ClassificationNodeChildList count="0">
                  </ClassificationNodeChildList>
                </ClassificationNode>
                <ClassificationNode>
                  <Disorder id="23478">
                    <OrphaCode>444072</OrphaCode>
                    <ExpertLink lang="fr">http://www.orpha.net/consor/cgi-bin/OC_Exp.php?lng=fr&amp;Expert=444072</ExpertLink>
                    <Name lang="fr">Syndrome cérébellofaciodentaire</Name>
                    <DisorderType id="21401">
                      <Name lang="fr">Syndrome  malformatif</Name>
                    </DisorderType>
                  </Disorder>
                  <ClassificationNodeChildList count="0">
                  </ClassificationNodeChildList>
                </ClassificationNode>
              </ClassificationNodeChildList>
            </ClassificationNode>
            <ClassificationNode>
              <Disorder id="21485">
                <OrphaCode>314425</OrphaCode>
                <ExpertLink lang="fr">http://www.orpha.net/consor/cgi-bin/OC_Exp.php?lng=fr&amp;Expert=314425</ExpertLink>
                <Name lang="fr">Tumeur odontogénique rare</Name>
                <DisorderType id="36561">
                  <Name lang="fr">Catégorie</Name>
                </DisorderType>
              </Disorder>
              <ClassificationNodeChildList count="4">
                <ClassificationNode>
                  <Disorder id="21483">
                    <OrphaCode>314419</OrphaCode>
                    <ExpertLink lang="fr">http://www.orpha.net/consor/cgi-bin/OC_Exp.php?lng=fr&amp;Expert=314419</ExpertLink>
                    <Name lang="fr">Améloblastome</Name>
                    <DisorderType id="21394">
                      <Name lang="fr">Maladie</Name>
                    </DisorderType>
                  </Disorder>
                  <ClassificationNodeChildList count="0">
                  </ClassificationNodeChildList>
                </ClassificationNode>
                <ClassificationNode>
                  <Disorder id="21484">
                    <OrphaCode>314422</OrphaCode>
                    <ExpertLink lang="fr">http://www.orpha.net/consor/cgi-bin/OC_Exp.php?lng=fr&amp;Expert=314422</ExpertLink>
                    <Name lang="fr">Carcinome améloblastique</Name>
                    <DisorderType id="21394">
                      <Name lang="fr">Maladie</Name>
                    </DisorderType>
                  </Disorder>
                  <ClassificationNodeChildList count="0">
                  </ClassificationNodeChildList>
                </ClassificationNode>
                <ClassificationNode>
                  <Disorder id="23542">
                    <OrphaCode>447777</OrphaCode>
                    <ExpertLink lang="fr">http://www.orpha.net/consor/cgi-bin/OC_Exp.php?lng=fr&amp;Expert=447777</ExpertLink>
                    <Name lang="fr">Tumeur odontogéne kératokystique</Name>
                    <DisorderType id="21394">
                      <Name lang="fr">Maladie</Name>
                    </DisorderType>
                  </Disorder>
                  <ClassificationNodeChildList count="0">
                  </ClassificationNodeChildList>
                </ClassificationNode>
                <ClassificationNode>
                  <Disorder id="32215">
                    <OrphaCode>689430</OrphaCode>
                    <ExpertLink lang="fr">http://www.orpha.net/consor/cgi-bin/OC_Exp.php?lng=fr&amp;Expert=689430</ExpertLink>
                    <Name lang="fr">Améloblastome adénoïde</Name>
                    <DisorderType id="21394">
                      <Name lang="fr">Maladie</Name>
                    </DisorderType>
                  </Disorder>
                  <ClassificationNodeChildList count="0">
                  </ClassificationNodeChildList>
                </ClassificationNode>
              </ClassificationNodeChildList>
            </ClassificationNode>
          </ClassificationNodeChildList>
        </ClassificationNode>
      </ClassificationNodeRootList>
    </Classification>
  </ClassificationList>
</JDBOR>
