<?xml version="1.0" encoding="UTF-8"?>
<JDBOR date="2023-06-21 18:12:52" version="1.3.25 / 4.1.7 [2023-04-17] (orientdb version)" copyright="Orphanet (c) 2023" dbserver="jdbc:sybase:Tds:canard.orpha.net:2020">
  <Availability> 
    <Licence>
      <FullName lang="en">Creative Commons Attribution 4.0 International</FullName>
      <ShortIdentifier>CC-BY-4.0</ShortIdentifier>
      <LegalCode>https://creativecommons.org/licenses/by/4.0/legalcode</LegalCode>
    </Licence>
  </Availability>
  <ClassificationList count="1">
    <Classification id="235">
      <OrphaNumber>616871</OrphaNumber>
      <Name lang="cs">Orphanet klasifikace vzácných onemocnění bez stanovené diagnózy</Name>
      <ClassificationNodeRootList count="1">
        <ClassificationNode>
          <ClassificationNodeChildList count="1">
            <ClassificationNode>
              <Disorder id="31336">
                <OrphaCode>616874</OrphaCode>
                <ExpertLink lang="cs">http://www.orpha.net/consor/cgi-bin/OC_Exp.php?lng=cs&amp;Expert=616874</ExpertLink>
                <Name lang="cs">Vzácné onemocnění bez stanovené diagnózy po úplném vyšetření</Name>
                <DisorderType id="21394">
                  <Name lang="cs">Onemocnění</Name>
                </DisorderType>
              </Disorder>
              <ClassificationNodeChildList count="0">
              </ClassificationNodeChildList>
            </ClassificationNode>
          </ClassificationNodeChildList>
        </ClassificationNode>
      </ClassificationNodeRootList>
    </Classification>
  </ClassificationList>
</JDBOR>
