<?xml version="1.0" encoding="UTF-8"?>
<JDBOR date="2023-06-21 18:12:01" version="1.3.25 / 4.1.7 [2023-04-17] (orientdb version)" copyright="Orphanet (c) 2023" dbserver="jdbc:sybase:Tds:canard.orpha.net:2020">
  <Availability> 
    <Licence>
      <FullName lang="en">Creative Commons Attribution 4.0 International</FullName>
      <ShortIdentifier>CC-BY-4.0</ShortIdentifier>
      <LegalCode>https://creativecommons.org/licenses/by/4.0/legalcode</LegalCode>
    </Licence>
  </Availability>
  <ClassificationList count="1">
    <Classification id="204">
      <OrphaNumber>162979</OrphaNumber>
      <Name lang="cs">Klasifikace vzácných poruch v důsledku toxického působení dle Orphanetu</Name>
      <ClassificationNodeRootList count="1">
        <ClassificationNode>
          <Disorder id="15031">
            <OrphaCode>108999</OrphaCode>
            <ExpertLink lang="cs">http://www.orpha.net/consor/cgi-bin/OC_Exp.php?lng=cs&amp;Expert=108999</ExpertLink>
            <Name lang="cs">Vzácné intoxikace</Name>
            <DisorderType id="36561">
              <Name lang="cs">Kategorie</Name>
            </DisorderType>
          </Disorder>
          <ClassificationNodeChildList count="4">
            <ClassificationNode>
              <Disorder id="27316">
                <OrphaCode>521132</OrphaCode>
                <ExpertLink lang="cs">http://www.orpha.net/consor/cgi-bin/OC_Exp.php?lng=cs&amp;Expert=521132</ExpertLink>
                <Name lang="cs">Porucha vyvolaná radiací</Name>
                <DisorderType id="36561">
                  <Name lang="cs">Kategorie</Name>
                </DisorderType>
              </Disorder>
              <ClassificationNodeChildList count="6">
                <ClassificationNode>
                  <Disorder id="27315">
                    <OrphaCode>521127</OrphaCode>
                    <ExpertLink lang="cs">http://www.orpha.net/consor/cgi-bin/OC_Exp.php?lng=cs&amp;Expert=521127</ExpertLink>
                    <Name lang="cs">Osteoradionekróza mandibuly</Name>
                    <DisorderType id="21394">
                      <Name lang="cs">Onemocnění</Name>
                    </DisorderType>
                  </Disorder>
                  <ClassificationNodeChildList count="0">
                  </ClassificationNodeChildList>
                </ClassificationNode>
                <ClassificationNode>
                  <Disorder id="27314">
                    <OrphaCode>521123</OrphaCode>
                    <ExpertLink lang="cs">http://www.orpha.net/consor/cgi-bin/OC_Exp.php?lng=cs&amp;Expert=521123</ExpertLink>
                    <Name lang="cs">Plexopatie vyvolaná radiací</Name>
                    <DisorderType id="21394">
                      <Name lang="cs">Onemocnění</Name>
                    </DisorderType>
                  </Disorder>
                  <ClassificationNodeChildList count="0">
                  </ClassificationNodeChildList>
                </ClassificationNode>
                <ClassificationNode>
                  <Disorder id="23664">
                    <OrphaCode>454831</OrphaCode>
                    <ExpertLink lang="cs">http://www.orpha.net/consor/cgi-bin/OC_Exp.php?lng=cs&amp;Expert=454831</ExpertLink>
                    <Name lang="cs">Akutní syndrom z ozáření</Name>
                    <DisorderType id="21429">
                      <Name lang="cs">Mimořádná klinická situace u onemocnění nebo syndromu</Name>
                    </DisorderType>
                  </Disorder>
                  <ClassificationNodeChildList count="0">
                  </ClassificationNodeChildList>
                </ClassificationNode>
                <ClassificationNode>
                  <Disorder id="11923">
                    <OrphaCode>90021</OrphaCode>
                    <ExpertLink lang="cs">http://www.orpha.net/consor/cgi-bin/OC_Exp.php?lng=cs&amp;Expert=90021</ExpertLink>
                    <Name lang="cs">Radiační myelitida</Name>
                    <DisorderType id="21394">
                      <Name lang="cs">Onemocnění</Name>
                    </DisorderType>
                  </Disorder>
                  <ClassificationNodeChildList count="0">
                  </ClassificationNodeChildList>
                </ClassificationNode>
                <ClassificationNode>
                  <Disorder id="10948">
                    <OrphaCode>70475</OrphaCode>
                    <ExpertLink lang="cs">http://www.orpha.net/consor/cgi-bin/OC_Exp.php?lng=cs&amp;Expert=70475</ExpertLink>
                    <Name lang="cs">Radiační proktitida</Name>
                    <DisorderType id="21394">
                      <Name lang="cs">Onemocnění</Name>
                    </DisorderType>
                  </Disorder>
                  <ClassificationNodeChildList count="0">
                  </ClassificationNodeChildList>
                </ClassificationNode>
                <ClassificationNode>
                  <Disorder id="17567">
                    <OrphaCode>164726</OrphaCode>
                    <ExpertLink lang="cs">http://www.orpha.net/consor/cgi-bin/OC_Exp.php?lng=cs&amp;Expert=164726</ExpertLink>
                    <Name lang="cs">Akutní myeloidní leukémie a myelodysplastické syndromy související s radiací</Name>
                    <DisorderType id="21394">
                      <Name lang="cs">Onemocnění</Name>
                    </DisorderType>
                  </Disorder>
                  <ClassificationNodeChildList count="0">
                  </ClassificationNodeChildList>
                </ClassificationNode>
              </ClassificationNodeChildList>
            </ClassificationNode>
            <ClassificationNode>
              <Disorder id="21242">
                <OrphaCode>306640</OrphaCode>
                <ExpertLink lang="cs">http://www.orpha.net/consor/cgi-bin/OC_Exp.php?lng=cs&amp;Expert=306640</ExpertLink>
                <Name lang="cs">Vzácné intoxikace způsobené užíváním léčivých přípravků</Name>
                <DisorderType id="36561">
                  <Name lang="cs">Kategorie</Name>
                </DisorderType>
              </Disorder>
              <ClassificationNodeChildList count="10">
                <ClassificationNode>
                  <Disorder id="28446">
                    <OrphaCode>565782</OrphaCode>
                    <ExpertLink lang="cs">http://www.orpha.net/consor/cgi-bin/OC_Exp.php?lng=cs&amp;Expert=565782</ExpertLink>
                    <Name lang="cs">Toxicita metotrexátu</Name>
                    <DisorderType id="21394">
                      <Name lang="cs">Onemocnění</Name>
                    </DisorderType>
                  </Disorder>
                  <ClassificationNodeChildList count="0">
                  </ClassificationNodeChildList>
                </ClassificationNode>
                <ClassificationNode>
                  <Disorder id="27624">
                    <OrphaCode>529831</OrphaCode>
                    <ExpertLink lang="cs">http://www.orpha.net/consor/cgi-bin/OC_Exp.php?lng=cs&amp;Expert=529831</ExpertLink>
                    <Name lang="cs">Toxicita letrozolu</Name>
                    <DisorderType id="21429">
                      <Name lang="cs">Mimořádná klinická situace u onemocnění nebo syndromu</Name>
                    </DisorderType>
                  </Disorder>
                  <ClassificationNodeChildList count="0">
                  </ClassificationNodeChildList>
                </ClassificationNode>
                <ClassificationNode>
                  <Disorder id="9796">
                    <OrphaCode>31824</OrphaCode>
                    <ExpertLink lang="cs">http://www.orpha.net/consor/cgi-bin/OC_Exp.php?lng=cs&amp;Expert=31824</ExpertLink>
                    <Name lang="cs">Otrava kolchicinem</Name>
                    <DisorderType id="21429">
                      <Name lang="cs">Mimořádná klinická situace u onemocnění nebo syndromu</Name>
                    </DisorderType>
                  </Disorder>
                  <ClassificationNodeChildList count="0">
                  </ClassificationNodeChildList>
                </ClassificationNode>
                <ClassificationNode>
                  <Disorder id="9800">
                    <OrphaCode>31828</OrphaCode>
                    <ExpertLink lang="cs">http://www.orpha.net/consor/cgi-bin/OC_Exp.php?lng=cs&amp;Expert=31828</ExpertLink>
                    <Name lang="cs">Otrava digitalisem</Name>
                    <DisorderType id="21429">
                      <Name lang="cs">Mimořádná klinická situace u onemocnění nebo syndromu</Name>
                    </DisorderType>
                  </Disorder>
                  <ClassificationNodeChildList count="0">
                  </ClassificationNodeChildList>
                </ClassificationNode>
                <ClassificationNode>
                  <Disorder id="10581">
                    <OrphaCode>43117</OrphaCode>
                    <ExpertLink lang="cs">http://www.orpha.net/consor/cgi-bin/OC_Exp.php?lng=cs&amp;Expert=43117</ExpertLink>
                    <Name lang="cs">Akutní otrava tricyklickými antidepresivy</Name>
                    <DisorderType id="21429">
                      <Name lang="cs">Mimořádná klinická situace u onemocnění nebo syndromu</Name>
                    </DisorderType>
                  </Disorder>
                  <ClassificationNodeChildList count="0">
                  </ClassificationNodeChildList>
                </ClassificationNode>
                <ClassificationNode>
                  <Disorder id="10582">
                    <OrphaCode>43119</OrphaCode>
                    <ExpertLink lang="cs">http://www.orpha.net/consor/cgi-bin/OC_Exp.php?lng=cs&amp;Expert=43119</ExpertLink>
                    <Name lang="cs">Akutní otrava léky s membrány-stabilizujícím efektem</Name>
                    <DisorderType id="21429">
                      <Name lang="cs">Mimořádná klinická situace u onemocnění nebo syndromu</Name>
                    </DisorderType>
                  </Disorder>
                  <ClassificationNodeChildList count="0">
                  </ClassificationNodeChildList>
                </ClassificationNode>
                <ClassificationNode>
                  <Disorder id="18819">
                    <OrphaCode>217064</OrphaCode>
                    <ExpertLink lang="cs">http://www.orpha.net/consor/cgi-bin/OC_Exp.php?lng=cs&amp;Expert=217064</ExpertLink>
                    <Name lang="cs">Otrava 5-fluorouracilem</Name>
                    <DisorderType id="21429">
                      <Name lang="cs">Mimořádná klinická situace u onemocnění nebo syndromu</Name>
                    </DisorderType>
                  </Disorder>
                  <ClassificationNodeChildList count="0">
                  </ClassificationNodeChildList>
                </ClassificationNode>
                <ClassificationNode>
                  <Disorder id="20871">
                    <OrphaCode>293807</OrphaCode>
                    <ExpertLink lang="cs">http://www.orpha.net/consor/cgi-bin/OC_Exp.php?lng=cs&amp;Expert=293807</ExpertLink>
                    <Name lang="cs">Ketaminem indukovaná dilatace žlučových cest</Name>
                    <DisorderType id="21394">
                      <Name lang="cs">Onemocnění</Name>
                    </DisorderType>
                  </Disorder>
                  <ClassificationNodeChildList count="0">
                  </ClassificationNodeChildList>
                </ClassificationNode>
                <ClassificationNode>
                  <Disorder id="24154">
                    <OrphaCode>466670</OrphaCode>
                    <ExpertLink lang="cs">http://www.orpha.net/consor/cgi-bin/OC_Exp.php?lng=cs&amp;Expert=466670</ExpertLink>
                    <Name lang="cs">Otrava kyanidem</Name>
                    <DisorderType id="21429">
                      <Name lang="cs">Mimořádná klinická situace u onemocnění nebo syndromu</Name>
                    </DisorderType>
                  </Disorder>
                  <ClassificationNodeChildList count="0">
                  </ClassificationNodeChildList>
                </ClassificationNode>
                <ClassificationNode>
                  <Disorder id="24028">
                    <OrphaCode>464458</OrphaCode>
                    <ExpertLink lang="cs">http://www.orpha.net/consor/cgi-bin/OC_Exp.php?lng=cs&amp;Expert=464458</ExpertLink>
                    <Name lang="cs">Otrava paracetamolem</Name>
                    <DisorderType id="21429">
                      <Name lang="cs">Mimořádná klinická situace u onemocnění nebo syndromu</Name>
                    </DisorderType>
                  </Disorder>
                  <ClassificationNodeChildList count="0">
                  </ClassificationNodeChildList>
                </ClassificationNode>
              </ClassificationNodeChildList>
            </ClassificationNode>
            <ClassificationNode>
              <Disorder id="19645">
                <OrphaCode>251529</OrphaCode>
                <ExpertLink lang="cs">http://www.orpha.net/consor/cgi-bin/OC_Exp.php?lng=cs&amp;Expert=251529</ExpertLink>
                <Name lang="cs">Embryofetopatie vázaná s drogami nebo léky</Name>
                <DisorderType id="36561">
                  <Name lang="cs">Kategorie</Name>
                </DisorderType>
              </Disorder>
              <ClassificationNodeChildList count="17">
                <ClassificationNode>
                  <Disorder id="25307">
                    <OrphaCode>485358</OrphaCode>
                    <ExpertLink lang="cs">http://www.orpha.net/consor/cgi-bin/OC_Exp.php?lng=cs&amp;Expert=485358</ExpertLink>
                    <Name lang="cs">Propylthiouracilová embryofetopatie</Name>
                    <DisorderType id="21401">
                      <Name lang="cs">Malformační syndrom</Name>
                    </DisorderType>
                  </Disorder>
                  <ClassificationNodeChildList count="0">
                  </ClassificationNodeChildList>
                </ClassificationNode>
                <ClassificationNode>
                  <Disorder id="1871">
                    <OrphaCode>1909</OrphaCode>
                    <ExpertLink lang="cs">http://www.orpha.net/consor/cgi-bin/OC_Exp.php?lng=cs&amp;Expert=1909</ExpertLink>
                    <Name lang="cs">Indometacinová embryofetopatie</Name>
                    <DisorderType id="21401">
                      <Name lang="cs">Malformační syndrom</Name>
                    </DisorderType>
                  </Disorder>
                  <ClassificationNodeChildList count="0">
                  </ClassificationNodeChildList>
                </ClassificationNode>
                <ClassificationNode>
                  <Disorder id="1870">
                    <OrphaCode>1908</OrphaCode>
                    <ExpertLink lang="cs">http://www.orpha.net/consor/cgi-bin/OC_Exp.php?lng=cs&amp;Expert=1908</ExpertLink>
                    <Name lang="cs">Aminopterinová/metotrexátová embryofetopatie</Name>
                    <DisorderType id="21401">
                      <Name lang="cs">Malformační syndrom</Name>
                    </DisorderType>
                  </Disorder>
                  <ClassificationNodeChildList count="0">
                  </ClassificationNodeChildList>
                </ClassificationNode>
                <ClassificationNode>
                  <Disorder id="22475">
                    <OrphaCode>370068</OrphaCode>
                    <ExpertLink lang="cs">http://www.orpha.net/consor/cgi-bin/OC_Exp.php?lng=cs&amp;Expert=370068</ExpertLink>
                    <Name lang="cs">Fetální antikonvulzivní syndrom</Name>
                    <DisorderType id="21436">
                      <Name lang="cs">Klinická skupina</Name>
                    </DisorderType>
                  </Disorder>
                  <ClassificationNodeChildList count="5">
                    <ClassificationNode>
                      <Disorder id="1875">
                        <OrphaCode>1912</OrphaCode>
                        <ExpertLink lang="cs">http://www.orpha.net/consor/cgi-bin/OC_Exp.php?lng=cs&amp;Expert=1912</ExpertLink>
                        <Name lang="cs">Fetální hydantoinový syndrom</Name>
                        <DisorderType id="21401">
                          <Name lang="cs">Malformační syndrom</Name>
                        </DisorderType>
                      </Disorder>
                      <ClassificationNodeChildList count="0">
                      </ClassificationNodeChildList>
                    </ClassificationNode>
                    <ClassificationNode>
                      <Disorder id="1876">
                        <OrphaCode>1913</OrphaCode>
                        <ExpertLink lang="cs">http://www.orpha.net/consor/cgi-bin/OC_Exp.php?lng=cs&amp;Expert=1913</ExpertLink>
                        <Name lang="cs">Fetální trimetadionový syndrom</Name>
                        <DisorderType id="21401">
                          <Name lang="cs">Malformační syndrom</Name>
                        </DisorderType>
                      </Disorder>
                      <ClassificationNodeChildList count="0">
                      </ClassificationNodeChildList>
                    </ClassificationNode>
                    <ClassificationNode>
                      <Disorder id="1881">
                        <OrphaCode>1919</OrphaCode>
                        <ExpertLink lang="cs">http://www.orpha.net/consor/cgi-bin/OC_Exp.php?lng=cs&amp;Expert=1919</ExpertLink>
                        <Name lang="cs">Fenobarbitalová embryopatie</Name>
                        <DisorderType id="21401">
                          <Name lang="cs">Malformační syndrom</Name>
                        </DisorderType>
                      </Disorder>
                      <ClassificationNodeChildList count="0">
                      </ClassificationNodeChildList>
                    </ClassificationNode>
                    <ClassificationNode>
                      <Disorder id="1868">
                        <OrphaCode>1906</OrphaCode>
                        <ExpertLink lang="cs">http://www.orpha.net/consor/cgi-bin/OC_Exp.php?lng=cs&amp;Expert=1906</ExpertLink>
                        <Name lang="cs">Fetální valproátový syndrom</Name>
                        <DisorderType id="21401">
                          <Name lang="cs">Malformační syndrom</Name>
                        </DisorderType>
                      </Disorder>
                      <ClassificationNodeChildList count="0">
                      </ClassificationNodeChildList>
                    </ClassificationNode>
                    <ClassificationNode>
                      <Disorder id="22476">
                        <OrphaCode>370076</OrphaCode>
                        <ExpertLink lang="cs">http://www.orpha.net/consor/cgi-bin/OC_Exp.php?lng=cs&amp;Expert=370076</ExpertLink>
                        <Name lang="cs">Fetální karbamazepinový syndrom</Name>
                        <DisorderType id="21401">
                          <Name lang="cs">Malformační syndrom</Name>
                        </DisorderType>
                      </Disorder>
                      <ClassificationNodeChildList count="0">
                      </ClassificationNodeChildList>
                    </ClassificationNode>
                  </ClassificationNodeChildList>
                </ClassificationNode>
                <ClassificationNode>
                  <Disorder id="487">
                    <OrphaCode>1915</OrphaCode>
                    <ExpertLink lang="cs">http://www.orpha.net/consor/cgi-bin/OC_Exp.php?lng=cs&amp;Expert=1915</ExpertLink>
                    <Name lang="cs">Fetální alkoholový syndrom</Name>
                    <DisorderType id="21401">
                      <Name lang="cs">Malformační syndrom</Name>
                    </DisorderType>
                  </Disorder>
                  <ClassificationNodeChildList count="0">
                  </ClassificationNodeChildList>
                </ClassificationNode>
                <ClassificationNode>
                  <Disorder id="1885">
                    <OrphaCode>1923</OrphaCode>
                    <ExpertLink lang="cs">http://www.orpha.net/consor/cgi-bin/OC_Exp.php?lng=cs&amp;Expert=1923</ExpertLink>
                    <Name lang="cs">Methimazolová embryopatie</Name>
                    <DisorderType id="21401">
                      <Name lang="cs">Malformační syndrom</Name>
                    </DisorderType>
                  </Disorder>
                  <ClassificationNodeChildList count="0">
                  </ClassificationNodeChildList>
                </ClassificationNode>
                <ClassificationNode>
                  <Disorder id="2943">
                    <OrphaCode>3312</OrphaCode>
                    <ExpertLink lang="cs">http://www.orpha.net/consor/cgi-bin/OC_Exp.php?lng=cs&amp;Expert=3312</ExpertLink>
                    <Name lang="cs">Thalidomidová embryopatie</Name>
                    <DisorderType id="21401">
                      <Name lang="cs">Malformační syndrom</Name>
                    </DisorderType>
                  </Disorder>
                  <ClassificationNodeChildList count="0">
                  </ClassificationNodeChildList>
                </ClassificationNode>
                <ClassificationNode>
                  <Disorder id="1877">
                    <OrphaCode>1914</OrphaCode>
                    <ExpertLink lang="cs">http://www.orpha.net/consor/cgi-bin/OC_Exp.php?lng=cs&amp;Expert=1914</ExpertLink>
                    <Name lang="cs">Embryofetopatie způsobená terapií orálními antikoagulancii</Name>
                    <DisorderType id="21401">
                      <Name lang="cs">Malformační syndrom</Name>
                    </DisorderType>
                  </Disorder>
                  <ClassificationNodeChildList count="0">
                  </ClassificationNodeChildList>
                </ClassificationNode>
                <ClassificationNode>
                  <Disorder id="10462">
                    <OrphaCode>40366</OrphaCode>
                    <ExpertLink lang="cs">http://www.orpha.net/consor/cgi-bin/OC_Exp.php?lng=cs&amp;Expert=40366</ExpertLink>
                    <Name lang="cs">Acitretinová/etretinátová embryopatie</Name>
                    <DisorderType id="21401">
                      <Name lang="cs">Malformační syndrom</Name>
                    </DisorderType>
                  </Disorder>
                  <ClassificationNodeChildList count="0">
                  </ClassificationNodeChildList>
                </ClassificationNode>
                <ClassificationNode>
                  <Disorder id="1874">
                    <OrphaCode>1918</OrphaCode>
                    <ExpertLink lang="cs">http://www.orpha.net/consor/cgi-bin/OC_Exp.php?lng=cs&amp;Expert=1918</ExpertLink>
                    <Name lang="cs">Fetální minoxidilový syndrom</Name>
                    <DisorderType id="21401">
                      <Name lang="cs">Malformační syndrom</Name>
                    </DisorderType>
                  </Disorder>
                  <ClassificationNodeChildList count="0">
                  </ClassificationNodeChildList>
                </ClassificationNode>
                <ClassificationNode>
                  <Disorder id="1879">
                    <OrphaCode>1916</OrphaCode>
                    <ExpertLink lang="cs">http://www.orpha.net/consor/cgi-bin/OC_Exp.php?lng=cs&amp;Expert=1916</ExpertLink>
                    <Name lang="cs">Diethylstilbestrolový syndrom</Name>
                    <DisorderType id="21401">
                      <Name lang="cs">Malformační syndrom</Name>
                    </DisorderType>
                  </Disorder>
                  <ClassificationNodeChildList count="0">
                  </ClassificationNodeChildList>
                </ClassificationNode>
                <ClassificationNode>
                  <Disorder id="1872">
                    <OrphaCode>1910</OrphaCode>
                    <ExpertLink lang="cs">http://www.orpha.net/consor/cgi-bin/OC_Exp.php?lng=cs&amp;Expert=1910</ExpertLink>
                    <Name lang="cs">Fetální jodový syndrom</Name>
                    <DisorderType id="21401">
                      <Name lang="cs">Malformační syndrom</Name>
                    </DisorderType>
                  </Disorder>
                  <ClassificationNodeChildList count="0">
                  </ClassificationNodeChildList>
                </ClassificationNode>
                <ClassificationNode>
                  <Disorder id="2166">
                    <OrphaCode>2305</OrphaCode>
                    <ExpertLink lang="cs">http://www.orpha.net/consor/cgi-bin/OC_Exp.php?lng=cs&amp;Expert=2305</ExpertLink>
                    <Name lang="cs">Izotretinoinový syndrom</Name>
                    <DisorderType id="21401">
                      <Name lang="cs">Malformační syndrom</Name>
                    </DisorderType>
                  </Disorder>
                  <ClassificationNodeChildList count="0">
                  </ClassificationNodeChildList>
                </ClassificationNode>
                <ClassificationNode>
                  <Disorder id="20172">
                    <OrphaCode>268249</OrphaCode>
                    <ExpertLink lang="cs">http://www.orpha.net/consor/cgi-bin/OC_Exp.php?lng=cs&amp;Expert=268249</ExpertLink>
                    <Name lang="cs">Mykofenolátová embryopatie</Name>
                    <DisorderType id="21401">
                      <Name lang="cs">Malformační syndrom</Name>
                    </DisorderType>
                  </Disorder>
                  <ClassificationNodeChildList count="0">
                  </ClassificationNodeChildList>
                </ClassificationNode>
                <ClassificationNode>
                  <Disorder id="1873">
                    <OrphaCode>1911</OrphaCode>
                    <ExpertLink lang="cs">http://www.orpha.net/consor/cgi-bin/OC_Exp.php?lng=cs&amp;Expert=1911</ExpertLink>
                    <Name lang="cs">Kokainová embryofetopatie</Name>
                    <DisorderType id="21401">
                      <Name lang="cs">Malformační syndrom</Name>
                    </DisorderType>
                  </Disorder>
                  <ClassificationNodeChildList count="0">
                  </ClassificationNodeChildList>
                </ClassificationNode>
                <ClassificationNode>
                  <Disorder id="1880">
                    <OrphaCode>1917</OrphaCode>
                    <ExpertLink lang="cs">http://www.orpha.net/consor/cgi-bin/OC_Exp.php?lng=cs&amp;Expert=1917</ExpertLink>
                    <Name lang="cs">Fetální metylrtuťový syndrom</Name>
                    <DisorderType id="21401">
                      <Name lang="cs">Malformační syndrom</Name>
                    </DisorderType>
                  </Disorder>
                  <ClassificationNodeChildList count="0">
                  </ClassificationNodeChildList>
                </ClassificationNode>
                <ClassificationNode>
                  <Disorder id="1882">
                    <OrphaCode>1920</OrphaCode>
                    <ExpertLink lang="cs">http://www.orpha.net/consor/cgi-bin/OC_Exp.php?lng=cs&amp;Expert=1920</ExpertLink>
                    <Name lang="cs">Toluenová embryopatie</Name>
                    <DisorderType id="21401">
                      <Name lang="cs">Malformační syndrom</Name>
                    </DisorderType>
                  </Disorder>
                  <ClassificationNodeChildList count="0">
                  </ClassificationNodeChildList>
                </ClassificationNode>
              </ClassificationNodeChildList>
            </ClassificationNode>
            <ClassificationNode>
              <Disorder id="28137">
                <OrphaCode>556508</OrphaCode>
                <ExpertLink lang="cs">http://www.orpha.net/consor/cgi-bin/OC_Exp.php?lng=cs&amp;Expert=556508</ExpertLink>
                <Name lang="cs">Vzácné onemocnění v důsledku otravy</Name>
                <DisorderType id="36561">
                  <Name lang="cs">Kategorie</Name>
                </DisorderType>
              </Disorder>
              <ClassificationNodeChildList count="18">
                <ClassificationNode>
                  <Disorder id="28676">
                    <OrphaCode>570470</OrphaCode>
                    <ExpertLink lang="cs">http://www.orpha.net/consor/cgi-bin/OC_Exp.php?lng=cs&amp;Expert=570470</ExpertLink>
                    <Name lang="cs">Otrava ricinem</Name>
                    <DisorderType id="21394">
                      <Name lang="cs">Onemocnění</Name>
                    </DisorderType>
                  </Disorder>
                  <ClassificationNodeChildList count="0">
                  </ClassificationNodeChildList>
                </ClassificationNode>
                <ClassificationNode>
                  <Disorder id="9797">
                    <OrphaCode>31825</OrphaCode>
                    <ExpertLink lang="cs">http://www.orpha.net/consor/cgi-bin/OC_Exp.php?lng=cs&amp;Expert=31825</ExpertLink>
                    <Name lang="cs">Otrava metanolem</Name>
                    <DisorderType id="21394">
                      <Name lang="cs">Onemocnění</Name>
                    </DisorderType>
                  </Disorder>
                  <ClassificationNodeChildList count="0">
                  </ClassificationNodeChildList>
                </ClassificationNode>
                <ClassificationNode>
                  <Disorder id="9798">
                    <OrphaCode>31826</OrphaCode>
                    <ExpertLink lang="cs">http://www.orpha.net/consor/cgi-bin/OC_Exp.php?lng=cs&amp;Expert=31826</ExpertLink>
                    <Name lang="cs">Otrava ethylenglykolem</Name>
                    <DisorderType id="21394">
                      <Name lang="cs">Onemocnění</Name>
                    </DisorderType>
                  </Disorder>
                  <ClassificationNodeChildList count="0">
                  </ClassificationNodeChildList>
                </ClassificationNode>
                <ClassificationNode>
                  <Disorder id="9799">
                    <OrphaCode>31827</OrphaCode>
                    <ExpertLink lang="cs">http://www.orpha.net/consor/cgi-bin/OC_Exp.php?lng=cs&amp;Expert=31827</ExpertLink>
                    <Name lang="cs">Otrava paraquatem</Name>
                    <DisorderType id="21394">
                      <Name lang="cs">Onemocnění</Name>
                    </DisorderType>
                  </Disorder>
                  <ClassificationNodeChildList count="0">
                  </ClassificationNodeChildList>
                </ClassificationNode>
                <ClassificationNode>
                  <Disorder id="10404">
                    <OrphaCode>35889</OrphaCode>
                    <ExpertLink lang="cs">http://www.orpha.net/consor/cgi-bin/OC_Exp.php?lng=cs&amp;Expert=35889</ExpertLink>
                    <Name lang="cs">Akutní intoxikace opiáty</Name>
                    <DisorderType id="21394">
                      <Name lang="cs">Onemocnění</Name>
                    </DisorderType>
                  </Disorder>
                  <ClassificationNodeChildList count="0">
                  </ClassificationNodeChildList>
                </ClassificationNode>
                <ClassificationNode>
                  <Disorder id="10795">
                    <OrphaCode>60014</OrphaCode>
                    <ExpertLink lang="cs">http://www.orpha.net/consor/cgi-bin/OC_Exp.php?lng=cs&amp;Expert=60014</ExpertLink>
                    <Name lang="cs">Argyrie</Name>
                    <DisorderType id="21394">
                      <Name lang="cs">Onemocnění</Name>
                    </DisorderType>
                  </Disorder>
                  <ClassificationNodeChildList count="0">
                  </ClassificationNodeChildList>
                </ClassificationNode>
                <ClassificationNode>
                  <Disorder id="11054">
                    <OrphaCode>73423</OrphaCode>
                    <ExpertLink lang="cs">http://www.orpha.net/consor/cgi-bin/OC_Exp.php?lng=cs&amp;Expert=73423</ExpertLink>
                    <Name lang="cs">Akutní intoxikace ovocem ackee</Name>
                    <DisorderType id="21394">
                      <Name lang="cs">Onemocnění</Name>
                    </DisorderType>
                  </Disorder>
                  <ClassificationNodeChildList count="0">
                  </ClassificationNodeChildList>
                </ClassificationNode>
                <ClassificationNode>
                  <Disorder id="11959">
                    <OrphaCode>90068</OrphaCode>
                    <ExpertLink lang="cs">http://www.orpha.net/consor/cgi-bin/OC_Exp.php?lng=cs&amp;Expert=90068</ExpertLink>
                    <Name lang="cs">Intoxikace kokainem</Name>
                    <DisorderType id="21394">
                      <Name lang="cs">Onemocnění</Name>
                    </DisorderType>
                  </Disorder>
                  <ClassificationNodeChildList count="0">
                  </ClassificationNodeChildList>
                </ClassificationNode>
                <ClassificationNode>
                  <Disorder id="11960">
                    <OrphaCode>90069</OrphaCode>
                    <ExpertLink lang="cs">http://www.orpha.net/consor/cgi-bin/OC_Exp.php?lng=cs&amp;Expert=90069</ExpertLink>
                    <Name lang="cs">Systémová otrava monochlóracetátem</Name>
                    <DisorderType id="21394">
                      <Name lang="cs">Onemocnění</Name>
                    </DisorderType>
                  </Disorder>
                  <ClassificationNodeChildList count="0">
                  </ClassificationNodeChildList>
                </ClassificationNode>
                <ClassificationNode>
                  <Disorder id="19057">
                    <OrphaCode>227972</OrphaCode>
                    <ExpertLink lang="cs">http://www.orpha.net/consor/cgi-bin/OC_Exp.php?lng=cs&amp;Expert=227972</ExpertLink>
                    <Name lang="cs">Syndrom toxického oleje</Name>
                    <DisorderType id="21394">
                      <Name lang="cs">Onemocnění</Name>
                    </DisorderType>
                  </Disorder>
                  <ClassificationNodeChildList count="0">
                  </ClassificationNodeChildList>
                </ClassificationNode>
                <ClassificationNode>
                  <Disorder id="19510">
                    <OrphaCode>247165</OrphaCode>
                    <ExpertLink lang="cs">http://www.orpha.net/consor/cgi-bin/OC_Exp.php?lng=cs&amp;Expert=247165</ExpertLink>
                    <Name lang="cs">Infantilní otrava rtutí</Name>
                    <DisorderType id="21394">
                      <Name lang="cs">Onemocnění</Name>
                    </DisorderType>
                  </Disorder>
                  <ClassificationNodeChildList count="0">
                  </ClassificationNodeChildList>
                </ClassificationNode>
                <ClassificationNode>
                  <Disorder id="21251">
                    <OrphaCode>306682</OrphaCode>
                    <ExpertLink lang="cs">http://www.orpha.net/consor/cgi-bin/OC_Exp.php?lng=cs&amp;Expert=306682</ExpertLink>
                    <Name lang="cs">Otrava manganem</Name>
                    <DisorderType id="21394">
                      <Name lang="cs">Onemocnění</Name>
                    </DisorderType>
                  </Disorder>
                  <ClassificationNodeChildList count="0">
                  </ClassificationNodeChildList>
                </ClassificationNode>
                <ClassificationNode>
                  <Disorder id="21252">
                    <OrphaCode>306686</OrphaCode>
                    <ExpertLink lang="cs">http://www.orpha.net/consor/cgi-bin/OC_Exp.php?lng=cs&amp;Expert=306686</ExpertLink>
                    <Name lang="cs">Parkinsonismus indukovaný oxidem uhelnatým</Name>
                    <DisorderType id="21394">
                      <Name lang="cs">Onemocnění</Name>
                    </DisorderType>
                  </Disorder>
                  <ClassificationNodeChildList count="0">
                  </ClassificationNodeChildList>
                </ClassificationNode>
                <ClassificationNode>
                  <Disorder id="21253">
                    <OrphaCode>306692</OrphaCode>
                    <ExpertLink lang="cs">http://www.orpha.net/consor/cgi-bin/OC_Exp.php?lng=cs&amp;Expert=306692</ExpertLink>
                    <Name lang="cs">Parkinsonismus indukovaný kyanidem</Name>
                    <DisorderType id="21394">
                      <Name lang="cs">Onemocnění</Name>
                    </DisorderType>
                  </Disorder>
                  <ClassificationNodeChildList count="0">
                  </ClassificationNodeChildList>
                </ClassificationNode>
                <ClassificationNode>
                  <Disorder id="21959">
                    <OrphaCode>330015</OrphaCode>
                    <ExpertLink lang="cs">http://www.orpha.net/consor/cgi-bin/OC_Exp.php?lng=cs&amp;Expert=330015</ExpertLink>
                    <Name lang="cs">Otrava olovem</Name>
                    <DisorderType id="21394">
                      <Name lang="cs">Onemocnění</Name>
                    </DisorderType>
                  </Disorder>
                  <ClassificationNodeChildList count="0">
                  </ClassificationNodeChildList>
                </ClassificationNode>
                <ClassificationNode>
                  <Disorder id="21960">
                    <OrphaCode>330021</OrphaCode>
                    <ExpertLink lang="cs">http://www.orpha.net/consor/cgi-bin/OC_Exp.php?lng=cs&amp;Expert=330021</ExpertLink>
                    <Name lang="cs">Otrava rtutí</Name>
                    <DisorderType id="21394">
                      <Name lang="cs">Onemocnění</Name>
                    </DisorderType>
                  </Disorder>
                  <ClassificationNodeChildList count="0">
                  </ClassificationNodeChildList>
                </ClassificationNode>
                <ClassificationNode>
                  <Disorder id="23615">
                    <OrphaCode>449285</OrphaCode>
                    <ExpertLink lang="cs">http://www.orpha.net/consor/cgi-bin/OC_Exp.php?lng=cs&amp;Expert=449285</ExpertLink>
                    <Name lang="cs">Otrava hadím uštknutím</Name>
                    <DisorderType id="21394">
                      <Name lang="cs">Onemocnění</Name>
                    </DisorderType>
                  </Disorder>
                  <ClassificationNodeChildList count="0">
                  </ClassificationNodeChildList>
                </ClassificationNode>
                <ClassificationNode>
                  <Disorder id="24156">
                    <OrphaCode>466677</OrphaCode>
                    <ExpertLink lang="cs">http://www.orpha.net/consor/cgi-bin/OC_Exp.php?lng=cs&amp;Expert=466677</ExpertLink>
                    <Name lang="cs">Bodnutí štírem</Name>
                    <DisorderType id="21394">
                      <Name lang="cs">Onemocnění</Name>
                    </DisorderType>
                  </Disorder>
                  <ClassificationNodeChildList count="0">
                  </ClassificationNodeChildList>
                </ClassificationNode>
              </ClassificationNodeChildList>
            </ClassificationNode>
          </ClassificationNodeChildList>
        </ClassificationNode>
      </ClassificationNodeRootList>
    </Classification>
  </ClassificationList>
</JDBOR>
