<?xml version="1.0" encoding="ISO-8859-1"?>
<JDBOR ExtractionDate="2024-06-27 12:45:00" version="1.3.29 / 4.1.7 [2023-08-02] (orientdb version)" copyright="Orphanet (c) 2024" dbserver="jdbc:sybase:Tds:canard.orpha.net:2020">
  <Availability> 
    <Licence>
      <FullName lang="en">Creative Commons Attribution 4.0 International</FullName>
      <ShortIdentifier>CC-BY-4.0</ShortIdentifier>
      <LegalCode>https://creativecommons.org/licenses/by/4.0/legalcode</LegalCode>
    </Licence>
  </Availability>
  <ClassificationList count="1">
    <Classification id="231">
      <OrphaNumber>280338</OrphaNumber>
      <Name lang="en">Orphanet classification of rare systemic or rheumatologic diseases of childhood</Name>
      <ClassificationNodeRootList count="1">
        <ClassificationNode>
          <Disorder id="20456">
            <OrphaCode>280342</OrphaCode>
            <ExpertLink lang="en">http://www.orpha.net/consor/cgi-bin/OC_Exp.php?lng=en&amp;Expert=280342</ExpertLink>
            <Name lang="en">Rare systemic or rheumatological disease of childhood</Name>
            <DisorderType id="36561">
              <Name lang="en">Category</Name>
            </DisorderType>
          </Disorder>
          <ClassificationNodeChildList count="3">
            <ClassificationNode>
              <Disorder id="20461">
                <OrphaCode>280369</OrphaCode>
                <ExpertLink lang="en">http://www.orpha.net/consor/cgi-bin/OC_Exp.php?lng=en&amp;Expert=280369</ExpertLink>
                <Name lang="en">Rare pediatric vasculitis</Name>
                <DisorderType id="36561">
                  <Name lang="en">Category</Name>
                </DisorderType>
              </Disorder>
              <ClassificationNodeChildList count="11">
                <ClassificationNode>
                  <Disorder id="749">
                    <OrphaCode>761</OrphaCode>
                    <ExpertLink lang="en">http://www.orpha.net/consor/cgi-bin/OC_Exp.php?lng=en&amp;Expert=761</ExpertLink>
                    <Name lang="en">Immunoglobulin A vasculitis</Name>
                    <DisorderType id="21394">
                      <Name lang="en">Disease</Name>
                    </DisorderType>
                  </Disorder>
                  <ClassificationNodeChildList count="0">
                  </ClassificationNodeChildList>
                </ClassificationNode>
                <ClassificationNode>
                  <Disorder id="788">
                    <OrphaCode>2331</OrphaCode>
                    <ExpertLink lang="en">http://www.orpha.net/consor/cgi-bin/OC_Exp.php?lng=en&amp;Expert=2331</ExpertLink>
                    <Name lang="en">Kawasaki disease</Name>
                    <DisorderType id="21394">
                      <Name lang="en">Disease</Name>
                    </DisorderType>
                  </Disorder>
                  <ClassificationNodeChildList count="0">
                  </ClassificationNodeChildList>
                </ClassificationNode>
                <ClassificationNode>
                  <Disorder id="806">
                    <OrphaCode>3287</OrphaCode>
                    <ExpertLink lang="en">http://www.orpha.net/consor/cgi-bin/OC_Exp.php?lng=en&amp;Expert=3287</ExpertLink>
                    <Name lang="en">Takayasu arteritis</Name>
                    <DisorderType id="21394">
                      <Name lang="en">Disease</Name>
                    </DisorderType>
                  </Disorder>
                  <ClassificationNodeChildList count="0">
                  </ClassificationNodeChildList>
                </ClassificationNode>
                <ClassificationNode>
                  <Disorder id="3333">
                    <OrphaCode>1467</OrphaCode>
                    <ExpertLink lang="en">http://www.orpha.net/consor/cgi-bin/OC_Exp.php?lng=en&amp;Expert=1467</ExpertLink>
                    <Name lang="en">Cogan syndrome</Name>
                    <DisorderType id="21394">
                      <Name lang="en">Disease</Name>
                    </DisorderType>
                  </Disorder>
                  <ClassificationNodeChildList count="0">
                  </ClassificationNodeChildList>
                </ClassificationNode>
                <ClassificationNode>
                  <Disorder id="10428">
                    <OrphaCode>36412</OrphaCode>
                    <ExpertLink lang="en">http://www.orpha.net/consor/cgi-bin/OC_Exp.php?lng=en&amp;Expert=36412</ExpertLink>
                    <Name lang="en">Hypocomplementemic urticarial vasculitis</Name>
                    <DisorderType id="21394">
                      <Name lang="en">Disease</Name>
                    </DisorderType>
                  </Disorder>
                  <ClassificationNodeChildList count="0">
                  </ClassificationNodeChildList>
                </ClassificationNode>
                <ClassificationNode>
                  <Disorder id="12115">
                    <OrphaCode>91138</OrphaCode>
                    <ExpertLink lang="en">http://www.orpha.net/consor/cgi-bin/OC_Exp.php?lng=en&amp;Expert=91138</ExpertLink>
                    <Name lang="en">Cryoglobulinemic vasculitis</Name>
                    <DisorderType id="21394">
                      <Name lang="en">Disease</Name>
                    </DisorderType>
                  </Disorder>
                  <ClassificationNodeChildList count="2">
                    <ClassificationNode>
                      <Disorder id="12396">
                        <OrphaCode>93554</OrphaCode>
                        <ExpertLink lang="en">http://www.orpha.net/consor/cgi-bin/OC_Exp.php?lng=en&amp;Expert=93554</ExpertLink>
                        <Name lang="en">Mixed cryoglobulinemia type II</Name>
                        <DisorderType id="21443">
                          <Name lang="en">Etiological subtype</Name>
                        </DisorderType>
                      </Disorder>
                      <ClassificationNodeChildList count="0">
                      </ClassificationNodeChildList>
                    </ClassificationNode>
                    <ClassificationNode>
                      <Disorder id="12397">
                        <OrphaCode>93555</OrphaCode>
                        <ExpertLink lang="en">http://www.orpha.net/consor/cgi-bin/OC_Exp.php?lng=en&amp;Expert=93555</ExpertLink>
                        <Name lang="en">Mixed cryoglobulinemia type III</Name>
                        <DisorderType id="21443">
                          <Name lang="en">Etiological subtype</Name>
                        </DisorderType>
                      </Disorder>
                      <ClassificationNodeChildList count="0">
                      </ClassificationNodeChildList>
                    </ClassificationNode>
                  </ClassificationNodeChildList>
                </ClassificationNode>
                <ClassificationNode>
                  <Disorder id="17099">
                    <OrphaCode>156152</OrphaCode>
                    <ExpertLink lang="en">http://www.orpha.net/consor/cgi-bin/OC_Exp.php?lng=en&amp;Expert=156152</ExpertLink>
                    <Name lang="en">Anti-neutrophil cytoplasmic antibody-associated vasculitis</Name>
                    <DisorderType id="21436">
                      <Name lang="en">Clinical group</Name>
                    </DisorderType>
                  </Disorder>
                  <ClassificationNodeChildList count="3">
                    <ClassificationNode>
                      <Disorder id="745">
                        <OrphaCode>183</OrphaCode>
                        <ExpertLink lang="en">http://www.orpha.net/consor/cgi-bin/OC_Exp.php?lng=en&amp;Expert=183</ExpertLink>
                        <Name lang="en">Eosinophilic granulomatosis with polyangiitis</Name>
                        <DisorderType id="21394">
                          <Name lang="en">Disease</Name>
                        </DisorderType>
                      </Disorder>
                      <ClassificationNodeChildList count="0">
                      </ClassificationNodeChildList>
                    </ClassificationNode>
                    <ClassificationNode>
                      <Disorder id="753">
                        <OrphaCode>727</OrphaCode>
                        <ExpertLink lang="en">http://www.orpha.net/consor/cgi-bin/OC_Exp.php?lng=en&amp;Expert=727</ExpertLink>
                        <Name lang="en">Microscopic polyangiitis</Name>
                        <DisorderType id="21394">
                          <Name lang="en">Disease</Name>
                        </DisorderType>
                      </Disorder>
                      <ClassificationNodeChildList count="0">
                      </ClassificationNodeChildList>
                    </ClassificationNode>
                    <ClassificationNode>
                      <Disorder id="759">
                        <OrphaCode>900</OrphaCode>
                        <ExpertLink lang="en">http://www.orpha.net/consor/cgi-bin/OC_Exp.php?lng=en&amp;Expert=900</ExpertLink>
                        <Name lang="en">Granulomatosis with polyangiitis</Name>
                        <DisorderType id="21394">
                          <Name lang="en">Disease</Name>
                        </DisorderType>
                      </Disorder>
                      <ClassificationNodeChildList count="0">
                      </ClassificationNodeChildList>
                    </ClassificationNode>
                  </ClassificationNodeChildList>
                </ClassificationNode>
                <ClassificationNode>
                  <Disorder id="19629">
                    <OrphaCode>251328</OrphaCode>
                    <ExpertLink lang="en">http://www.orpha.net/consor/cgi-bin/OC_Exp.php?lng=en&amp;Expert=251328</ExpertLink>
                    <Name lang="en">Unclassified vasculitis</Name>
                    <DisorderType id="21394">
                      <Name lang="en">Disease</Name>
                    </DisorderType>
                  </Disorder>
                  <ClassificationNodeChildList count="0">
                  </ClassificationNodeChildList>
                </ClassificationNode>
                <ClassificationNode>
                  <Disorder id="23521">
                    <OrphaCode>445197</OrphaCode>
                    <ExpertLink lang="en">http://www.orpha.net/consor/cgi-bin/OC_Exp.php?lng=en&amp;Expert=445197</ExpertLink>
                    <Name lang="en">Secondary vasculitis</Name>
                    <DisorderType id="36561">
                      <Name lang="en">Category</Name>
                    </DisorderType>
                  </Disorder>
                  <ClassificationNodeChildList count="2">
                    <ClassificationNode>
                      <Disorder id="10626">
                        <OrphaCode>48435</OrphaCode>
                        <ExpertLink lang="en">http://www.orpha.net/consor/cgi-bin/OC_Exp.php?lng=en&amp;Expert=48435</ExpertLink>
                        <Name lang="en">Postinfectious vasculitis</Name>
                        <DisorderType id="21394">
                          <Name lang="en">Disease</Name>
                        </DisorderType>
                      </Disorder>
                      <ClassificationNodeChildList count="0">
                      </ClassificationNodeChildList>
                    </ClassificationNode>
                    <ClassificationNode>
                      <Disorder id="19628">
                        <OrphaCode>251325</OrphaCode>
                        <ExpertLink lang="en">http://www.orpha.net/consor/cgi-bin/OC_Exp.php?lng=en&amp;Expert=251325</ExpertLink>
                        <Name lang="en">Drug-induced vasculitis</Name>
                        <DisorderType id="21394">
                          <Name lang="en">Disease</Name>
                        </DisorderType>
                      </Disorder>
                      <ClassificationNodeChildList count="0">
                      </ClassificationNodeChildList>
                    </ClassificationNode>
                  </ClassificationNodeChildList>
                </ClassificationNode>
                <ClassificationNode>
                  <Disorder id="22938">
                    <OrphaCode>404553</OrphaCode>
                    <ExpertLink lang="en">http://www.orpha.net/consor/cgi-bin/OC_Exp.php?lng=en&amp;Expert=404553</ExpertLink>
                    <Name lang="en">Adenosine deaminase 2 deficiency</Name>
                    <DisorderType id="21394">
                      <Name lang="en">Disease</Name>
                    </DisorderType>
                  </Disorder>
                  <ClassificationNodeChildList count="0">
                  </ClassificationNodeChildList>
                </ClassificationNode>
                <ClassificationNode>
                  <Disorder id="23209">
                    <OrphaCode>425120</OrphaCode>
                    <ExpertLink lang="en">http://www.orpha.net/consor/cgi-bin/OC_Exp.php?lng=en&amp;Expert=425120</ExpertLink>
                    <Name lang="en">STING-associated vasculopathy with onset in infancy</Name>
                    <DisorderType id="21394">
                      <Name lang="en">Disease</Name>
                    </DisorderType>
                  </Disorder>
                  <ClassificationNodeChildList count="0">
                  </ClassificationNodeChildList>
                </ClassificationNode>
              </ClassificationNodeChildList>
            </ClassificationNode>
            <ClassificationNode>
              <Disorder id="20462">
                <OrphaCode>280373</OrphaCode>
                <ExpertLink lang="en">http://www.orpha.net/consor/cgi-bin/OC_Exp.php?lng=en&amp;Expert=280373</ExpertLink>
                <Name lang="en">Rare pediatric systemic disease</Name>
                <DisorderType id="36561">
                  <Name lang="en">Category</Name>
                </DisorderType>
              </Disorder>
              <ClassificationNodeChildList count="13">
                <ClassificationNode>
                  <Disorder id="12002">
                    <OrphaCode>90291</OrphaCode>
                    <ExpertLink lang="en">http://www.orpha.net/consor/cgi-bin/OC_Exp.php?lng=en&amp;Expert=90291</ExpertLink>
                    <Name lang="en">Systemic sclerosis</Name>
                    <DisorderType id="21394">
                      <Name lang="en">Disease</Name>
                    </DisorderType>
                  </Disorder>
                  <ClassificationNodeChildList count="3">
                    <ClassificationNode>
                      <Disorder id="18906">
                        <OrphaCode>220402</OrphaCode>
                        <ExpertLink lang="en">http://www.orpha.net/consor/cgi-bin/OC_Exp.php?lng=en&amp;Expert=220402</ExpertLink>
                        <Name lang="en">Limited cutaneous systemic sclerosis</Name>
                        <DisorderType id="21450">
                          <Name lang="en">Clinical subtype</Name>
                        </DisorderType>
                      </Disorder>
                      <ClassificationNodeChildList count="0">
                      </ClassificationNodeChildList>
                    </ClassificationNode>
                    <ClassificationNode>
                      <Disorder id="18907">
                        <OrphaCode>220407</OrphaCode>
                        <ExpertLink lang="en">http://www.orpha.net/consor/cgi-bin/OC_Exp.php?lng=en&amp;Expert=220407</ExpertLink>
                        <Name lang="en">Limited systemic sclerosis</Name>
                        <DisorderType id="21450">
                          <Name lang="en">Clinical subtype</Name>
                        </DisorderType>
                      </Disorder>
                      <ClassificationNodeChildList count="0">
                      </ClassificationNodeChildList>
                    </ClassificationNode>
                    <ClassificationNode>
                      <Disorder id="18905">
                        <OrphaCode>220393</OrphaCode>
                        <ExpertLink lang="en">http://www.orpha.net/consor/cgi-bin/OC_Exp.php?lng=en&amp;Expert=220393</ExpertLink>
                        <Name lang="en">Diffuse cutaneous systemic sclerosis</Name>
                        <DisorderType id="21450">
                          <Name lang="en">Clinical subtype</Name>
                        </DisorderType>
                      </Disorder>
                      <ClassificationNodeChildList count="0">
                      </ClassificationNodeChildList>
                    </ClassificationNode>
                  </ClassificationNodeChildList>
                </ClassificationNode>
                <ClassificationNode>
                  <Disorder id="19630">
                    <OrphaCode>251332</OrphaCode>
                    <ExpertLink lang="en">http://www.orpha.net/consor/cgi-bin/OC_Exp.php?lng=en&amp;Expert=251332</ExpertLink>
                    <Name lang="en">Unexplained long-lasting fever/inflammatory syndrome</Name>
                    <DisorderType id="21394">
                      <Name lang="en">Disease</Name>
                    </DisorderType>
                  </Disorder>
                  <ClassificationNodeChildList count="0">
                  </ClassificationNodeChildList>
                </ClassificationNode>
                <ClassificationNode>
                  <Disorder id="735">
                    <OrphaCode>797</OrphaCode>
                    <ExpertLink lang="en">http://www.orpha.net/consor/cgi-bin/OC_Exp.php?lng=en&amp;Expert=797</ExpertLink>
                    <Name lang="en">Sarcoidosis</Name>
                    <DisorderType id="21394">
                      <Name lang="en">Disease</Name>
                    </DisorderType>
                  </Disorder>
                  <ClassificationNodeChildList count="0">
                  </ClassificationNodeChildList>
                </ClassificationNode>
                <ClassificationNode>
                  <Disorder id="755">
                    <OrphaCode>3165</OrphaCode>
                    <ExpertLink lang="en">http://www.orpha.net/consor/cgi-bin/OC_Exp.php?lng=en&amp;Expert=3165</ExpertLink>
                    <Name lang="en">Eosinophilic fasciitis</Name>
                    <DisorderType id="21394">
                      <Name lang="en">Disease</Name>
                    </DisorderType>
                  </Disorder>
                  <ClassificationNodeChildList count="0">
                  </ClassificationNodeChildList>
                </ClassificationNode>
                <ClassificationNode>
                  <Disorder id="12394">
                    <OrphaCode>93552</OrphaCode>
                    <ExpertLink lang="en">http://www.orpha.net/consor/cgi-bin/OC_Exp.php?lng=en&amp;Expert=93552</ExpertLink>
                    <Name lang="en">Pediatric systemic lupus erythematosus</Name>
                    <DisorderType id="21394">
                      <Name lang="en">Disease</Name>
                    </DisorderType>
                  </Disorder>
                  <ClassificationNodeChildList count="0">
                  </ClassificationNodeChildList>
                </ClassificationNode>
                <ClassificationNode>
                  <Disorder id="12410">
                    <OrphaCode>93568</OrphaCode>
                    <ExpertLink lang="en">http://www.orpha.net/consor/cgi-bin/OC_Exp.php?lng=en&amp;Expert=93568</ExpertLink>
                    <Name lang="en">Juvenile polymyositis</Name>
                    <DisorderType id="21394">
                      <Name lang="en">Disease</Name>
                    </DisorderType>
                  </Disorder>
                  <ClassificationNodeChildList count="0">
                  </ClassificationNodeChildList>
                </ClassificationNode>
                <ClassificationNode>
                  <Disorder id="12464">
                    <OrphaCode>93672</OrphaCode>
                    <ExpertLink lang="en">http://www.orpha.net/consor/cgi-bin/OC_Exp.php?lng=en&amp;Expert=93672</ExpertLink>
                    <Name lang="en">Juvenile dermatomyositis</Name>
                    <DisorderType id="21394">
                      <Name lang="en">Disease</Name>
                    </DisorderType>
                  </Disorder>
                  <ClassificationNodeChildList count="0">
                  </ClassificationNodeChildList>
                </ClassificationNode>
                <ClassificationNode>
                  <Disorder id="19626">
                    <OrphaCode>251312</OrphaCode>
                    <ExpertLink lang="en">http://www.orpha.net/consor/cgi-bin/OC_Exp.php?lng=en&amp;Expert=251312</ExpertLink>
                    <Name lang="en">Overlapping connective tissue disease</Name>
                    <DisorderType id="21436">
                      <Name lang="en">Clinical group</Name>
                    </DisorderType>
                  </Disorder>
                  <ClassificationNodeChildList count="1">
                    <ClassificationNode>
                      <Disorder id="3631">
                        <OrphaCode>809</OrphaCode>
                        <ExpertLink lang="en">http://www.orpha.net/consor/cgi-bin/OC_Exp.php?lng=en&amp;Expert=809</ExpertLink>
                        <Name lang="en">Mixed connective tissue disease</Name>
                        <DisorderType id="21394">
                          <Name lang="en">Disease</Name>
                        </DisorderType>
                      </Disorder>
                      <ClassificationNodeChildList count="0">
                      </ClassificationNodeChildList>
                    </ClassificationNode>
                  </ClassificationNodeChildList>
                </ClassificationNode>
                <ClassificationNode>
                  <Disorder id="21115">
                    <OrphaCode>300359</OrphaCode>
                    <ExpertLink lang="en">http://www.orpha.net/consor/cgi-bin/OC_Exp.php?lng=en&amp;Expert=300359</ExpertLink>
                    <Name lang="en">PLCG2-associated antibody deficiency and immune dysregulation</Name>
                    <DisorderType id="21394">
                      <Name lang="en">Disease</Name>
                    </DisorderType>
                  </Disorder>
                  <ClassificationNodeChildList count="0">
                  </ClassificationNodeChildList>
                </ClassificationNode>
                <ClassificationNode>
                  <Disorder id="22724">
                    <OrphaCode>398091</OrphaCode>
                    <ExpertLink lang="en">http://www.orpha.net/consor/cgi-bin/OC_Exp.php?lng=en&amp;Expert=398091</ExpertLink>
                    <Name lang="en">Secondary neonatal autoimmune disease</Name>
                    <DisorderType id="36561">
                      <Name lang="en">Category</Name>
                    </DisorderType>
                  </Disorder>
                  <ClassificationNodeChildList count="6">
                    <ClassificationNode>
                      <Disorder id="22631">
                        <OrphaCode>391504</OrphaCode>
                        <ExpertLink lang="en">http://www.orpha.net/consor/cgi-bin/OC_Exp.php?lng=en&amp;Expert=391504</ExpertLink>
                        <Name lang="en">Transient neonatal myasthenia gravis</Name>
                        <DisorderType id="21450">
                          <Name lang="en">Clinical subtype</Name>
                        </DisorderType>
                      </Disorder>
                      <ClassificationNodeChildList count="0">
                      </ClassificationNodeChildList>
                    </ClassificationNode>
                    <ClassificationNode>
                      <Disorder id="22725">
                        <OrphaCode>398097</OrphaCode>
                        <ExpertLink lang="en">http://www.orpha.net/consor/cgi-bin/OC_Exp.php?lng=en&amp;Expert=398097</ExpertLink>
                        <Name lang="en">Neonatal antiphospholipid syndrome</Name>
                        <DisorderType id="21394">
                          <Name lang="en">Disease</Name>
                        </DisorderType>
                      </Disorder>
                      <ClassificationNodeChildList count="0">
                      </ClassificationNodeChildList>
                    </ClassificationNode>
                    <ClassificationNode>
                      <Disorder id="22726">
                        <OrphaCode>398109</OrphaCode>
                        <ExpertLink lang="en">http://www.orpha.net/consor/cgi-bin/OC_Exp.php?lng=en&amp;Expert=398109</ExpertLink>
                        <Name lang="en">Neonatal autoimmune hemolytic anemia</Name>
                        <DisorderType id="21394">
                          <Name lang="en">Disease</Name>
                        </DisorderType>
                      </Disorder>
                      <ClassificationNodeChildList count="0">
                      </ClassificationNodeChildList>
                    </ClassificationNode>
                    <ClassificationNode>
                      <Disorder id="22727">
                        <OrphaCode>398117</OrphaCode>
                        <ExpertLink lang="en">http://www.orpha.net/consor/cgi-bin/OC_Exp.php?lng=en&amp;Expert=398117</ExpertLink>
                        <Name lang="en">Neonatal dermatomyositis</Name>
                        <DisorderType id="21394">
                          <Name lang="en">Disease</Name>
                        </DisorderType>
                      </Disorder>
                      <ClassificationNodeChildList count="0">
                      </ClassificationNodeChildList>
                    </ClassificationNode>
                    <ClassificationNode>
                      <Disorder id="22728">
                        <OrphaCode>398124</OrphaCode>
                        <ExpertLink lang="en">http://www.orpha.net/consor/cgi-bin/OC_Exp.php?lng=en&amp;Expert=398124</ExpertLink>
                        <Name lang="en">Neonatal lupus erythematosus</Name>
                        <DisorderType id="21394">
                          <Name lang="en">Disease</Name>
                        </DisorderType>
                      </Disorder>
                      <ClassificationNodeChildList count="0">
                      </ClassificationNodeChildList>
                    </ClassificationNode>
                    <ClassificationNode>
                      <Disorder id="22729">
                        <OrphaCode>398127</OrphaCode>
                        <ExpertLink lang="en">http://www.orpha.net/consor/cgi-bin/OC_Exp.php?lng=en&amp;Expert=398127</ExpertLink>
                        <Name lang="en">Neonatal scleroderma</Name>
                        <DisorderType id="21394">
                          <Name lang="en">Disease</Name>
                        </DisorderType>
                      </Disorder>
                      <ClassificationNodeChildList count="0">
                      </ClassificationNodeChildList>
                    </ClassificationNode>
                  </ClassificationNodeChildList>
                </ClassificationNode>
                <ClassificationNode>
                  <Disorder id="23366">
                    <OrphaCode>438159</OrphaCode>
                    <ExpertLink lang="en">http://www.orpha.net/consor/cgi-bin/OC_Exp.php?lng=en&amp;Expert=438159</ExpertLink>
                    <Name lang="en">STAT3-related early-onset multisystem autoimmune disease</Name>
                    <DisorderType id="21394">
                      <Name lang="en">Disease</Name>
                    </DisorderType>
                  </Disorder>
                  <ClassificationNodeChildList count="0">
                  </ClassificationNodeChildList>
                </ClassificationNode>
                <ClassificationNode>
                  <Disorder id="23481">
                    <OrphaCode>444092</OrphaCode>
                    <ExpertLink lang="en">http://www.orpha.net/consor/cgi-bin/OC_Exp.php?lng=en&amp;Expert=444092</ExpertLink>
                    <Name lang="en">Autoimmune interstitial lung disease-arthritis syndrome</Name>
                    <DisorderType id="21394">
                      <Name lang="en">Disease</Name>
                    </DisorderType>
                  </Disorder>
                  <ClassificationNodeChildList count="0">
                  </ClassificationNodeChildList>
                </ClassificationNode>
                <ClassificationNode>
                  <Disorder id="23490">
                    <OrphaCode>444463</OrphaCode>
                    <ExpertLink lang="en">http://www.orpha.net/consor/cgi-bin/OC_Exp.php?lng=en&amp;Expert=444463</ExpertLink>
                    <Name lang="en">Autoimmune hemolytic anemia-autoimmune thrombocytopenia-primary immunodeficiency syndrome due to TPP2 deficiency</Name>
                    <DisorderType id="21394">
                      <Name lang="en">Disease</Name>
                    </DisorderType>
                  </Disorder>
                  <ClassificationNodeChildList count="0">
                  </ClassificationNodeChildList>
                </ClassificationNode>
              </ClassificationNodeChildList>
            </ClassificationNode>
            <ClassificationNode>
              <Disorder id="25345">
                <OrphaCode>486955</OrphaCode>
                <ExpertLink lang="en">http://www.orpha.net/consor/cgi-bin/OC_Exp.php?lng=en&amp;Expert=486955</ExpertLink>
                <Name lang="en">Rare pediatric rheumatologic disease</Name>
                <DisorderType id="36561">
                  <Name lang="en">Category</Name>
                </DisorderType>
              </Disorder>
              <ClassificationNodeChildList count="7">
                <ClassificationNode>
                  <Disorder id="720">
                    <OrphaCode>92</OrphaCode>
                    <ExpertLink lang="en">http://www.orpha.net/consor/cgi-bin/OC_Exp.php?lng=en&amp;Expert=92</ExpertLink>
                    <Name lang="en">Juvenile idiopathic arthritis</Name>
                    <DisorderType id="21436">
                      <Name lang="en">Clinical group</Name>
                    </DisorderType>
                  </Disorder>
                  <ClassificationNodeChildList count="6">
                    <ClassificationNode>
                      <Disorder id="11710">
                        <OrphaCode>85410</OrphaCode>
                        <ExpertLink lang="en">http://www.orpha.net/consor/cgi-bin/OC_Exp.php?lng=en&amp;Expert=85410</ExpertLink>
                        <Name lang="en">Oligoarticular juvenile idiopathic arthritis</Name>
                        <DisorderType id="21394">
                          <Name lang="en">Disease</Name>
                        </DisorderType>
                      </Disorder>
                      <ClassificationNodeChildList count="0">
                      </ClassificationNodeChildList>
                    </ClassificationNode>
                    <ClassificationNode>
                      <Disorder id="11711">
                        <OrphaCode>85414</OrphaCode>
                        <ExpertLink lang="en">http://www.orpha.net/consor/cgi-bin/OC_Exp.php?lng=en&amp;Expert=85414</ExpertLink>
                        <Name lang="en">Systemic-onset juvenile idiopathic arthritis</Name>
                        <DisorderType id="21394">
                          <Name lang="en">Disease</Name>
                        </DisorderType>
                      </Disorder>
                      <ClassificationNodeChildList count="0">
                      </ClassificationNodeChildList>
                    </ClassificationNode>
                    <ClassificationNode>
                      <Disorder id="11713">
                        <OrphaCode>85436</OrphaCode>
                        <ExpertLink lang="en">http://www.orpha.net/consor/cgi-bin/OC_Exp.php?lng=en&amp;Expert=85436</ExpertLink>
                        <Name lang="en">Psoriasis-related juvenile idiopathic arthritis</Name>
                        <DisorderType id="21394">
                          <Name lang="en">Disease</Name>
                        </DisorderType>
                      </Disorder>
                      <ClassificationNodeChildList count="0">
                      </ClassificationNodeChildList>
                    </ClassificationNode>
                    <ClassificationNode>
                      <Disorder id="11715">
                        <OrphaCode>85438</OrphaCode>
                        <ExpertLink lang="en">http://www.orpha.net/consor/cgi-bin/OC_Exp.php?lng=en&amp;Expert=85438</ExpertLink>
                        <Name lang="en">Enthesitis-related juvenile idiopathic arthritis</Name>
                        <DisorderType id="21394">
                          <Name lang="en">Disease</Name>
                        </DisorderType>
                      </Disorder>
                      <ClassificationNodeChildList count="0">
                      </ClassificationNodeChildList>
                    </ClassificationNode>
                    <ClassificationNode>
                      <Disorder id="12117">
                        <OrphaCode>91140</OrphaCode>
                        <ExpertLink lang="en">http://www.orpha.net/consor/cgi-bin/OC_Exp.php?lng=en&amp;Expert=91140</ExpertLink>
                        <Name lang="en">Unspecified juvenile idiopathic arthritis</Name>
                        <DisorderType id="21394">
                          <Name lang="en">Disease</Name>
                        </DisorderType>
                      </Disorder>
                      <ClassificationNodeChildList count="0">
                      </ClassificationNodeChildList>
                    </ClassificationNode>
                    <ClassificationNode>
                      <Disorder id="22944">
                        <OrphaCode>404580</OrphaCode>
                        <ExpertLink lang="en">http://www.orpha.net/consor/cgi-bin/OC_Exp.php?lng=en&amp;Expert=404580</ExpertLink>
                        <Name lang="en">Polyarticular juvenile idiopathic arthritis</Name>
                        <DisorderType id="21436">
                          <Name lang="en">Clinical group</Name>
                        </DisorderType>
                      </Disorder>
                      <ClassificationNodeChildList count="2">
                        <ClassificationNode>
                          <Disorder id="11709">
                            <OrphaCode>85408</OrphaCode>
                            <ExpertLink lang="en">http://www.orpha.net/consor/cgi-bin/OC_Exp.php?lng=en&amp;Expert=85408</ExpertLink>
                            <Name lang="en">Rheumatoid factor-negative polyarticular juvenile idiopathic arthritis</Name>
                            <DisorderType id="21394">
                              <Name lang="en">Disease</Name>
                            </DisorderType>
                          </Disorder>
                          <ClassificationNodeChildList count="0">
                          </ClassificationNodeChildList>
                        </ClassificationNode>
                        <ClassificationNode>
                          <Disorder id="11712">
                            <OrphaCode>85435</OrphaCode>
                            <ExpertLink lang="en">http://www.orpha.net/consor/cgi-bin/OC_Exp.php?lng=en&amp;Expert=85435</ExpertLink>
                            <Name lang="en">Rheumatoid factor-positive polyarticular juvenile idiopathic arthritis</Name>
                            <DisorderType id="21394">
                              <Name lang="en">Disease</Name>
                            </DisorderType>
                          </Disorder>
                          <ClassificationNodeChildList count="0">
                          </ClassificationNodeChildList>
                        </ClassificationNode>
                      </ClassificationNodeChildList>
                    </ClassificationNode>
                  </ClassificationNodeChildList>
                </ClassificationNode>
                <ClassificationNode>
                  <Disorder id="1276">
                    <OrphaCode>955</OrphaCode>
                    <ExpertLink lang="en">http://www.orpha.net/consor/cgi-bin/OC_Exp.php?lng=en&amp;Expert=955</ExpertLink>
                    <Name lang="en">Hajdu-Cheney syndrome</Name>
                    <DisorderType id="21401">
                      <Name lang="en">Malformation syndrome</Name>
                    </DisorderType>
                  </Disorder>
                  <ClassificationNodeChildList count="0">
                  </ClassificationNodeChildList>
                </ClassificationNode>
                <ClassificationNode>
                  <Disorder id="8684">
                    <OrphaCode>73</OrphaCode>
                    <ExpertLink lang="en">http://www.orpha.net/consor/cgi-bin/OC_Exp.php?lng=en&amp;Expert=73</ExpertLink>
                    <Name lang="en">Gorham-Stout disease</Name>
                    <DisorderType id="21401">
                      <Name lang="en">Malformation syndrome</Name>
                    </DisorderType>
                  </Disorder>
                  <ClassificationNodeChildList count="0">
                  </ClassificationNodeChildList>
                </ClassificationNode>
                <ClassificationNode>
                  <Disorder id="8778">
                    <OrphaCode>29207</OrphaCode>
                    <ExpertLink lang="en">http://www.orpha.net/consor/cgi-bin/OC_Exp.php?lng=en&amp;Expert=29207</ExpertLink>
                    <Name lang="en">Reactive arthritis</Name>
                    <DisorderType id="21394">
                      <Name lang="en">Disease</Name>
                    </DisorderType>
                  </Disorder>
                  <ClassificationNodeChildList count="0">
                  </ClassificationNodeChildList>
                </ClassificationNode>
                <ClassificationNode>
                  <Disorder id="11651">
                    <OrphaCode>85193</OrphaCode>
                    <ExpertLink lang="en">http://www.orpha.net/consor/cgi-bin/OC_Exp.php?lng=en&amp;Expert=85193</ExpertLink>
                    <Name lang="en">Idiopathic juvenile osteoporosis</Name>
                    <DisorderType id="21401">
                      <Name lang="en">Malformation syndrome</Name>
                    </DisorderType>
                  </Disorder>
                  <ClassificationNodeChildList count="0">
                  </ClassificationNodeChildList>
                </ClassificationNode>
                <ClassificationNode>
                  <Disorder id="21699">
                    <OrphaCode>319719</OrphaCode>
                    <ExpertLink lang="en">http://www.orpha.net/consor/cgi-bin/OC_Exp.php?lng=en&amp;Expert=319719</ExpertLink>
                    <Name lang="en">Autoinflammatory syndrome of childhood</Name>
                    <DisorderType id="36561">
                      <Name lang="en">Category</Name>
                    </DisorderType>
                  </Disorder>
                  <ClassificationNodeChildList count="7">
                    <ClassificationNode>
                      <Disorder id="21810">
                        <OrphaCode>324933</OrphaCode>
                        <ExpertLink lang="en">http://www.orpha.net/consor/cgi-bin/OC_Exp.php?lng=en&amp;Expert=324933</ExpertLink>
                        <Name lang="en">Mixed autoinflammatory and autoimmune syndrome</Name>
                        <DisorderType id="36561">
                          <Name lang="en">Category</Name>
                        </DisorderType>
                      </Disorder>
                      <ClassificationNodeChildList count="5">
                        <ClassificationNode>
                          <Disorder id="31418">
                            <OrphaCode>619948</OrphaCode>
                            <ExpertLink lang="en">http://www.orpha.net/consor/cgi-bin/OC_Exp.php?lng=en&amp;Expert=619948</ExpertLink>
                            <Name lang="en">Early-onset autoimmunity-autoinflammation-immunodeficiency syndrome due to SOCS1 haploinsufficiency</Name>
                            <DisorderType id="21394">
                              <Name lang="en">Disease</Name>
                            </DisorderType>
                          </Disorder>
                          <ClassificationNodeChildList count="0">
                          </ClassificationNodeChildList>
                        </ClassificationNode>
                        <ClassificationNode>
                          <Disorder id="31951">
                            <OrphaCode>658946</OrphaCode>
                            <ExpertLink lang="en">http://www.orpha.net/consor/cgi-bin/OC_Exp.php?lng=en&amp;Expert=658946</ExpertLink>
                            <Name lang="en">Early-onset immune dysregulation with autoimmunity due to DOCK11 partial deficiency</Name>
                            <DisorderType id="21394">
                              <Name lang="en">Disease</Name>
                            </DisorderType>
                          </Disorder>
                          <ClassificationNodeChildList count="0">
                          </ClassificationNodeChildList>
                        </ClassificationNode>
                        <ClassificationNode>
                          <Disorder id="21782">
                            <OrphaCode>324530</OrphaCode>
                            <ExpertLink lang="en">http://www.orpha.net/consor/cgi-bin/OC_Exp.php?lng=en&amp;Expert=324530</ExpertLink>
                            <Name lang="en">Autoinflammation-PLCG2-associated antibody deficiency-immune dysregulation</Name>
                            <DisorderType id="21394">
                              <Name lang="en">Disease</Name>
                            </DisorderType>
                          </Disorder>
                          <ClassificationNodeChildList count="0">
                          </ClassificationNodeChildList>
                        </ClassificationNode>
                        <ClassificationNode>
                          <Disorder id="21903">
                            <OrphaCode>329173</OrphaCode>
                            <ExpertLink lang="en">http://www.orpha.net/consor/cgi-bin/OC_Exp.php?lng=en&amp;Expert=329173</ExpertLink>
                            <Name lang="en">Autoinflammatory syndrome with pyogenic bacterial infection and amylopectinosis</Name>
                            <DisorderType id="21394">
                              <Name lang="en">Disease</Name>
                            </DisorderType>
                          </Disorder>
                          <ClassificationNodeChildList count="0">
                          </ClassificationNodeChildList>
                        </ClassificationNode>
                        <ClassificationNode>
                          <Disorder id="21115">
                            <OrphaCode>300359</OrphaCode>
                            <ExpertLink lang="en">http://www.orpha.net/consor/cgi-bin/OC_Exp.php?lng=en&amp;Expert=300359</ExpertLink>
                            <Name lang="en">PLCG2-associated antibody deficiency and immune dysregulation</Name>
                            <DisorderType id="21394">
                              <Name lang="en">Disease</Name>
                            </DisorderType>
                          </Disorder>
                          <ClassificationNodeChildList count="0">
                          </ClassificationNodeChildList>
                        </ClassificationNode>
                      </ClassificationNodeChildList>
                    </ClassificationNode>
                    <ClassificationNode>
                      <Disorder id="21812">
                        <OrphaCode>324939</OrphaCode>
                        <ExpertLink lang="en">http://www.orpha.net/consor/cgi-bin/OC_Exp.php?lng=en&amp;Expert=324939</ExpertLink>
                        <Name lang="en">Periodic fever syndrome of childhood</Name>
                        <DisorderType id="36561">
                          <Name lang="en">Category</Name>
                        </DisorderType>
                      </Disorder>
                      <ClassificationNodeChildList count="2">
                        <ClassificationNode>
                          <Disorder id="21807">
                            <OrphaCode>324924</OrphaCode>
                            <ExpertLink lang="en">http://www.orpha.net/consor/cgi-bin/OC_Exp.php?lng=en&amp;Expert=324924</ExpertLink>
                            <Name lang="en">Hereditary periodic fever syndrome</Name>
                            <DisorderType id="36561">
                              <Name lang="en">Category</Name>
                            </DisorderType>
                          </Disorder>
                          <ClassificationNodeChildList count="11">
                            <ClassificationNode>
                              <Disorder id="28477">
                                <OrphaCode>566067</OrphaCode>
                                <ExpertLink lang="en">http://www.orpha.net/consor/cgi-bin/OC_Exp.php?lng=en&amp;Expert=566067</ExpertLink>
                                <Name lang="en">CEBPE-associated autoinflammation-immunodeficiency-neutrophil dysfunction syndrome</Name>
                                <DisorderType id="21394">
                                  <Name lang="en">Disease</Name>
                                </DisorderType>
                              </Disorder>
                              <ClassificationNodeChildList count="0">
                              </ClassificationNodeChildList>
                            </ClassificationNode>
                            <ClassificationNode>
                              <Disorder id="25994">
                                <OrphaCode>500062</OrphaCode>
                                <ExpertLink lang="en">http://www.orpha.net/consor/cgi-bin/OC_Exp.php?lng=en&amp;Expert=500062</ExpertLink>
                                <Name lang="en">Infantile-onset periodic fever-panniculitis-dermatosis syndrome</Name>
                                <DisorderType id="21394">
                                  <Name lang="en">Disease</Name>
                                </DisorderType>
                              </Disorder>
                              <ClassificationNodeChildList count="0">
                              </ClassificationNodeChildList>
                            </ClassificationNode>
                            <ClassificationNode>
                              <Disorder id="920">
                                <OrphaCode>342</OrphaCode>
                                <ExpertLink lang="en">http://www.orpha.net/consor/cgi-bin/OC_Exp.php?lng=en&amp;Expert=342</ExpertLink>
                                <Name lang="en">Familial Mediterranean fever</Name>
                                <DisorderType id="21394">
                                  <Name lang="en">Disease</Name>
                                </DisorderType>
                              </Disorder>
                              <ClassificationNodeChildList count="0">
                              </ClassificationNodeChildList>
                            </ClassificationNode>
                            <ClassificationNode>
                              <Disorder id="10303">
                                <OrphaCode>32960</OrphaCode>
                                <ExpertLink lang="en">http://www.orpha.net/consor/cgi-bin/OC_Exp.php?lng=en&amp;Expert=32960</ExpertLink>
                                <Name lang="en">Tumor necrosis factor receptor 1 associated periodic syndrome</Name>
                                <DisorderType id="21394">
                                  <Name lang="en">Disease</Name>
                                </DisorderType>
                              </Disorder>
                              <ClassificationNodeChildList count="0">
                              </ClassificationNodeChildList>
                            </ClassificationNode>
                            <ClassificationNode>
                              <Disorder id="18613">
                                <OrphaCode>208650</OrphaCode>
                                <ExpertLink lang="en">http://www.orpha.net/consor/cgi-bin/OC_Exp.php?lng=en&amp;Expert=208650</ExpertLink>
                                <Name lang="en">NLRP3-associated autoinflammatory disease</Name>
                                <DisorderType id="21436">
                                  <Name lang="en">Clinical group</Name>
                                </DisorderType>
                              </Disorder>
                              <ClassificationNodeChildList count="4">
                                <ClassificationNode>
                                  <Disorder id="2375">
                                    <OrphaCode>575</OrphaCode>
                                    <ExpertLink lang="en">http://www.orpha.net/consor/cgi-bin/OC_Exp.php?lng=en&amp;Expert=575</ExpertLink>
                                    <Name lang="en">Muckle-Wells syndrome</Name>
                                    <DisorderType id="21394">
                                      <Name lang="en">Disease</Name>
                                    </DisorderType>
                                  </Disorder>
                                  <ClassificationNodeChildList count="0">
                                  </ClassificationNodeChildList>
                                </ClassificationNode>
                                <ClassificationNode>
                                  <Disorder id="3395">
                                    <OrphaCode>1451</OrphaCode>
                                    <ExpertLink lang="en">http://www.orpha.net/consor/cgi-bin/OC_Exp.php?lng=en&amp;Expert=1451</ExpertLink>
                                    <Name lang="en">CINCA syndrome</Name>
                                    <DisorderType id="21394">
                                      <Name lang="en">Disease</Name>
                                    </DisorderType>
                                  </Disorder>
                                  <ClassificationNodeChildList count="0">
                                  </ClassificationNodeChildList>
                                </ClassificationNode>
                                <ClassificationNode>
                                  <Disorder id="10608">
                                    <OrphaCode>47045</OrphaCode>
                                    <ExpertLink lang="en">http://www.orpha.net/consor/cgi-bin/OC_Exp.php?lng=en&amp;Expert=47045</ExpertLink>
                                    <Name lang="en">Familial cold urticaria</Name>
                                    <DisorderType id="21394">
                                      <Name lang="en">Disease</Name>
                                    </DisorderType>
                                  </Disorder>
                                  <ClassificationNodeChildList count="0">
                                  </ClassificationNodeChildList>
                                </ClassificationNode>
                                <ClassificationNode>
                                  <Disorder id="31819">
                                    <OrphaCode>647815</OrphaCode>
                                    <ExpertLink lang="en">http://www.orpha.net/consor/cgi-bin/OC_Exp.php?lng=en&amp;Expert=647815</ExpertLink>
                                    <Name lang="en">Keratitis fugax hereditaria</Name>
                                    <DisorderType id="21394">
                                      <Name lang="en">Disease</Name>
                                    </DisorderType>
                                  </Disorder>
                                  <ClassificationNodeChildList count="0">
                                  </ClassificationNodeChildList>
                                </ClassificationNode>
                              </ClassificationNodeChildList>
                            </ClassificationNode>
                            <ClassificationNode>
                              <Disorder id="19559">
                                <OrphaCode>247868</OrphaCode>
                                <ExpertLink lang="en">http://www.orpha.net/consor/cgi-bin/OC_Exp.php?lng=en&amp;Expert=247868</ExpertLink>
                                <Name lang="en">NLRP12-associated hereditary periodic fever syndrome</Name>
                                <DisorderType id="21394">
                                  <Name lang="en">Disease</Name>
                                </DisorderType>
                              </Disorder>
                              <ClassificationNodeChildList count="0">
                              </ClassificationNodeChildList>
                            </ClassificationNode>
                            <ClassificationNode>
                              <Disorder id="21338">
                                <OrphaCode>309025</OrphaCode>
                                <ExpertLink lang="en">http://www.orpha.net/consor/cgi-bin/OC_Exp.php?lng=en&amp;Expert=309025</ExpertLink>
                                <Name lang="en">Mevalonate kinase deficiency</Name>
                                <DisorderType id="21394">
                                  <Name lang="en">Disease</Name>
                                </DisorderType>
                              </Disorder>
                              <ClassificationNodeChildList count="2">
                                <ClassificationNode>
                                  <Disorder id="403">
                                    <OrphaCode>29</OrphaCode>
                                    <ExpertLink lang="en">http://www.orpha.net/consor/cgi-bin/OC_Exp.php?lng=en&amp;Expert=29</ExpertLink>
                                    <Name lang="en">Mevalonic aciduria</Name>
                                    <DisorderType id="21450">
                                      <Name lang="en">Clinical subtype</Name>
                                    </DisorderType>
                                  </Disorder>
                                  <ClassificationNodeChildList count="0">
                                  </ClassificationNodeChildList>
                                </ClassificationNode>
                                <ClassificationNode>
                                  <Disorder id="3276">
                                    <OrphaCode>343</OrphaCode>
                                    <ExpertLink lang="en">http://www.orpha.net/consor/cgi-bin/OC_Exp.php?lng=en&amp;Expert=343</ExpertLink>
                                    <Name lang="en">Hyperimmunoglobulinemia D with periodic fever</Name>
                                    <DisorderType id="21450">
                                      <Name lang="en">Clinical subtype</Name>
                                    </DisorderType>
                                  </Disorder>
                                  <ClassificationNodeChildList count="0">
                                  </ClassificationNodeChildList>
                                </ClassificationNode>
                              </ClassificationNodeChildList>
                            </ClassificationNode>
                            <ClassificationNode>
                              <Disorder id="23330">
                                <OrphaCode>436166</OrphaCode>
                                <ExpertLink lang="en">http://www.orpha.net/consor/cgi-bin/OC_Exp.php?lng=en&amp;Expert=436166</ExpertLink>
                                <Name lang="en">Periodic fever-infantile enterocolitis-autoinflammatory syndrome</Name>
                                <DisorderType id="21394">
                                  <Name lang="en">Disease</Name>
                                </DisorderType>
                              </Disorder>
                              <ClassificationNodeChildList count="0">
                              </ClassificationNodeChildList>
                            </ClassificationNode>
                            <ClassificationNode>
                              <Disorder id="28852">
                                <OrphaCode>576349</OrphaCode>
                                <ExpertLink lang="en">http://www.orpha.net/consor/cgi-bin/OC_Exp.php?lng=en&amp;Expert=576349</ExpertLink>
                                <Name lang="en">NLRC4-related familial cold autoinflammatory syndrome</Name>
                                <DisorderType id="21394">
                                  <Name lang="en">Disease</Name>
                                </DisorderType>
                              </Disorder>
                              <ClassificationNodeChildList count="0">
                              </ClassificationNodeChildList>
                            </ClassificationNode>
                            <ClassificationNode>
                              <Disorder id="31896">
                                <OrphaCode>652522</OrphaCode>
                                <ExpertLink lang="en">http://www.orpha.net/consor/cgi-bin/OC_Exp.php?lng=en&amp;Expert=652522</ExpertLink>
                                <Name lang="en">Periodic fever-immunodeficiency-thrombocytopenia syndrome</Name>
                                <DisorderType id="21394">
                                  <Name lang="en">Disease</Name>
                                </DisorderType>
                              </Disorder>
                              <ClassificationNodeChildList count="0">
                              </ClassificationNodeChildList>
                            </ClassificationNode>
                            <ClassificationNode>
                              <Disorder id="31372">
                                <OrphaCode>617919</OrphaCode>
                                <ExpertLink lang="en">http://www.orpha.net/consor/cgi-bin/OC_Exp.php?lng=en&amp;Expert=617919</ExpertLink>
                                <Name lang="en">F12-associated cold autoinflammatory syndrome</Name>
                                <DisorderType id="21394">
                                  <Name lang="en">Disease</Name>
                                </DisorderType>
                              </Disorder>
                              <ClassificationNodeChildList count="0">
                              </ClassificationNodeChildList>
                            </ClassificationNode>
                          </ClassificationNodeChildList>
                        </ClassificationNode>
                        <ClassificationNode>
                          <Disorder id="21816">
                            <OrphaCode>324960</OrphaCode>
                            <ExpertLink lang="en">http://www.orpha.net/consor/cgi-bin/OC_Exp.php?lng=en&amp;Expert=324960</ExpertLink>
                            <Name lang="en">Unexplained periodic fever syndrome of childhood</Name>
                            <DisorderType id="36561">
                              <Name lang="en">Category</Name>
                            </DisorderType>
                          </Disorder>
                          <ClassificationNodeChildList count="1">
                            <ClassificationNode>
                              <Disorder id="10573">
                                <OrphaCode>42642</OrphaCode>
                                <ExpertLink lang="en">http://www.orpha.net/consor/cgi-bin/OC_Exp.php?lng=en&amp;Expert=42642</ExpertLink>
                                <Name lang="en">PFAPA syndrome</Name>
                                <DisorderType id="21394">
                                  <Name lang="en">Disease</Name>
                                </DisorderType>
                              </Disorder>
                              <ClassificationNodeChildList count="0">
                              </ClassificationNodeChildList>
                            </ClassificationNode>
                          </ClassificationNodeChildList>
                        </ClassificationNode>
                      </ClassificationNodeChildList>
                    </ClassificationNode>
                    <ClassificationNode>
                      <Disorder id="21813">
                        <OrphaCode>324942</OrphaCode>
                        <ExpertLink lang="en">http://www.orpha.net/consor/cgi-bin/OC_Exp.php?lng=en&amp;Expert=324942</ExpertLink>
                        <Name lang="en">Pyogenic autoinflammatory syndrome of childhood</Name>
                        <DisorderType id="36561">
                          <Name lang="en">Category</Name>
                        </DisorderType>
                      </Disorder>
                      <ClassificationNodeChildList count="7">
                        <ClassificationNode>
                          <Disorder id="21817">
                            <OrphaCode>324964</OrphaCode>
                            <ExpertLink lang="en">http://www.orpha.net/consor/cgi-bin/OC_Exp.php?lng=en&amp;Expert=324964</ExpertLink>
                            <Name lang="en">Chronic nonbacterial osteomyelitis/Chronic recurrent multifocal osteomyelitis</Name>
                            <DisorderType id="21394">
                              <Name lang="en">Disease</Name>
                            </DisorderType>
                          </Disorder>
                          <ClassificationNodeChildList count="0">
                          </ClassificationNodeChildList>
                        </ClassificationNode>
                        <ClassificationNode>
                          <Disorder id="10924">
                            <OrphaCode>69126</OrphaCode>
                            <ExpertLink lang="en">http://www.orpha.net/consor/cgi-bin/OC_Exp.php?lng=en&amp;Expert=69126</ExpertLink>
                            <Name lang="en">PAPA syndrome</Name>
                            <DisorderType id="21394">
                              <Name lang="en">Disease</Name>
                            </DisorderType>
                          </Disorder>
                          <ClassificationNodeChildList count="0">
                          </ClassificationNodeChildList>
                        </ClassificationNode>
                        <ClassificationNode>
                          <Disorder id="11109">
                            <OrphaCode>77297</OrphaCode>
                            <ExpertLink lang="en">http://www.orpha.net/consor/cgi-bin/OC_Exp.php?lng=en&amp;Expert=77297</ExpertLink>
                            <Name lang="en">Majeed syndrome</Name>
                            <DisorderType id="21394">
                              <Name lang="en">Disease</Name>
                            </DisorderType>
                          </Disorder>
                          <ClassificationNodeChildList count="0">
                          </ClassificationNodeChildList>
                        </ClassificationNode>
                        <ClassificationNode>
                          <Disorder id="18683">
                            <OrphaCode>210115</OrphaCode>
                            <ExpertLink lang="en">http://www.orpha.net/consor/cgi-bin/OC_Exp.php?lng=en&amp;Expert=210115</ExpertLink>
                            <Name lang="en">Sterile multifocal osteomyelitis with periostitis and pustulosis</Name>
                            <DisorderType id="21394">
                              <Name lang="en">Disease</Name>
                            </DisorderType>
                          </Disorder>
                          <ClassificationNodeChildList count="0">
                          </ClassificationNodeChildList>
                        </ClassificationNode>
                        <ClassificationNode>
                          <Disorder id="20902">
                            <OrphaCode>294023</OrphaCode>
                            <ExpertLink lang="en">http://www.orpha.net/consor/cgi-bin/OC_Exp.php?lng=en&amp;Expert=294023</ExpertLink>
                            <Name lang="en">Neonatal inflammatory skin and bowel disease</Name>
                            <DisorderType id="21394">
                              <Name lang="en">Disease</Name>
                            </DisorderType>
                          </Disorder>
                          <ClassificationNodeChildList count="0">
                          </ClassificationNodeChildList>
                        </ClassificationNode>
                        <ClassificationNode>
                          <Disorder id="22937">
                            <OrphaCode>404546</OrphaCode>
                            <ExpertLink lang="en">http://www.orpha.net/consor/cgi-bin/OC_Exp.php?lng=en&amp;Expert=404546</ExpertLink>
                            <Name lang="en">DITRA</Name>
                            <DisorderType id="21394">
                              <Name lang="en">Disease</Name>
                            </DisorderType>
                          </Disorder>
                          <ClassificationNodeChildList count="0">
                          </ClassificationNodeChildList>
                        </ClassificationNode>
                        <ClassificationNode>
                          <Disorder id="19644">
                            <OrphaCode>251523</OrphaCode>
                            <ExpertLink lang="en">http://www.orpha.net/consor/cgi-bin/OC_Exp.php?lng=en&amp;Expert=251523</ExpertLink>
                            <Name lang="en">Hyperzincemia and hypercalprotectinemia</Name>
                            <DisorderType id="21394">
                              <Name lang="en">Disease</Name>
                            </DisorderType>
                          </Disorder>
                          <ClassificationNodeChildList count="0">
                          </ClassificationNodeChildList>
                        </ClassificationNode>
                      </ClassificationNodeChildList>
                    </ClassificationNode>
                    <ClassificationNode>
                      <Disorder id="21814">
                        <OrphaCode>324950</OrphaCode>
                        <ExpertLink lang="en">http://www.orpha.net/consor/cgi-bin/OC_Exp.php?lng=en&amp;Expert=324950</ExpertLink>
                        <Name lang="en">Granulomatous autoinflammatory syndrome of childhood</Name>
                        <DisorderType id="36561">
                          <Name lang="en">Category</Name>
                        </DisorderType>
                      </Disorder>
                      <ClassificationNodeChildList count="2">
                        <ClassificationNode>
                          <Disorder id="12018">
                            <OrphaCode>90340</OrphaCode>
                            <ExpertLink lang="en">http://www.orpha.net/consor/cgi-bin/OC_Exp.php?lng=en&amp;Expert=90340</ExpertLink>
                            <Name lang="en">Blau syndrome</Name>
                            <DisorderType id="21394">
                              <Name lang="en">Disease</Name>
                            </DisorderType>
                          </Disorder>
                          <ClassificationNodeChildList count="0">
                          </ClassificationNodeChildList>
                        </ClassificationNode>
                        <ClassificationNode>
                          <Disorder id="19624">
                            <OrphaCode>251304</OrphaCode>
                            <ExpertLink lang="en">http://www.orpha.net/consor/cgi-bin/OC_Exp.php?lng=en&amp;Expert=251304</ExpertLink>
                            <Name lang="en">Infantile onset panniculitis with uveitis and systemic granulomatosis</Name>
                            <DisorderType id="21394">
                              <Name lang="en">Disease</Name>
                            </DisorderType>
                          </Disorder>
                          <ClassificationNodeChildList count="0">
                          </ClassificationNodeChildList>
                        </ClassificationNode>
                      </ClassificationNodeChildList>
                    </ClassificationNode>
                    <ClassificationNode>
                      <Disorder id="21815">
                        <OrphaCode>324953</OrphaCode>
                        <ExpertLink lang="en">http://www.orpha.net/consor/cgi-bin/OC_Exp.php?lng=en&amp;Expert=324953</ExpertLink>
                        <Name lang="en">Unclassified autoinflammatory syndrome of childhood</Name>
                        <DisorderType id="36561">
                          <Name lang="en">Category</Name>
                        </DisorderType>
                      </Disorder>
                      <ClassificationNodeChildList count="4">
                        <ClassificationNode>
                          <Disorder id="703">
                            <OrphaCode>117</OrphaCode>
                            <ExpertLink lang="en">http://www.orpha.net/consor/cgi-bin/OC_Exp.php?lng=en&amp;Expert=117</ExpertLink>
                            <Name lang="en">Beh�et disease</Name>
                            <DisorderType id="21394">
                              <Name lang="en">Disease</Name>
                            </DisorderType>
                          </Disorder>
                          <ClassificationNodeChildList count="0">
                          </ClassificationNodeChildList>
                        </ClassificationNode>
                        <ClassificationNode>
                          <Disorder id="19625">
                            <OrphaCode>251307</OrphaCode>
                            <ExpertLink lang="en">http://www.orpha.net/consor/cgi-bin/OC_Exp.php?lng=en&amp;Expert=251307</ExpertLink>
                            <Name lang="en">Idiopathic recurrent pericarditis</Name>
                            <DisorderType id="21394">
                              <Name lang="en">Disease</Name>
                            </DisorderType>
                          </Disorder>
                          <ClassificationNodeChildList count="0">
                          </ClassificationNodeChildList>
                        </ClassificationNode>
                        <ClassificationNode>
                          <Disorder id="32094">
                            <OrphaCode>674762</OrphaCode>
                            <ExpertLink lang="en">http://www.orpha.net/consor/cgi-bin/OC_Exp.php?lng=en&amp;Expert=674762</ExpertLink>
                            <Name lang="en">Early-onset autoinflammatory syndrome due to A20 haploinsufficiency</Name>
                            <DisorderType id="21394">
                              <Name lang="en">Disease</Name>
                            </DisorderType>
                          </Disorder>
                          <ClassificationNodeChildList count="0">
                          </ClassificationNodeChildList>
                        </ClassificationNode>
                        <ClassificationNode>
                          <Disorder id="996">
                            <OrphaCode>184</OrphaCode>
                            <ExpertLink lang="en">http://www.orpha.net/consor/cgi-bin/OC_Exp.php?lng=en&amp;Expert=184</ExpertLink>
                            <Name lang="en">Cherubism</Name>
                            <DisorderType id="21401">
                              <Name lang="en">Malformation syndrome</Name>
                            </DisorderType>
                          </Disorder>
                          <ClassificationNodeChildList count="0">
                          </ClassificationNodeChildList>
                        </ClassificationNode>
                      </ClassificationNodeChildList>
                    </ClassificationNode>
                    <ClassificationNode>
                      <Disorder id="3057">
                        <OrphaCode>3243</OrphaCode>
                        <ExpertLink lang="en">http://www.orpha.net/consor/cgi-bin/OC_Exp.php?lng=en&amp;Expert=3243</ExpertLink>
                        <Name lang="en">Sweet syndrome</Name>
                        <DisorderType id="21394">
                          <Name lang="en">Disease</Name>
                        </DisorderType>
                      </Disorder>
                      <ClassificationNodeChildList count="0">
                      </ClassificationNodeChildList>
                    </ClassificationNode>
                    <ClassificationNode>
                      <Disorder id="25241">
                        <OrphaCode>481671</OrphaCode>
                        <ExpertLink lang="en">http://www.orpha.net/consor/cgi-bin/OC_Exp.php?lng=en&amp;Expert=481671</ExpertLink>
                        <Name lang="en">Type 1 interferonopathy of childhood</Name>
                        <DisorderType id="36561">
                          <Name lang="en">Category</Name>
                        </DisorderType>
                      </Disorder>
                      <ClassificationNodeChildList count="13">
                        <ClassificationNode>
                          <Disorder id="1309">
                            <OrphaCode>51</OrphaCode>
                            <ExpertLink lang="en">http://www.orpha.net/consor/cgi-bin/OC_Exp.php?lng=en&amp;Expert=51</ExpertLink>
                            <Name lang="en">Aicardi-Gouti�res syndrome</Name>
                            <DisorderType id="21394">
                              <Name lang="en">Disease</Name>
                            </DisorderType>
                          </Disorder>
                          <ClassificationNodeChildList count="0">
                          </ClassificationNodeChildList>
                        </ClassificationNode>
                        <ClassificationNode>
                          <Disorder id="25239">
                            <OrphaCode>481662</OrphaCode>
                            <ExpertLink lang="en">http://www.orpha.net/consor/cgi-bin/OC_Exp.php?lng=en&amp;Expert=481662</ExpertLink>
                            <Name lang="en">Familial Chilblain lupus</Name>
                            <DisorderType id="21394">
                              <Name lang="en">Disease</Name>
                            </DisorderType>
                          </Disorder>
                          <ClassificationNodeChildList count="0">
                          </ClassificationNodeChildList>
                        </ClassificationNode>
                        <ClassificationNode>
                          <Disorder id="2842">
                            <OrphaCode>1855</OrphaCode>
                            <ExpertLink lang="en">http://www.orpha.net/consor/cgi-bin/OC_Exp.php?lng=en&amp;Expert=1855</ExpertLink>
                            <Name lang="en">Spondyloenchondrodysplasia</Name>
                            <DisorderType id="21401">
                              <Name lang="en">Malformation syndrome</Name>
                            </DisorderType>
                          </Disorder>
                          <ClassificationNodeChildList count="0">
                          </ClassificationNodeChildList>
                        </ClassificationNode>
                        <ClassificationNode>
                          <Disorder id="21114">
                            <OrphaCode>300345</OrphaCode>
                            <ExpertLink lang="en">http://www.orpha.net/consor/cgi-bin/OC_Exp.php?lng=en&amp;Expert=300345</ExpertLink>
                            <Name lang="en">Autosomal systemic lupus erythematosus</Name>
                            <DisorderType id="21394">
                              <Name lang="en">Disease</Name>
                            </DisorderType>
                          </Disorder>
                          <ClassificationNodeChildList count="0">
                          </ClassificationNodeChildList>
                        </ClassificationNode>
                        <ClassificationNode>
                          <Disorder id="21819">
                            <OrphaCode>324977</OrphaCode>
                            <ExpertLink lang="en">http://www.orpha.net/consor/cgi-bin/OC_Exp.php?lng=en&amp;Expert=324977</ExpertLink>
                            <Name lang="en">Proteasome-associated autoinflammatory syndrome</Name>
                            <DisorderType id="21394">
                              <Name lang="en">Disease</Name>
                            </DisorderType>
                          </Disorder>
                          <ClassificationNodeChildList count="0">
                          </ClassificationNodeChildList>
                        </ClassificationNode>
                        <ClassificationNode>
                          <Disorder id="11649">
                            <OrphaCode>85191</OrphaCode>
                            <ExpertLink lang="en">http://www.orpha.net/consor/cgi-bin/OC_Exp.php?lng=en&amp;Expert=85191</ExpertLink>
                            <Name lang="en">Singleton-Merten dysplasia</Name>
                            <DisorderType id="21401">
                              <Name lang="en">Malformation syndrome</Name>
                            </DisorderType>
                          </Disorder>
                          <ClassificationNodeChildList count="0">
                          </ClassificationNodeChildList>
                        </ClassificationNode>
                        <ClassificationNode>
                          <Disorder id="21674">
                            <OrphaCode>319563</OrphaCode>
                            <ExpertLink lang="en">http://www.orpha.net/consor/cgi-bin/OC_Exp.php?lng=en&amp;Expert=319563</ExpertLink>
                            <Name lang="en">Mendelian susceptibility to mycobacterial diseases due to complete ISG15 deficiency</Name>
                            <DisorderType id="21394">
                              <Name lang="en">Disease</Name>
                            </DisorderType>
                          </Disorder>
                          <ClassificationNodeChildList count="0">
                          </ClassificationNodeChildList>
                        </ClassificationNode>
                        <ClassificationNode>
                          <Disorder id="11605">
                            <OrphaCode>84064</OrphaCode>
                            <ExpertLink lang="en">http://www.orpha.net/consor/cgi-bin/OC_Exp.php?lng=en&amp;Expert=84064</ExpertLink>
                            <Name lang="en">Syndromic diarrhea</Name>
                            <DisorderType id="21394">
                              <Name lang="en">Disease</Name>
                            </DisorderType>
                          </Disorder>
                          <ClassificationNodeChildList count="0">
                          </ClassificationNodeChildList>
                        </ClassificationNode>
                        <ClassificationNode>
                          <Disorder id="23209">
                            <OrphaCode>425120</OrphaCode>
                            <ExpertLink lang="en">http://www.orpha.net/consor/cgi-bin/OC_Exp.php?lng=en&amp;Expert=425120</ExpertLink>
                            <Name lang="en">STING-associated vasculopathy with onset in infancy</Name>
                            <DisorderType id="21394">
                              <Name lang="en">Disease</Name>
                            </DisorderType>
                          </Disorder>
                          <ClassificationNodeChildList count="0">
                          </ClassificationNodeChildList>
                        </ClassificationNode>
                        <ClassificationNode>
                          <Disorder id="11724">
                            <OrphaCode>85453</OrphaCode>
                            <ExpertLink lang="en">http://www.orpha.net/consor/cgi-bin/OC_Exp.php?lng=en&amp;Expert=85453</ExpertLink>
                            <Name lang="en">X-linked reticulate pigmentary disorder</Name>
                            <DisorderType id="21394">
                              <Name lang="en">Disease</Name>
                            </DisorderType>
                          </Disorder>
                          <ClassificationNodeChildList count="0">
                          </ClassificationNodeChildList>
                        </ClassificationNode>
                        <ClassificationNode>
                          <Disorder id="22938">
                            <OrphaCode>404553</OrphaCode>
                            <ExpertLink lang="en">http://www.orpha.net/consor/cgi-bin/OC_Exp.php?lng=en&amp;Expert=404553</ExpertLink>
                            <Name lang="en">Adenosine deaminase 2 deficiency</Name>
                            <DisorderType id="21394">
                              <Name lang="en">Disease</Name>
                            </DisorderType>
                          </Disorder>
                          <ClassificationNodeChildList count="0">
                          </ClassificationNodeChildList>
                        </ClassificationNode>
                        <ClassificationNode>
                          <Disorder id="25240">
                            <OrphaCode>481665</OrphaCode>
                            <ExpertLink lang="en">http://www.orpha.net/consor/cgi-bin/OC_Exp.php?lng=en&amp;Expert=481665</ExpertLink>
                            <Name lang="en">USP18 deficiency</Name>
                            <DisorderType id="21394">
                              <Name lang="en">Disease</Name>
                            </DisorderType>
                          </Disorder>
                          <ClassificationNodeChildList count="0">
                          </ClassificationNodeChildList>
                        </ClassificationNode>
                        <ClassificationNode>
                          <Disorder id="31416">
                            <OrphaCode>619367</OrphaCode>
                            <ExpertLink lang="en">http://www.orpha.net/consor/cgi-bin/OC_Exp.php?lng=en&amp;Expert=619367</ExpertLink>
                            <Name lang="en">SAMD9L-associated autoinflammatory syndrome</Name>
                            <DisorderType id="21394">
                              <Name lang="en">Disease</Name>
                            </DisorderType>
                          </Disorder>
                          <ClassificationNodeChildList count="0">
                          </ClassificationNodeChildList>
                        </ClassificationNode>
                      </ClassificationNodeChildList>
                    </ClassificationNode>
                  </ClassificationNodeChildList>
                </ClassificationNode>
                <ClassificationNode>
                  <Disorder id="21950">
                    <OrphaCode>329967</OrphaCode>
                    <ExpertLink lang="en">http://www.orpha.net/consor/cgi-bin/OC_Exp.php?lng=en&amp;Expert=329967</ExpertLink>
                    <Name lang="en">Intermittent hydrarthrosis</Name>
                    <DisorderType id="21394">
                      <Name lang="en">Disease</Name>
                    </DisorderType>
                  </Disorder>
                  <ClassificationNodeChildList count="0">
                  </ClassificationNodeChildList>
                </ClassificationNode>
              </ClassificationNodeChildList>
            </ClassificationNode>
          </ClassificationNodeChildList>
        </ClassificationNode>
      </ClassificationNodeRootList>
    </Classification>
  </ClassificationList>
</JDBOR>
