<?xml version="1.0" encoding="UTF-8"?>
<JDBOR ExtractionDate="2024-06-27 12:44:49" version="1.3.29 / 4.1.7 [2023-08-02] (orientdb version)" copyright="Orphanet (c) 2024" dbserver="jdbc:sybase:Tds:canard.orpha.net:2020">
  <Availability> 
    <Licence>
      <FullName lang="en">Creative Commons Attribution 4.0 International</FullName>
      <ShortIdentifier>CC-BY-4.0</ShortIdentifier>
      <LegalCode>https://creativecommons.org/licenses/by/4.0/legalcode</LegalCode>
    </Licence>
  </Availability>
  <ClassificationList count="1">
    <Classification id="212">
      <OrphaNumber>164832</OrphaNumber>
      <Name lang="pl">Klasyfikacja Orphanetu rzadkich chorób alergicznych</Name>
      <ClassificationNodeRootList count="1">
        <ClassificationNode>
          <Disorder id="13068">
            <OrphaCode>98050</OrphaCode>
            <ExpertLink lang="pl">http://www.orpha.net/consor/cgi-bin/OC_Exp.php?lng=pl&amp;Expert=98050</ExpertLink>
            <Name lang="pl">Rzadkie choroby alergiczne</Name>
            <DisorderType id="36561">
              <Name lang="pl">Kategoria</Name>
            </DisorderType>
          </Disorder>
          <ClassificationNodeChildList count="4">
            <ClassificationNode>
              <Disorder id="8618">
                <OrphaCode>658</OrphaCode>
                <ExpertLink lang="pl">http://www.orpha.net/consor/cgi-bin/OC_Exp.php?lng=pl&amp;Expert=658</ExpertLink>
                <Name lang="pl">Obrzęk naczynioruchowy niehistaminowy</Name>
                <DisorderType id="21436">
                  <Name lang="pl">Grupa fenomenów</Name>
                </DisorderType>
              </Disorder>
              <ClassificationNodeChildList count="2">
                <ClassificationNode>
                  <Disorder id="12136">
                    <OrphaCode>91378</OrphaCode>
                    <ExpertLink lang="pl">http://www.orpha.net/consor/cgi-bin/OC_Exp.php?lng=pl&amp;Expert=91378</ExpertLink>
                    <Name lang="pl">Dziedziczny obrzęk naczynioruchowy</Name>
                    <DisorderType id="21436">
                      <Name lang="pl">Grupa fenomenów</Name>
                    </DisorderType>
                  </Disorder>
                  <ClassificationNodeChildList count="2">
                    <ClassificationNode>
                      <Disorder id="27541">
                        <OrphaCode>528623</OrphaCode>
                        <ExpertLink lang="pl">http://www.orpha.net/consor/cgi-bin/OC_Exp.php?lng=pl&amp;Expert=528623</ExpertLink>
                        <Name lang="pl">Dziedziczny obrzęk naczynioruchowy z niedoborem C1Inh</Name>
                        <DisorderType id="21394">
                          <Name lang="pl">Choroba</Name>
                        </DisorderType>
                      </Disorder>
                      <ClassificationNodeChildList count="2">
                        <ClassificationNode>
                          <Disorder id="14623">
                            <OrphaCode>100050</OrphaCode>
                            <ExpertLink lang="pl">http://www.orpha.net/consor/cgi-bin/OC_Exp.php?lng=pl&amp;Expert=100050</ExpertLink>
                            <Name lang="pl">Dziedziczny obrzęk naczynioruchowy typu 1</Name>
                            <DisorderType id="21443">
                              <Name lang="pl">Podtyp etiologiczny</Name>
                            </DisorderType>
                          </Disorder>
                          <ClassificationNodeChildList count="0">
                          </ClassificationNodeChildList>
                        </ClassificationNode>
                        <ClassificationNode>
                          <Disorder id="14624">
                            <OrphaCode>100051</OrphaCode>
                            <ExpertLink lang="pl">http://www.orpha.net/consor/cgi-bin/OC_Exp.php?lng=pl&amp;Expert=100051</ExpertLink>
                            <Name lang="pl">Dziedziczny obrzęk naczynioruchowy 2</Name>
                            <DisorderType id="21443">
                              <Name lang="pl">Podtyp etiologiczny</Name>
                            </DisorderType>
                          </Disorder>
                          <ClassificationNodeChildList count="0">
                          </ClassificationNodeChildList>
                        </ClassificationNode>
                      </ClassificationNodeChildList>
                    </ClassificationNode>
                    <ClassificationNode>
                      <Disorder id="27542">
                        <OrphaCode>528647</OrphaCode>
                        <ExpertLink lang="pl">http://www.orpha.net/consor/cgi-bin/OC_Exp.php?lng=pl&amp;Expert=528647</ExpertLink>
                        <Name lang="pl">Dziedziczny obrzęk naczynioruchowy z prawidłowym poziomem C1Inh</Name>
                        <DisorderType id="21394">
                          <Name lang="pl">Choroba</Name>
                        </DisorderType>
                      </Disorder>
                      <ClassificationNodeChildList count="3">
                        <ClassificationNode>
                          <Disorder id="14627">
                            <OrphaCode>100054</OrphaCode>
                            <ExpertLink lang="pl">http://www.orpha.net/consor/cgi-bin/OC_Exp.php?lng=pl&amp;Expert=100054</ExpertLink>
                            <Name lang="pl">Dziedziczny obrzęk naczynioruchowy typu 3</Name>
                            <DisorderType id="21450">
                              <Name lang="pl">Podtyp kliniczny</Name>
                            </DisorderType>
                          </Disorder>
                          <ClassificationNodeChildList count="0">
                          </ClassificationNodeChildList>
                        </ClassificationNode>
                        <ClassificationNode>
                          <Disorder id="27892">
                            <OrphaCode>537072</OrphaCode>
                            <ExpertLink lang="pl">http://www.orpha.net/consor/cgi-bin/OC_Exp.php?lng=pl&amp;Expert=537072</ExpertLink>
                            <Name lang="pl">Dziedziczny obrzęk naczynioruchowy związany z PLG z prawidłowym C1Inh</Name>
                            <DisorderType id="21450">
                              <Name lang="pl">Podtyp kliniczny</Name>
                            </DisorderType>
                          </Disorder>
                          <ClassificationNodeChildList count="0">
                          </ClassificationNodeChildList>
                        </ClassificationNode>
                        <ClassificationNode>
                          <Disorder id="29926">
                            <OrphaCode>599418</OrphaCode>
                            <ExpertLink lang="pl">http://www.orpha.net/consor/cgi-bin/OC_Exp.php?lng=pl&amp;Expert=599418</ExpertLink>
                            <Name lang="pl">Dziedziczny obrzęk naczynioruchowy z prawidłowym C1Inh niezwiązany z wariantem F12 lub PLG</Name>
                            <DisorderType id="21450">
                              <Name lang="pl">Podtyp kliniczny</Name>
                            </DisorderType>
                          </Disorder>
                          <ClassificationNodeChildList count="0">
                          </ClassificationNodeChildList>
                        </ClassificationNode>
                      </ClassificationNodeChildList>
                    </ClassificationNode>
                  </ClassificationNodeChildList>
                </ClassificationNode>
                <ClassificationNode>
                  <Disorder id="12137">
                    <OrphaCode>91385</OrphaCode>
                    <ExpertLink lang="pl">http://www.orpha.net/consor/cgi-bin/OC_Exp.php?lng=pl&amp;Expert=91385</ExpertLink>
                    <Name lang="pl">Nabyty obrzęk naczynioruchowy</Name>
                    <DisorderType id="21436">
                      <Name lang="pl">Grupa fenomenów</Name>
                    </DisorderType>
                  </Disorder>
                  <ClassificationNodeChildList count="2">
                    <ClassificationNode>
                      <Disorder id="27543">
                        <OrphaCode>528663</OrphaCode>
                        <ExpertLink lang="pl">http://www.orpha.net/consor/cgi-bin/OC_Exp.php?lng=pl&amp;Expert=528663</ExpertLink>
                        <Name lang="pl">Nabyty obrzęk naczynioruchowy z niedoborem C1Inh</Name>
                        <DisorderType id="21394">
                          <Name lang="pl">Choroba</Name>
                        </DisorderType>
                      </Disorder>
                      <ClassificationNodeChildList count="2">
                        <ClassificationNode>
                          <Disorder id="14628">
                            <OrphaCode>100055</OrphaCode>
                            <ExpertLink lang="pl">http://www.orpha.net/consor/cgi-bin/OC_Exp.php?lng=pl&amp;Expert=100055</ExpertLink>
                            <Name lang="pl">Nabyty obrzęk naczynioruchowy typu 2</Name>
                            <DisorderType id="21450">
                              <Name lang="pl">Podtyp kliniczny</Name>
                            </DisorderType>
                          </Disorder>
                          <ClassificationNodeChildList count="0">
                          </ClassificationNodeChildList>
                        </ClassificationNode>
                        <ClassificationNode>
                          <Disorder id="14629">
                            <OrphaCode>100056</OrphaCode>
                            <ExpertLink lang="pl">http://www.orpha.net/consor/cgi-bin/OC_Exp.php?lng=pl&amp;Expert=100056</ExpertLink>
                            <Name lang="pl">Nabyty obrzęk naczynioruchowy typu 1</Name>
                            <DisorderType id="21450">
                              <Name lang="pl">Podtyp kliniczny</Name>
                            </DisorderType>
                          </Disorder>
                          <ClassificationNodeChildList count="0">
                          </ClassificationNodeChildList>
                        </ClassificationNode>
                      </ClassificationNodeChildList>
                    </ClassificationNode>
                    <ClassificationNode>
                      <Disorder id="14630">
                        <OrphaCode>100057</OrphaCode>
                        <ExpertLink lang="pl">http://www.orpha.net/consor/cgi-bin/OC_Exp.php?lng=pl&amp;Expert=100057</ExpertLink>
                        <Name lang="pl">Obrzęk naczynioruchowy indukowany blokerem układu renina-angiotensyna-aldosteron</Name>
                        <DisorderType id="21394">
                          <Name lang="pl">Choroba</Name>
                        </DisorderType>
                      </Disorder>
                      <ClassificationNodeChildList count="0">
                      </ClassificationNodeChildList>
                    </ClassificationNode>
                  </ClassificationNodeChildList>
                </ClassificationNode>
              </ClassificationNodeChildList>
            </ClassificationNode>
            <ClassificationNode>
              <Disorder id="11410">
                <OrphaCode>79384</OrphaCode>
                <ExpertLink lang="pl">http://www.orpha.net/consor/cgi-bin/OC_Exp.php?lng=pl&amp;Expert=79384</ExpertLink>
                <Name lang="pl">Rzadka pokrzywka</Name>
                <DisorderType id="36561">
                  <Name lang="pl">Kategoria</Name>
                </DisorderType>
              </Disorder>
              <ClassificationNodeChildList count="3">
                <ClassificationNode>
                  <Disorder id="2296">
                    <OrphaCode>2483</OrphaCode>
                    <ExpertLink lang="pl">http://www.orpha.net/consor/cgi-bin/OC_Exp.php?lng=pl&amp;Expert=2483</ExpertLink>
                    <Name lang="pl">Zespół Melkerssona i Rosenthala</Name>
                    <DisorderType id="21401">
                      <Name lang="pl">Zespół wad wrodzonych</Name>
                    </DisorderType>
                  </Disorder>
                  <ClassificationNodeChildList count="0">
                  </ClassificationNodeChildList>
                </ClassificationNode>
                <ClassificationNode>
                  <Disorder id="10849">
                    <OrphaCode>64745</OrphaCode>
                    <ExpertLink lang="pl">http://www.orpha.net/consor/cgi-bin/OC_Exp.php?lng=pl&amp;Expert=64745</ExpertLink>
                    <Name lang="pl">Swędzące grudki i ogniska pokrzywkowe w przebiegu ciąży</Name>
                    <DisorderType id="21394">
                      <Name lang="pl">Choroba</Name>
                    </DisorderType>
                  </Disorder>
                  <ClassificationNodeChildList count="0">
                  </ClassificationNodeChildList>
                </ClassificationNode>
                <ClassificationNode>
                  <Disorder id="25553">
                    <OrphaCode>493342</OrphaCode>
                    <ExpertLink lang="pl">http://www.orpha.net/consor/cgi-bin/OC_Exp.php?lng=pl&amp;Expert=493342</ExpertLink>
                    <Name lang="pl">Pokrzywka wibracyjna</Name>
                    <DisorderType id="21394">
                      <Name lang="pl">Choroba</Name>
                    </DisorderType>
                  </Disorder>
                  <ClassificationNodeChildList count="0">
                  </ClassificationNodeChildList>
                </ClassificationNode>
              </ClassificationNodeChildList>
            </ClassificationNode>
            <ClassificationNode>
              <Disorder id="13070">
                <OrphaCode>98052</OrphaCode>
                <ExpertLink lang="pl">http://www.orpha.net/consor/cgi-bin/OC_Exp.php?lng=pl&amp;Expert=98052</ExpertLink>
                <Name lang="pl">Rzadkie choroby alergiczne układu oddechowego</Name>
                <DisorderType id="36561">
                  <Name lang="pl">Kategoria</Name>
                </DisorderType>
              </Disorder>
              <ClassificationNodeChildList count="3">
                <ClassificationNode>
                  <Disorder id="744">
                    <OrphaCode>1164</OrphaCode>
                    <ExpertLink lang="pl">http://www.orpha.net/consor/cgi-bin/OC_Exp.php?lng=pl&amp;Expert=1164</ExpertLink>
                    <Name lang="pl">Alergiczna aspegiloza oskrzelowo-płucna</Name>
                    <DisorderType id="21394">
                      <Name lang="pl">Choroba</Name>
                    </DisorderType>
                  </Disorder>
                  <ClassificationNodeChildList count="0">
                  </ClassificationNodeChildList>
                </ClassificationNode>
                <ClassificationNode>
                  <Disorder id="7033">
                    <OrphaCode>2902</OrphaCode>
                    <ExpertLink lang="pl">http://www.orpha.net/consor/cgi-bin/OC_Exp.php?lng=pl&amp;Expert=2902</ExpertLink>
                    <Name lang="pl">Idiopatyczne przewlekłe eozynofilowe zapalenie płuc</Name>
                    <DisorderType id="21394">
                      <Name lang="pl">Choroba</Name>
                    </DisorderType>
                  </Disorder>
                  <ClassificationNodeChildList count="0">
                  </ClassificationNodeChildList>
                </ClassificationNode>
                <ClassificationNode>
                  <Disorder id="9794">
                    <OrphaCode>31740</OrphaCode>
                    <ExpertLink lang="pl">http://www.orpha.net/consor/cgi-bin/OC_Exp.php?lng=pl&amp;Expert=31740</ExpertLink>
                    <Name lang="pl">Alergiczne zapalenie pęcherzyków płucnych</Name>
                    <DisorderType id="21436">
                      <Name lang="pl">Grupa fenomenów</Name>
                    </DisorderType>
                  </Disorder>
                  <ClassificationNodeChildList count="2">
                    <ClassificationNode>
                      <Disorder id="14480">
                        <OrphaCode>99907</OrphaCode>
                        <ExpertLink lang="pl">http://www.orpha.net/consor/cgi-bin/OC_Exp.php?lng=pl&amp;Expert=99907</ExpertLink>
                        <Name lang="pl">Domowe alergiczne zapalenie pcherzyków płucnych</Name>
                        <DisorderType id="21394">
                          <Name lang="pl">Choroba</Name>
                        </DisorderType>
                      </Disorder>
                      <ClassificationNodeChildList count="0">
                      </ClassificationNodeChildList>
                    </ClassificationNode>
                    <ClassificationNode>
                      <Disorder id="14482">
                        <OrphaCode>99909</OrphaCode>
                        <ExpertLink lang="pl">http://www.orpha.net/consor/cgi-bin/OC_Exp.php?lng=pl&amp;Expert=99909</ExpertLink>
                        <Name lang="pl">Zawodowe alergiczne zapalenie pęcherzyków płucnych</Name>
                        <DisorderType id="21436">
                          <Name lang="pl">Grupa fenomenów</Name>
                        </DisorderType>
                      </Disorder>
                      <ClassificationNodeChildList count="2">
                        <ClassificationNode>
                          <Disorder id="14479">
                            <OrphaCode>99906</OrphaCode>
                            <ExpertLink lang="pl">http://www.orpha.net/consor/cgi-bin/OC_Exp.php?lng=pl&amp;Expert=99906</ExpertLink>
                            <Name lang="pl">Płuca rolnika</Name>
                            <DisorderType id="21394">
                              <Name lang="pl">Choroba</Name>
                            </DisorderType>
                          </Disorder>
                          <ClassificationNodeChildList count="0">
                          </ClassificationNodeChildList>
                        </ClassificationNode>
                        <ClassificationNode>
                          <Disorder id="14481">
                            <OrphaCode>99908</OrphaCode>
                            <ExpertLink lang="pl">http://www.orpha.net/consor/cgi-bin/OC_Exp.php?lng=pl&amp;Expert=99908</ExpertLink>
                            <Name lang="pl">Choroba płuc hodowców gołębi</Name>
                            <DisorderType id="21394">
                              <Name lang="pl">Choroba</Name>
                            </DisorderType>
                          </Disorder>
                          <ClassificationNodeChildList count="0">
                          </ClassificationNodeChildList>
                        </ClassificationNode>
                      </ClassificationNodeChildList>
                    </ClassificationNode>
                  </ClassificationNodeChildList>
                </ClassificationNode>
              </ClassificationNodeChildList>
            </ClassificationNode>
            <ClassificationNode>
              <Disorder id="22459">
                <OrphaCode>369992</OrphaCode>
                <ExpertLink lang="pl">http://www.orpha.net/consor/cgi-bin/OC_Exp.php?lng=pl&amp;Expert=369992</ExpertLink>
                <Name lang="pl">Zespół ciężkie zapalenie skóry-mnogie alergie-wyniszczenie metaboliczne</Name>
                <DisorderType id="21394">
                  <Name lang="pl">Choroba</Name>
                </DisorderType>
              </Disorder>
              <ClassificationNodeChildList count="0">
              </ClassificationNodeChildList>
            </ClassificationNode>
          </ClassificationNodeChildList>
        </ClassificationNode>
      </ClassificationNodeRootList>
    </Classification>
  </ClassificationList>
</JDBOR>
