<?xml version="1.0" encoding="UTF-8"?>
<JDBOR ExtractionDate="2022-06-14 07:39:52" version="1.3.16 / 4.1.7 [2022-01-26] (orientdb version)" copyright="Orphanet (c) 2022" dbserver="jdbc:sybase:Tds:canard.orpha.net:2020">
  <Availability> 
    <Licence>
      <FullName lang="en">Creative Commons Attribution 4.0 International</FullName>
      <ShortIdentifier>CC-BY-4.0</ShortIdentifier>
      <LegalCode>https://creativecommons.org/licenses/by/4.0/legalcode</LegalCode>
    </Licence>
  </Availability>
  <ClassificationList count="1">
    <Classification id="186">
      <OrphaNumber>162709</OrphaNumber>
      <Name lang="pl">Klasyfikacja Orphanetu rzadkich chorób klatki piersiowej poddawanych operacjom chirurgicznym</Name>
      <ClassificationNodeRootList count="1">
        <ClassificationNode>
          <Disorder id="12980">
            <OrphaCode>97962</OrphaCode>
            <ExpertLink lang="pl">http://www.orpha.net/consor/cgi-bin/OC_Exp.php?lng=pl&amp;Expert=97962</ExpertLink>
            <Name lang="pl">Rzadkie operacyjne choroby klatki piersiowej</Name>
            <DisorderType id="36561">
              <Name lang="pl">Kategoria</Name>
            </DisorderType>
          </Disorder>
          <ClassificationNodeChildList count="6">
            <ClassificationNode>
              <Disorder id="12889">
                <OrphaCode>97330</OrphaCode>
                <ExpertLink lang="pl">http://www.orpha.net/consor/cgi-bin/OC_Exp.php?lng=pl&amp;Expert=97330</ExpertLink>
                <Name lang="pl">Zespół górnego otworu klatki piersiowej</Name>
                <DisorderType id="21394">
                  <Name lang="pl">Choroba</Name>
                </DisorderType>
              </Disorder>
              <ClassificationNodeChildList count="3">
                <ClassificationNode>
                  <Disorder id="14646">
                    <OrphaCode>100073</OrphaCode>
                    <ExpertLink lang="pl">http://www.orpha.net/consor/cgi-bin/OC_Exp.php?lng=pl&amp;Expert=100073</ExpertLink>
                    <Name lang="pl">Neurogenny zespół górnego otworu klatki piersiowej</Name>
                    <DisorderType id="21450">
                      <Name lang="pl">Podtyp kliniczny</Name>
                    </DisorderType>
                  </Disorder>
                  <ClassificationNodeChildList count="0">
                  </ClassificationNodeChildList>
                </ClassificationNode>
                <ClassificationNode>
                  <Disorder id="22204">
                    <OrphaCode>357107</OrphaCode>
                    <ExpertLink lang="pl">http://www.orpha.net/consor/cgi-bin/OC_Exp.php?lng=pl&amp;Expert=357107</ExpertLink>
                    <Name lang="pl">Tętniczy zespół górnego otworu klatki piersiowej</Name>
                    <DisorderType id="21450">
                      <Name lang="pl">Podtyp kliniczny</Name>
                    </DisorderType>
                  </Disorder>
                  <ClassificationNodeChildList count="0">
                  </ClassificationNodeChildList>
                </ClassificationNode>
                <ClassificationNode>
                  <Disorder id="22205">
                    <OrphaCode>357131</OrphaCode>
                    <ExpertLink lang="pl">http://www.orpha.net/consor/cgi-bin/OC_Exp.php?lng=pl&amp;Expert=357131</ExpertLink>
                    <Name lang="pl">Żylny zespół górnego otworu klatki piersiowej</Name>
                    <DisorderType id="21450">
                      <Name lang="pl">Podtyp kliniczny</Name>
                    </DisorderType>
                  </Disorder>
                  <ClassificationNodeChildList count="0">
                  </ClassificationNodeChildList>
                </ClassificationNode>
              </ClassificationNodeChildList>
            </ClassificationNode>
            <ClassificationNode>
              <Disorder id="15028">
                <OrphaCode>108993</OrphaCode>
                <ExpertLink lang="pl">http://www.orpha.net/consor/cgi-bin/OC_Exp.php?lng=pl&amp;Expert=108993</ExpertLink>
                <Name lang="pl">Niesyndromiczna malformacja układu oddechowego lub śródpiersia</Name>
                <DisorderType id="36561">
                  <Name lang="pl">Kategoria</Name>
                </DisorderType>
              </Disorder>
              <ClassificationNodeChildList count="15">
                <ClassificationNode>
                  <Disorder id="597">
                    <OrphaCode>3346</OrphaCode>
                    <ExpertLink lang="pl">http://www.orpha.net/consor/cgi-bin/OC_Exp.php?lng=pl&amp;Expert=3346</ExpertLink>
                    <Name lang="pl">Agenezja tchawicy</Name>
                    <DisorderType id="21415">
                      <Name lang="pl">Wada morfologiczna</Name>
                    </DisorderType>
                  </Disorder>
                  <ClassificationNodeChildList count="0">
                  </ClassificationNodeChildList>
                </ClassificationNode>
                <ClassificationNode>
                  <Disorder id="802">
                    <OrphaCode>1928</OrphaCode>
                    <ExpertLink lang="pl">http://www.orpha.net/consor/cgi-bin/OC_Exp.php?lng=pl&amp;Expert=1928</ExpertLink>
                    <Name lang="pl">Wrodzona rozedma płatowa</Name>
                    <DisorderType id="21415">
                      <Name lang="pl">Wada morfologiczna</Name>
                    </DisorderType>
                  </Disorder>
                  <ClassificationNodeChildList count="0">
                  </ClassificationNodeChildList>
                </ClassificationNode>
                <ClassificationNode>
                  <Disorder id="1941">
                    <OrphaCode>2004</OrphaCode>
                    <ExpertLink lang="pl">http://www.orpha.net/consor/cgi-bin/OC_Exp.php?lng=pl&amp;Expert=2004</ExpertLink>
                    <Name lang="pl">Rozszczep krtaniowo-tchawiczo-przełykowy</Name>
                    <DisorderType id="21415">
                      <Name lang="pl">Wada morfologiczna</Name>
                    </DisorderType>
                  </Disorder>
                  <ClassificationNodeChildList count="5">
                    <ClassificationNode>
                      <Disorder id="12498">
                        <OrphaCode>93938</OrphaCode>
                        <ExpertLink lang="pl">http://www.orpha.net/consor/cgi-bin/OC_Exp.php?lng=pl&amp;Expert=93938</ExpertLink>
                        <Name lang="pl">Rozszczep krtaniowo-tchawiczo-przełykowy typu 1</Name>
                        <DisorderType id="21450">
                          <Name lang="pl">Podtyp kliniczny</Name>
                        </DisorderType>
                      </Disorder>
                      <ClassificationNodeChildList count="0">
                      </ClassificationNodeChildList>
                    </ClassificationNode>
                    <ClassificationNode>
                      <Disorder id="12499">
                        <OrphaCode>93939</OrphaCode>
                        <ExpertLink lang="pl">http://www.orpha.net/consor/cgi-bin/OC_Exp.php?lng=pl&amp;Expert=93939</ExpertLink>
                        <Name lang="pl">Rozszczep krtaniowo-tchawiczo-przełykowy typu 2</Name>
                        <DisorderType id="21450">
                          <Name lang="pl">Podtyp kliniczny</Name>
                        </DisorderType>
                      </Disorder>
                      <ClassificationNodeChildList count="0">
                      </ClassificationNodeChildList>
                    </ClassificationNode>
                    <ClassificationNode>
                      <Disorder id="12500">
                        <OrphaCode>93940</OrphaCode>
                        <ExpertLink lang="pl">http://www.orpha.net/consor/cgi-bin/OC_Exp.php?lng=pl&amp;Expert=93940</ExpertLink>
                        <Name lang="pl">Rozszczep krtaniowo-tchawiczo-przełykowy typu 3</Name>
                        <DisorderType id="21450">
                          <Name lang="pl">Podtyp kliniczny</Name>
                        </DisorderType>
                      </Disorder>
                      <ClassificationNodeChildList count="0">
                      </ClassificationNodeChildList>
                    </ClassificationNode>
                    <ClassificationNode>
                      <Disorder id="12501">
                        <OrphaCode>93941</OrphaCode>
                        <ExpertLink lang="pl">http://www.orpha.net/consor/cgi-bin/OC_Exp.php?lng=pl&amp;Expert=93941</ExpertLink>
                        <Name lang="pl">Rozszczep krtaniowo-tchawiczo-przełykowy typu 4</Name>
                        <DisorderType id="21450">
                          <Name lang="pl">Podtyp kliniczny</Name>
                        </DisorderType>
                      </Disorder>
                      <ClassificationNodeChildList count="0">
                      </ClassificationNodeChildList>
                    </ClassificationNode>
                    <ClassificationNode>
                      <Disorder id="20437">
                        <OrphaCode>280205</OrphaCode>
                        <ExpertLink lang="pl">http://www.orpha.net/consor/cgi-bin/OC_Exp.php?lng=pl&amp;Expert=280205</ExpertLink>
                        <Name lang="pl">Szczelina krtaniowo-tchawiczo-przełykowa typu 0</Name>
                        <DisorderType id="21450">
                          <Name lang="pl">Podtyp kliniczny</Name>
                        </DisorderType>
                      </Disorder>
                      <ClassificationNodeChildList count="0">
                      </ClassificationNodeChildList>
                    </ClassificationNode>
                  </ClassificationNodeChildList>
                </ClassificationNode>
                <ClassificationNode>
                  <Disorder id="534">
                    <OrphaCode>2414</OrphaCode>
                    <ExpertLink lang="pl">http://www.orpha.net/consor/cgi-bin/OC_Exp.php?lng=pl&amp;Expert=2414</ExpertLink>
                    <Name lang="pl">Wrodzona limfangiektazja płuc</Name>
                    <DisorderType id="21394">
                      <Name lang="pl">Choroba</Name>
                    </DisorderType>
                  </Disorder>
                  <ClassificationNodeChildList count="0">
                  </ClassificationNodeChildList>
                </ClassificationNode>
                <ClassificationNode>
                  <Disorder id="538">
                    <OrphaCode>2444</OrphaCode>
                    <ExpertLink lang="pl">http://www.orpha.net/consor/cgi-bin/OC_Exp.php?lng=pl&amp;Expert=2444</ExpertLink>
                    <Name lang="pl">Wrodzona malformacja dróg oddechowych w płucach</Name>
                    <DisorderType id="21401">
                      <Name lang="pl">Zespół wad wrodzonych</Name>
                    </DisorderType>
                  </Disorder>
                  <ClassificationNodeChildList count="5">
                    <ClassificationNode>
                      <Disorder id="20506">
                        <OrphaCode>280827</OrphaCode>
                        <ExpertLink lang="pl">http://www.orpha.net/consor/cgi-bin/OC_Exp.php?lng=pl&amp;Expert=280827</ExpertLink>
                        <Name lang="pl">Wrodzona malformacja dróg oddechowych płuc, typu 0</Name>
                        <DisorderType id="21450">
                          <Name lang="pl">Podtyp kliniczny</Name>
                        </DisorderType>
                      </Disorder>
                      <ClassificationNodeChildList count="0">
                      </ClassificationNodeChildList>
                    </ClassificationNode>
                    <ClassificationNode>
                      <Disorder id="20507">
                        <OrphaCode>280832</OrphaCode>
                        <ExpertLink lang="pl">http://www.orpha.net/consor/cgi-bin/OC_Exp.php?lng=pl&amp;Expert=280832</ExpertLink>
                        <Name lang="pl">Wrodzona malformacja płuc, typu 1</Name>
                        <DisorderType id="21450">
                          <Name lang="pl">Podtyp kliniczny</Name>
                        </DisorderType>
                      </Disorder>
                      <ClassificationNodeChildList count="0">
                      </ClassificationNodeChildList>
                    </ClassificationNode>
                    <ClassificationNode>
                      <Disorder id="20508">
                        <OrphaCode>280840</OrphaCode>
                        <ExpertLink lang="pl">http://www.orpha.net/consor/cgi-bin/OC_Exp.php?lng=pl&amp;Expert=280840</ExpertLink>
                        <Name lang="pl">Wrodzona malformacja dróg oddechowych płuc, typu 2</Name>
                        <DisorderType id="21450">
                          <Name lang="pl">Podtyp kliniczny</Name>
                        </DisorderType>
                      </Disorder>
                      <ClassificationNodeChildList count="0">
                      </ClassificationNodeChildList>
                    </ClassificationNode>
                    <ClassificationNode>
                      <Disorder id="20509">
                        <OrphaCode>280847</OrphaCode>
                        <ExpertLink lang="pl">http://www.orpha.net/consor/cgi-bin/OC_Exp.php?lng=pl&amp;Expert=280847</ExpertLink>
                        <Name lang="pl">Wrodzona malformacja dróg oddechowych płuc, typu 3</Name>
                        <DisorderType id="21450">
                          <Name lang="pl">Podtyp kliniczny</Name>
                        </DisorderType>
                      </Disorder>
                      <ClassificationNodeChildList count="0">
                      </ClassificationNodeChildList>
                    </ClassificationNode>
                    <ClassificationNode>
                      <Disorder id="20510">
                        <OrphaCode>280854</OrphaCode>
                        <ExpertLink lang="pl">http://www.orpha.net/consor/cgi-bin/OC_Exp.php?lng=pl&amp;Expert=280854</ExpertLink>
                        <Name lang="pl">Wrodzona malformacja dróg oddechowych płuc, typu 4</Name>
                        <DisorderType id="21450">
                          <Name lang="pl">Podtyp kliniczny</Name>
                        </DisorderType>
                      </Disorder>
                      <ClassificationNodeChildList count="0">
                      </ClassificationNodeChildList>
                    </ClassificationNode>
                  </ClassificationNodeChildList>
                </ClassificationNode>
                <ClassificationNode>
                  <Disorder id="715">
                    <OrphaCode>984</OrphaCode>
                    <ExpertLink lang="pl">http://www.orpha.net/consor/cgi-bin/OC_Exp.php?lng=pl&amp;Expert=984</ExpertLink>
                    <Name lang="pl">Agenezja płuc</Name>
                    <DisorderType id="21415">
                      <Name lang="pl">Wada morfologiczna</Name>
                    </DisorderType>
                  </Disorder>
                  <ClassificationNodeChildList count="0">
                  </ClassificationNodeChildList>
                </ClassificationNode>
                <ClassificationNode>
                  <Disorder id="797">
                    <OrphaCode>2357</OrphaCode>
                    <ExpertLink lang="pl">http://www.orpha.net/consor/cgi-bin/OC_Exp.php?lng=pl&amp;Expert=2357</ExpertLink>
                    <Name lang="pl">Torbiel bronchogenna</Name>
                    <DisorderType id="21415">
                      <Name lang="pl">Wada morfologiczna</Name>
                    </DisorderType>
                  </Disorder>
                  <ClassificationNodeChildList count="0">
                  </ClassificationNodeChildList>
                </ClassificationNode>
                <ClassificationNode>
                  <Disorder id="798">
                    <OrphaCode>2040</OrphaCode>
                    <ExpertLink lang="pl">http://www.orpha.net/consor/cgi-bin/OC_Exp.php?lng=pl&amp;Expert=2040</ExpertLink>
                    <Name lang="pl">Wrodzona przetoka oskrzelowo-żółciowa</Name>
                    <DisorderType id="21415">
                      <Name lang="pl">Wada morfologiczna</Name>
                    </DisorderType>
                  </Disorder>
                  <ClassificationNodeChildList count="0">
                  </ClassificationNodeChildList>
                </ClassificationNode>
                <ClassificationNode>
                  <Disorder id="2125">
                    <OrphaCode>2257</OrphaCode>
                    <ExpertLink lang="pl">http://www.orpha.net/consor/cgi-bin/OC_Exp.php?lng=pl&amp;Expert=2257</ExpertLink>
                    <Name lang="pl">Rodzinna pierwotna hipoplazja płuc</Name>
                    <DisorderType id="21415">
                      <Name lang="pl">Wada morfologiczna</Name>
                    </DisorderType>
                  </Disorder>
                  <ClassificationNodeChildList count="0">
                  </ClassificationNodeChildList>
                </ClassificationNode>
                <ClassificationNode>
                  <Disorder id="3441">
                    <OrphaCode>2038</OrphaCode>
                    <ExpertLink lang="pl">http://www.orpha.net/consor/cgi-bin/OC_Exp.php?lng=pl&amp;Expert=2038</ExpertLink>
                    <Name lang="pl">Płucna  przetoka tętniczo-żylna</Name>
                    <DisorderType id="21415">
                      <Name lang="pl">Wada morfologiczna</Name>
                    </DisorderType>
                  </Disorder>
                  <ClassificationNodeChildList count="0">
                  </ClassificationNodeChildList>
                </ClassificationNode>
                <ClassificationNode>
                  <Disorder id="3457">
                    <OrphaCode>3161</OrphaCode>
                    <ExpertLink lang="pl">http://www.orpha.net/consor/cgi-bin/OC_Exp.php?lng=pl&amp;Expert=3161</ExpertLink>
                    <Name lang="pl">Wrodzona sekwestracja płuc</Name>
                    <DisorderType id="21401">
                      <Name lang="pl">Zespół wad wrodzonych</Name>
                    </DisorderType>
                  </Disorder>
                  <ClassificationNodeChildList count="3">
                    <ClassificationNode>
                      <Disorder id="20503">
                        <OrphaCode>280802</OrphaCode>
                        <ExpertLink lang="pl">http://www.orpha.net/consor/cgi-bin/OC_Exp.php?lng=pl&amp;Expert=280802</ExpertLink>
                        <Name lang="pl">Wrodzona sekwestracja wewnątrzpłatowa płuc</Name>
                        <DisorderType id="21450">
                          <Name lang="pl">Podtyp kliniczny</Name>
                        </DisorderType>
                      </Disorder>
                      <ClassificationNodeChildList count="0">
                      </ClassificationNodeChildList>
                    </ClassificationNode>
                    <ClassificationNode>
                      <Disorder id="20504">
                        <OrphaCode>280811</OrphaCode>
                        <ExpertLink lang="pl">http://www.orpha.net/consor/cgi-bin/OC_Exp.php?lng=pl&amp;Expert=280811</ExpertLink>
                        <Name lang="pl">Wrodzona sekwestracja pozapłatowa płuc</Name>
                        <DisorderType id="21450">
                          <Name lang="pl">Podtyp kliniczny</Name>
                        </DisorderType>
                      </Disorder>
                      <ClassificationNodeChildList count="0">
                      </ClassificationNodeChildList>
                    </ClassificationNode>
                    <ClassificationNode>
                      <Disorder id="20505">
                        <OrphaCode>280821</OrphaCode>
                        <ExpertLink lang="pl">http://www.orpha.net/consor/cgi-bin/OC_Exp.php?lng=pl&amp;Expert=280821</ExpertLink>
                        <Name lang="pl">Wrodzona komunikująca malformacja oskrzelowo-płucna i jelita przedniego</Name>
                        <DisorderType id="21450">
                          <Name lang="pl">Podtyp kliniczny</Name>
                        </DisorderType>
                      </Disorder>
                      <ClassificationNodeChildList count="0">
                      </ClassificationNodeChildList>
                    </ClassificationNode>
                  </ClassificationNodeChildList>
                </ClassificationNode>
                <ClassificationNode>
                  <Disorder id="10960">
                    <OrphaCode>70589</OrphaCode>
                    <ExpertLink lang="pl">http://www.orpha.net/consor/cgi-bin/OC_Exp.php?lng=pl&amp;Expert=70589</ExpertLink>
                    <Name lang="pl">Dysplazja oskrzelowo-płucna</Name>
                    <DisorderType id="21401">
                      <Name lang="pl">Zespół wad wrodzonych</Name>
                    </DisorderType>
                  </Disorder>
                  <ClassificationNodeChildList count="0">
                  </ClassificationNodeChildList>
                </ClassificationNode>
                <ClassificationNode>
                  <Disorder id="12589">
                    <OrphaCode>95430</OrphaCode>
                    <ExpertLink lang="pl">http://www.orpha.net/consor/cgi-bin/OC_Exp.php?lng=pl&amp;Expert=95430</ExpertLink>
                    <Name lang="pl">Wrodzone rozmiękanie tchawicy</Name>
                    <DisorderType id="21415">
                      <Name lang="pl">Wada morfologiczna</Name>
                    </DisorderType>
                  </Disorder>
                  <ClassificationNodeChildList count="0">
                  </ClassificationNodeChildList>
                </ClassificationNode>
                <ClassificationNode>
                  <Disorder id="23013">
                    <OrphaCode>411501</OrphaCode>
                    <ExpertLink lang="pl">http://www.orpha.net/consor/cgi-bin/OC_Exp.php?lng=pl&amp;Expert=411501</ExpertLink>
                    <Name lang="pl">Zespół Williamsa i Campbella</Name>
                    <DisorderType id="21415">
                      <Name lang="pl">Wada morfologiczna</Name>
                    </DisorderType>
                  </Disorder>
                  <ClassificationNodeChildList count="0">
                  </ClassificationNodeChildList>
                </ClassificationNode>
                <ClassificationNode>
                  <Disorder id="23661">
                    <OrphaCode>454750</OrphaCode>
                    <ExpertLink lang="pl">http://www.orpha.net/consor/cgi-bin/OC_Exp.php?lng=pl&amp;Expert=454750</ExpertLink>
                    <Name lang="pl">Izolowana przetoka tchawiczo-przełykowa</Name>
                    <DisorderType id="21415">
                      <Name lang="pl">Wada morfologiczna</Name>
                    </DisorderType>
                  </Disorder>
                  <ClassificationNodeChildList count="0">
                  </ClassificationNodeChildList>
                </ClassificationNode>
              </ClassificationNodeChildList>
            </ClassificationNode>
            <ClassificationNode>
              <Disorder id="15029">
                <OrphaCode>108995</OrphaCode>
                <ExpertLink lang="pl">http://www.orpha.net/consor/cgi-bin/OC_Exp.php?lng=pl&amp;Expert=108995</ExpertLink>
                <Name lang="pl">Syndromiczna malformacja układu oddechowego lub śródpiersia</Name>
                <DisorderType id="36561">
                  <Name lang="pl">Kategoria</Name>
                </DisorderType>
              </Disorder>
              <ClassificationNodeChildList count="8">
                <ClassificationNode>
                  <Disorder id="2283">
                    <OrphaCode>2470</OrphaCode>
                    <ExpertLink lang="pl">http://www.orpha.net/consor/cgi-bin/OC_Exp.php?lng=pl&amp;Expert=2470</ExpertLink>
                    <Name lang="pl">Zespół Matthew i Wooda</Name>
                    <DisorderType id="21401">
                      <Name lang="pl">Zespół wad wrodzonych</Name>
                    </DisorderType>
                  </Disorder>
                  <ClassificationNodeChildList count="0">
                  </ClassificationNodeChildList>
                </ClassificationNode>
                <ClassificationNode>
                  <Disorder id="1310">
                    <OrphaCode>994</OrphaCode>
                    <ExpertLink lang="pl">http://www.orpha.net/consor/cgi-bin/OC_Exp.php?lng=pl&amp;Expert=994</ExpertLink>
                    <Name lang="pl">Sekwencja deformacyjna akinazji płodu</Name>
                    <DisorderType id="21401">
                      <Name lang="pl">Zespół wad wrodzonych</Name>
                    </DisorderType>
                  </Disorder>
                  <ClassificationNodeChildList count="0">
                  </ClassificationNodeChildList>
                </ClassificationNode>
                <ClassificationNode>
                  <Disorder id="1400">
                    <OrphaCode>1120</OrphaCode>
                    <ExpertLink lang="pl">http://www.orpha.net/consor/cgi-bin/OC_Exp.php?lng=pl&amp;Expert=1120</ExpertLink>
                    <Name lang="pl">Agnezja płuc - wada serca - anomalie kciuka</Name>
                    <DisorderType id="21401">
                      <Name lang="pl">Zespół wad wrodzonych</Name>
                    </DisorderType>
                  </Disorder>
                  <ClassificationNodeChildList count="0">
                  </ClassificationNodeChildList>
                </ClassificationNode>
                <ClassificationNode>
                  <Disorder id="3428">
                    <OrphaCode>1132</OrphaCode>
                    <ExpertLink lang="pl">http://www.orpha.net/consor/cgi-bin/OC_Exp.php?lng=pl&amp;Expert=1132</ExpertLink>
                    <Name lang="pl">Wady łuku aorty</Name>
                    <DisorderType id="36561">
                      <Name lang="pl">Kategoria</Name>
                    </DisorderType>
                  </Disorder>
                  <ClassificationNodeChildList count="7">
                    <ClassificationNode>
                      <Disorder id="14092">
                        <OrphaCode>99075</OrphaCode>
                        <ExpertLink lang="pl">http://www.orpha.net/consor/cgi-bin/OC_Exp.php?lng=pl&amp;Expert=99075</ExpertLink>
                        <Name lang="pl">Podwójny łuk aorty</Name>
                        <DisorderType id="21415">
                          <Name lang="pl">Wada morfologiczna</Name>
                        </DisorderType>
                      </Disorder>
                      <ClassificationNodeChildList count="0">
                      </ClassificationNodeChildList>
                    </ClassificationNode>
                    <ClassificationNode>
                      <Disorder id="14093">
                        <OrphaCode>99076</OrphaCode>
                        <ExpertLink lang="pl">http://www.orpha.net/consor/cgi-bin/OC_Exp.php?lng=pl&amp;Expert=99076</ExpertLink>
                        <Name lang="pl">Przetrwały piąty łuk aorty</Name>
                        <DisorderType id="21415">
                          <Name lang="pl">Wada morfologiczna</Name>
                        </DisorderType>
                      </Disorder>
                      <ClassificationNodeChildList count="0">
                      </ClassificationNodeChildList>
                    </ClassificationNode>
                    <ClassificationNode>
                      <Disorder id="14094">
                        <OrphaCode>99077</OrphaCode>
                        <ExpertLink lang="pl">http://www.orpha.net/consor/cgi-bin/OC_Exp.php?lng=pl&amp;Expert=99077</ExpertLink>
                        <Name lang="pl">Uchyłek Kommerella</Name>
                        <DisorderType id="21415">
                          <Name lang="pl">Wada morfologiczna</Name>
                        </DisorderType>
                      </Disorder>
                      <ClassificationNodeChildList count="0">
                      </ClassificationNodeChildList>
                    </ClassificationNode>
                    <ClassificationNode>
                      <Disorder id="14095">
                        <OrphaCode>99078</OrphaCode>
                        <ExpertLink lang="pl">http://www.orpha.net/consor/cgi-bin/OC_Exp.php?lng=pl&amp;Expert=99078</ExpertLink>
                        <Name lang="pl">Anomalia Neuhausera</Name>
                        <DisorderType id="21415">
                          <Name lang="pl">Wada morfologiczna</Name>
                        </DisorderType>
                      </Disorder>
                      <ClassificationNodeChildList count="0">
                      </ClassificationNodeChildList>
                    </ClassificationNode>
                    <ClassificationNode>
                      <Disorder id="14096">
                        <OrphaCode>99079</OrphaCode>
                        <ExpertLink lang="pl">http://www.orpha.net/consor/cgi-bin/OC_Exp.php?lng=pl&amp;Expert=99079</ExpertLink>
                        <Name lang="pl">Łuk aorty szyjnej</Name>
                        <DisorderType id="21415">
                          <Name lang="pl">Wada morfologiczna</Name>
                        </DisorderType>
                      </Disorder>
                      <ClassificationNodeChildList count="0">
                      </ClassificationNodeChildList>
                    </ClassificationNode>
                    <ClassificationNode>
                      <Disorder id="14098">
                        <OrphaCode>99081</OrphaCode>
                        <ExpertLink lang="pl">http://www.orpha.net/consor/cgi-bin/OC_Exp.php?lng=pl&amp;Expert=99081</ExpertLink>
                        <Name lang="pl">Prawy łuk aorty</Name>
                        <DisorderType id="21415">
                          <Name lang="pl">Wada morfologiczna</Name>
                        </DisorderType>
                      </Disorder>
                      <ClassificationNodeChildList count="0">
                      </ClassificationNodeChildList>
                    </ClassificationNode>
                    <ClassificationNode>
                      <Disorder id="14099">
                        <OrphaCode>99082</OrphaCode>
                        <ExpertLink lang="pl">http://www.orpha.net/consor/cgi-bin/OC_Exp.php?lng=pl&amp;Expert=99082</ExpertLink>
                        <Name lang="pl">Dysphagia lusoria</Name>
                        <DisorderType id="21415">
                          <Name lang="pl">Wada morfologiczna</Name>
                        </DisorderType>
                      </Disorder>
                      <ClassificationNodeChildList count="0">
                      </ClassificationNodeChildList>
                    </ClassificationNode>
                  </ClassificationNodeChildList>
                </ClassificationNode>
                <ClassificationNode>
                  <Disorder id="2729">
                    <OrphaCode>3035</OrphaCode>
                    <ExpertLink lang="pl">http://www.orpha.net/consor/cgi-bin/OC_Exp.php?lng=pl&amp;Expert=3035</ExpertLink>
                    <Name lang="pl">Opóźnienie wzrostu - wodogłowie - hipoplazja płuc</Name>
                    <DisorderType id="21401">
                      <Name lang="pl">Zespół wad wrodzonych</Name>
                    </DisorderType>
                  </Disorder>
                  <ClassificationNodeChildList count="0">
                  </ClassificationNodeChildList>
                </ClassificationNode>
                <ClassificationNode>
                  <Disorder id="2233">
                    <OrphaCode>2407</OrphaCode>
                    <ExpertLink lang="pl">http://www.orpha.net/consor/cgi-bin/OC_Exp.php?lng=pl&amp;Expert=2407</ExpertLink>
                    <Name lang="pl">Zespół krtaniowo-paznokciowo-skórny</Name>
                    <DisorderType id="21394">
                      <Name lang="pl">Choroba</Name>
                    </DisorderType>
                  </Disorder>
                  <ClassificationNodeChildList count="0">
                  </ClassificationNodeChildList>
                </ClassificationNode>
                <ClassificationNode>
                  <Disorder id="3423">
                    <OrphaCode>2745</OrphaCode>
                    <ExpertLink lang="pl">http://www.orpha.net/consor/cgi-bin/OC_Exp.php?lng=pl&amp;Expert=2745</ExpertLink>
                    <Name lang="pl">Zespół Opitza GBBB</Name>
                    <DisorderType id="21401">
                      <Name lang="pl">Zespół wad wrodzonych</Name>
                    </DisorderType>
                  </Disorder>
                  <ClassificationNodeChildList count="0">
                  </ClassificationNodeChildList>
                </ClassificationNode>
                <ClassificationNode>
                  <Disorder id="1660">
                    <OrphaCode>1486</OrphaCode>
                    <ExpertLink lang="pl">http://www.orpha.net/consor/cgi-bin/OC_Exp.php?lng=pl&amp;Expert=1486</ExpertLink>
                    <Name lang="pl">Letalny zespół  wrodzonych przykurczów stawowych typu 1</Name>
                    <DisorderType id="21401">
                      <Name lang="pl">Zespół wad wrodzonych</Name>
                    </DisorderType>
                  </Disorder>
                  <ClassificationNodeChildList count="0">
                  </ClassificationNodeChildList>
                </ClassificationNode>
              </ClassificationNodeChildList>
            </ClassificationNode>
            <ClassificationNode>
              <Disorder id="18157">
                <OrphaCode>180776</OrphaCode>
                <ExpertLink lang="pl">http://www.orpha.net/consor/cgi-bin/OC_Exp.php?lng=pl&amp;Expert=180776</ExpertLink>
                <Name lang="pl">Niesyndromiczna malformacja przepony lub klatki piersiowej</Name>
                <DisorderType id="36561">
                  <Name lang="pl">Kategoria</Name>
                </DisorderType>
              </Disorder>
              <ClassificationNodeChildList count="2">
                <ClassificationNode>
                  <Disorder id="506">
                    <OrphaCode>2140</OrphaCode>
                    <ExpertLink lang="pl">http://www.orpha.net/consor/cgi-bin/OC_Exp.php?lng=pl&amp;Expert=2140</ExpertLink>
                    <Name lang="pl">Wrodzona przepuklina przeponowa</Name>
                    <DisorderType id="21415">
                      <Name lang="pl">Wada morfologiczna</Name>
                    </DisorderType>
                  </Disorder>
                  <ClassificationNodeChildList count="0">
                  </ClassificationNodeChildList>
                </ClassificationNode>
                <ClassificationNode>
                  <Disorder id="1951">
                    <OrphaCode>2017</OrphaCode>
                    <ExpertLink lang="pl">http://www.orpha.net/consor/cgi-bin/OC_Exp.php?lng=pl&amp;Expert=2017</ExpertLink>
                    <Name lang="pl">Rozszczep  mostka</Name>
                    <DisorderType id="21415">
                      <Name lang="pl">Wada morfologiczna</Name>
                    </DisorderType>
                  </Disorder>
                  <ClassificationNodeChildList count="0">
                  </ClassificationNodeChildList>
                </ClassificationNode>
              </ClassificationNodeChildList>
            </ClassificationNode>
            <ClassificationNode>
              <Disorder id="18158">
                <OrphaCode>180779</OrphaCode>
                <ExpertLink lang="pl">http://www.orpha.net/consor/cgi-bin/OC_Exp.php?lng=pl&amp;Expert=180779</ExpertLink>
                <Name lang="pl">Syndromiczna malformacja przepony lub klatki piersiowej</Name>
                <DisorderType id="36561">
                  <Name lang="pl">Kategoria</Name>
                </DisorderType>
              </Disorder>
              <ClassificationNodeChildList count="17">
                <ClassificationNode>
                  <Disorder id="25843">
                    <OrphaCode>496693</OrphaCode>
                    <ExpertLink lang="pl">http://www.orpha.net/consor/cgi-bin/OC_Exp.php?lng=pl&amp;Expert=496693</ExpertLink>
                    <Name lang="en">Omphalocele-diaphragmatic hernia-cardiovascular anomalies-radial ray defect syndrome</Name>
                    <DisorderType id="21401">
                      <Name lang="pl">Zespół wad wrodzonych</Name>
                    </DisorderType>
                  </Disorder>
                  <ClassificationNodeChildList count="0">
                  </ClassificationNodeChildList>
                </ClassificationNode>
                <ClassificationNode>
                  <Disorder id="25213">
                    <OrphaCode>480528</OrphaCode>
                    <ExpertLink lang="pl">http://www.orpha.net/consor/cgi-bin/OC_Exp.php?lng=pl&amp;Expert=480528</ExpertLink>
                    <Name lang="pl">Śmiertelny zespół wodogłowia i przepukliny przepony</Name>
                    <DisorderType id="21401">
                      <Name lang="pl">Zespół wad wrodzonych</Name>
                    </DisorderType>
                  </Disorder>
                  <ClassificationNodeChildList count="0">
                  </ClassificationNodeChildList>
                </ClassificationNode>
                <ClassificationNode>
                  <Disorder id="147">
                    <OrphaCode>280</OrphaCode>
                    <ExpertLink lang="pl">http://www.orpha.net/consor/cgi-bin/OC_Exp.php?lng=pl&amp;Expert=280</ExpertLink>
                    <Name lang="pl">Zespół Wolfa i Hirschorna</Name>
                    <DisorderType id="21401">
                      <Name lang="pl">Zespół wad wrodzonych</Name>
                    </DisorderType>
                  </Disorder>
                  <ClassificationNodeChildList count="0">
                  </ClassificationNodeChildList>
                </ClassificationNode>
                <ClassificationNode>
                  <Disorder id="299">
                    <OrphaCode>199</OrphaCode>
                    <ExpertLink lang="pl">http://www.orpha.net/consor/cgi-bin/OC_Exp.php?lng=pl&amp;Expert=199</ExpertLink>
                    <Name lang="pl">Zespół Cornelii de Lange</Name>
                    <DisorderType id="21401">
                      <Name lang="pl">Zespół wad wrodzonych</Name>
                    </DisorderType>
                  </Disorder>
                  <ClassificationNodeChildList count="0">
                  </ClassificationNodeChildList>
                </ClassificationNode>
                <ClassificationNode>
                  <Disorder id="557">
                    <OrphaCode>884</OrphaCode>
                    <ExpertLink lang="pl">http://www.orpha.net/consor/cgi-bin/OC_Exp.php?lng=pl&amp;Expert=884</ExpertLink>
                    <Name lang="pl">Tetrasomia 12p</Name>
                    <DisorderType id="21401">
                      <Name lang="pl">Zespół wad wrodzonych</Name>
                    </DisorderType>
                  </Disorder>
                  <ClassificationNodeChildList count="0">
                  </ClassificationNodeChildList>
                </ClassificationNode>
                <ClassificationNode>
                  <Disorder id="612">
                    <OrphaCode>287</OrphaCode>
                    <ExpertLink lang="pl">http://www.orpha.net/consor/cgi-bin/OC_Exp.php?lng=pl&amp;Expert=287</ExpertLink>
                    <Name lang="pl">Zespół Ehlersa i Danlosa, typ klasyczny</Name>
                    <DisorderType id="21394">
                      <Name lang="pl">Choroba</Name>
                    </DisorderType>
                  </Disorder>
                  <ClassificationNodeChildList count="0">
                  </ClassificationNodeChildList>
                </ClassificationNode>
                <ClassificationNode>
                  <Disorder id="912">
                    <OrphaCode>373</OrphaCode>
                    <ExpertLink lang="pl">http://www.orpha.net/consor/cgi-bin/OC_Exp.php?lng=pl&amp;Expert=373</ExpertLink>
                    <Name lang="pl">Zespół Simpsona, Golabiego i Behmela</Name>
                    <DisorderType id="21401">
                      <Name lang="pl">Zespół wad wrodzonych</Name>
                    </DisorderType>
                  </Disorder>
                  <ClassificationNodeChildList count="0">
                  </ClassificationNodeChildList>
                </ClassificationNode>
                <ClassificationNode>
                  <Disorder id="1306">
                    <OrphaCode>991</OrphaCode>
                    <ExpertLink lang="pl">http://www.orpha.net/consor/cgi-bin/OC_Exp.php?lng=pl&amp;Expert=991</ExpertLink>
                    <Name lang="pl">Zespół PAGOD</Name>
                    <DisorderType id="21401">
                      <Name lang="pl">Zespół wad wrodzonych</Name>
                    </DisorderType>
                  </Disorder>
                  <ClassificationNodeChildList count="0">
                  </ClassificationNodeChildList>
                </ClassificationNode>
                <ClassificationNode>
                  <Disorder id="1554">
                    <OrphaCode>1335</OrphaCode>
                    <ExpertLink lang="pl">http://www.orpha.net/consor/cgi-bin/OC_Exp.php?lng=pl&amp;Expert=1335</ExpertLink>
                    <Name lang="pl">Pentalogia Cantrella</Name>
                    <DisorderType id="21401">
                      <Name lang="pl">Zespół wad wrodzonych</Name>
                    </DisorderType>
                  </Disorder>
                  <ClassificationNodeChildList count="0">
                  </ClassificationNodeChildList>
                </ClassificationNode>
                <ClassificationNode>
                  <Disorder id="2040">
                    <OrphaCode>2141</OrphaCode>
                    <ExpertLink lang="pl">http://www.orpha.net/consor/cgi-bin/OC_Exp.php?lng=pl&amp;Expert=2141</ExpertLink>
                    <Name lang="pl">Wada przepony - skrócenie kończyny - wada czaszki</Name>
                    <DisorderType id="21401">
                      <Name lang="pl">Zespół wad wrodzonych</Name>
                    </DisorderType>
                  </Disorder>
                  <ClassificationNodeChildList count="0">
                  </ClassificationNodeChildList>
                </ClassificationNode>
                <ClassificationNode>
                  <Disorder id="2043">
                    <OrphaCode>2143</OrphaCode>
                    <ExpertLink lang="pl">http://www.orpha.net/consor/cgi-bin/OC_Exp.php?lng=pl&amp;Expert=2143</ExpertLink>
                    <Name lang="pl">Zespół Donnai i Barrowa</Name>
                    <DisorderType id="21401">
                      <Name lang="pl">Zespół wad wrodzonych</Name>
                    </DisorderType>
                  </Disorder>
                  <ClassificationNodeChildList count="0">
                  </ClassificationNodeChildList>
                </ClassificationNode>
                <ClassificationNode>
                  <Disorder id="2177">
                    <OrphaCode>2322</OrphaCode>
                    <ExpertLink lang="pl">http://www.orpha.net/consor/cgi-bin/OC_Exp.php?lng=pl&amp;Expert=2322</ExpertLink>
                    <Name lang="pl">Zespół Kabuki</Name>
                    <DisorderType id="21401">
                      <Name lang="pl">Zespół wad wrodzonych</Name>
                    </DisorderType>
                  </Disorder>
                  <ClassificationNodeChildList count="0">
                  </ClassificationNodeChildList>
                </ClassificationNode>
                <ClassificationNode>
                  <Disorder id="2283">
                    <OrphaCode>2470</OrphaCode>
                    <ExpertLink lang="pl">http://www.orpha.net/consor/cgi-bin/OC_Exp.php?lng=pl&amp;Expert=2470</ExpertLink>
                    <Name lang="pl">Zespół Matthew i Wooda</Name>
                    <DisorderType id="21401">
                      <Name lang="pl">Zespół wad wrodzonych</Name>
                    </DisorderType>
                  </Disorder>
                  <ClassificationNodeChildList count="0">
                  </ClassificationNodeChildList>
                </ClassificationNode>
                <ClassificationNode>
                  <Disorder id="3569">
                    <OrphaCode>209</OrphaCode>
                    <ExpertLink lang="pl">http://www.orpha.net/consor/cgi-bin/OC_Exp.php?lng=pl&amp;Expert=209</ExpertLink>
                    <Name lang="pl">Skóra wiotka</Name>
                    <DisorderType id="21436">
                      <Name lang="pl">Grupa fenomenów</Name>
                    </DisorderType>
                  </Disorder>
                  <ClassificationNodeChildList count="12">
                    <ClassificationNode>
                      <Disorder id="1993">
                        <OrphaCode>2078</OrphaCode>
                        <ExpertLink lang="pl">http://www.orpha.net/consor/cgi-bin/OC_Exp.php?lng=pl&amp;Expert=2078</ExpertLink>
                        <Name lang="pl">Geroderma osteodysplastica</Name>
                        <DisorderType id="21401">
                          <Name lang="pl">Zespół wad wrodzonych</Name>
                        </DisorderType>
                      </Disorder>
                      <ClassificationNodeChildList count="0">
                      </ClassificationNodeChildList>
                    </ClassificationNode>
                    <ClassificationNode>
                      <Disorder id="2673">
                        <OrphaCode>2962</OrphaCode>
                        <ExpertLink lang="pl">http://www.orpha.net/consor/cgi-bin/OC_Exp.php?lng=pl&amp;Expert=2962</ExpertLink>
                        <Name lang="pl">Zespół de Barsy'ego</Name>
                        <DisorderType id="21394">
                          <Name lang="pl">Choroba</Name>
                        </DisorderType>
                      </Disorder>
                      <ClassificationNodeChildList count="2">
                        <ClassificationNode>
                          <Disorder id="10381">
                            <OrphaCode>35664</OrphaCode>
                            <ExpertLink lang="pl">http://www.orpha.net/consor/cgi-bin/OC_Exp.php?lng=pl&amp;Expert=35664</ExpertLink>
                            <Name lang="pl">Zespół De Barsy'ego związany z  ALDH18A1</Name>
                            <DisorderType id="21443">
                              <Name lang="pl">Podtyp etiologiczny</Name>
                            </DisorderType>
                          </Disorder>
                          <ClassificationNodeChildList count="0">
                          </ClassificationNodeChildList>
                        </ClassificationNode>
                        <ClassificationNode>
                          <Disorder id="20864">
                            <OrphaCode>293633</OrphaCode>
                            <ExpertLink lang="pl">http://www.orpha.net/consor/cgi-bin/OC_Exp.php?lng=pl&amp;Expert=293633</ExpertLink>
                            <Name lang="pl">Zespół DeBarsy</Name>
                            <DisorderType id="21443">
                              <Name lang="pl">Podtyp etiologiczny</Name>
                            </DisorderType>
                          </Disorder>
                          <ClassificationNodeChildList count="0">
                          </ClassificationNodeChildList>
                        </ClassificationNode>
                      </ClassificationNodeChildList>
                    </ClassificationNode>
                    <ClassificationNode>
                      <Disorder id="2805">
                        <OrphaCode>3134</OrphaCode>
                        <ExpertLink lang="pl">http://www.orpha.net/consor/cgi-bin/OC_Exp.php?lng=pl&amp;Expert=3134</ExpertLink>
                        <Name lang="pl">Zespół SCARF</Name>
                        <DisorderType id="21401">
                          <Name lang="pl">Zespół wad wrodzonych</Name>
                        </DisorderType>
                      </Disorder>
                      <ClassificationNodeChildList count="0">
                      </ClassificationNodeChildList>
                    </ClassificationNode>
                    <ClassificationNode>
                      <Disorder id="2965">
                        <OrphaCode>3342</OrphaCode>
                        <ExpertLink lang="pl">http://www.orpha.net/consor/cgi-bin/OC_Exp.php?lng=pl&amp;Expert=3342</ExpertLink>
                        <Name lang="pl">Zespół krętości tętnic</Name>
                        <DisorderType id="21401">
                          <Name lang="pl">Zespół wad wrodzonych</Name>
                        </DisorderType>
                      </Disorder>
                      <ClassificationNodeChildList count="0">
                      </ClassificationNodeChildList>
                    </ClassificationNode>
                    <ClassificationNode>
                      <Disorder id="7035">
                        <OrphaCode>198</OrphaCode>
                        <ExpertLink lang="pl">http://www.orpha.net/consor/cgi-bin/OC_Exp.php?lng=pl&amp;Expert=198</ExpertLink>
                        <Name lang="pl">Zespół rogu potylicznego</Name>
                        <DisorderType id="21394">
                          <Name lang="pl">Choroba</Name>
                        </DisorderType>
                      </Disorder>
                      <ClassificationNodeChildList count="0">
                      </ClassificationNodeChildList>
                    </ClassificationNode>
                    <ClassificationNode>
                      <Disorder id="12024">
                        <OrphaCode>90348</OrphaCode>
                        <ExpertLink lang="pl">http://www.orpha.net/consor/cgi-bin/OC_Exp.php?lng=pl&amp;Expert=90348</ExpertLink>
                        <Name lang="pl">Autosomalna dominująca skóra wiotka</Name>
                        <DisorderType id="21394">
                          <Name lang="pl">Choroba</Name>
                        </DisorderType>
                      </Disorder>
                      <ClassificationNodeChildList count="0">
                      </ClassificationNodeChildList>
                    </ClassificationNode>
                    <ClassificationNode>
                      <Disorder id="12025">
                        <OrphaCode>90349</OrphaCode>
                        <ExpertLink lang="pl">http://www.orpha.net/consor/cgi-bin/OC_Exp.php?lng=pl&amp;Expert=90349</ExpertLink>
                        <Name lang="pl">Autosomalna recesywna skóra wiotka typu 1</Name>
                        <DisorderType id="21394">
                          <Name lang="pl">Choroba</Name>
                        </DisorderType>
                      </Disorder>
                      <ClassificationNodeChildList count="0">
                      </ClassificationNodeChildList>
                    </ClassificationNode>
                    <ClassificationNode>
                      <Disorder id="12026">
                        <OrphaCode>90350</OrphaCode>
                        <ExpertLink lang="pl">http://www.orpha.net/consor/cgi-bin/OC_Exp.php?lng=pl&amp;Expert=90350</ExpertLink>
                        <Name lang="pl">Autosomalna recesywna skóra wiotka typu  2</Name>
                        <DisorderType id="21436">
                          <Name lang="pl">Grupa fenomenów</Name>
                        </DisorderType>
                      </Disorder>
                      <ClassificationNodeChildList count="2">
                        <ClassificationNode>
                          <Disorder id="22201">
                            <OrphaCode>357058</OrphaCode>
                            <ExpertLink lang="pl">http://www.orpha.net/consor/cgi-bin/OC_Exp.php?lng=pl&amp;Expert=357058</ExpertLink>
                            <Name lang="pl">Autosomalna recesywna luźna skóra typu 2A</Name>
                            <DisorderType id="21394">
                              <Name lang="pl">Choroba</Name>
                            </DisorderType>
                          </Disorder>
                          <ClassificationNodeChildList count="2">
                            <ClassificationNode>
                              <Disorder id="2571">
                                <OrphaCode>2834</OrphaCode>
                                <ExpertLink lang="pl">http://www.orpha.net/consor/cgi-bin/OC_Exp.php?lng=pl&amp;Expert=2834</ExpertLink>
                                <Name lang="pl">Zespół pomarszczonej skóry</Name>
                                <DisorderType id="21450">
                                  <Name lang="pl">Podtyp kliniczny</Name>
                                </DisorderType>
                              </Disorder>
                              <ClassificationNodeChildList count="0">
                              </ClassificationNodeChildList>
                            </ClassificationNode>
                            <ClassificationNode>
                              <Disorder id="22203">
                                <OrphaCode>357074</OrphaCode>
                                <ExpertLink lang="pl">http://www.orpha.net/consor/cgi-bin/OC_Exp.php?lng=pl&amp;Expert=357074</ExpertLink>
                                <Name lang="pl">Autosomalna recesywna luźna skóra typu 2, typ klasyczny</Name>
                                <DisorderType id="21450">
                                  <Name lang="pl">Podtyp kliniczny</Name>
                                </DisorderType>
                              </Disorder>
                              <ClassificationNodeChildList count="0">
                              </ClassificationNodeChildList>
                            </ClassificationNode>
                          </ClassificationNodeChildList>
                        </ClassificationNode>
                        <ClassificationNode>
                          <Disorder id="22202">
                            <OrphaCode>357064</OrphaCode>
                            <ExpertLink lang="pl">http://www.orpha.net/consor/cgi-bin/OC_Exp.php?lng=pl&amp;Expert=357064</ExpertLink>
                            <Name lang="pl">Autosomalny recesywny zespół luźnej skóry typu 2B</Name>
                            <DisorderType id="21394">
                              <Name lang="pl">Choroba</Name>
                            </DisorderType>
                          </Disorder>
                          <ClassificationNodeChildList count="0">
                          </ClassificationNodeChildList>
                        </ClassificationNode>
                      </ClassificationNodeChildList>
                    </ClassificationNode>
                    <ClassificationNode>
                      <Disorder id="18846">
                        <OrphaCode>217335</OrphaCode>
                        <ExpertLink lang="pl">http://www.orpha.net/consor/cgi-bin/OC_Exp.php?lng=pl&amp;Expert=217335</ExpertLink>
                        <Name lang="pl">Zespół RIN2</Name>
                        <DisorderType id="21401">
                          <Name lang="pl">Zespół wad wrodzonych</Name>
                        </DisorderType>
                      </Disorder>
                      <ClassificationNodeChildList count="0">
                      </ClassificationNodeChildList>
                    </ClassificationNode>
                    <ClassificationNode>
                      <Disorder id="18949">
                        <OrphaCode>221145</OrphaCode>
                        <ExpertLink lang="pl">http://www.orpha.net/consor/cgi-bin/OC_Exp.php?lng=pl&amp;Expert=221145</ExpertLink>
                        <Name lang="pl">Wiotka skóra z ciężkimi anomaliami płucnymi, żołądkowo-jelitowymi i moczowymi</Name>
                        <DisorderType id="21401">
                          <Name lang="pl">Zespół wad wrodzonych</Name>
                        </DisorderType>
                      </Disorder>
                      <ClassificationNodeChildList count="0">
                      </ClassificationNodeChildList>
                    </ClassificationNode>
                    <ClassificationNode>
                      <Disorder id="21520">
                        <OrphaCode>314718</OrphaCode>
                        <ExpertLink lang="pl">http://www.orpha.net/consor/cgi-bin/OC_Exp.php?lng=pl&amp;Expert=314718</ExpertLink>
                        <Name lang="pl">Zespół śmiertelnej arteriopatii z powodu niedoboru fibuliny-4</Name>
                        <DisorderType id="21394">
                          <Name lang="pl">Choroba</Name>
                        </DisorderType>
                      </Disorder>
                      <ClassificationNodeChildList count="0">
                      </ClassificationNodeChildList>
                    </ClassificationNode>
                    <ClassificationNode>
                      <Disorder id="22342">
                        <OrphaCode>363705</OrphaCode>
                        <ExpertLink lang="pl">http://www.orpha.net/consor/cgi-bin/OC_Exp.php?lng=pl&amp;Expert=363705</ExpertLink>
                        <Name lang="pl">Zespół czaszkowo-twarzowo-czołowo-palcowy</Name>
                        <DisorderType id="21394">
                          <Name lang="pl">Choroba</Name>
                        </DisorderType>
                      </Disorder>
                      <ClassificationNodeChildList count="0">
                      </ClassificationNodeChildList>
                    </ClassificationNode>
                  </ClassificationNodeChildList>
                </ClassificationNode>
                <ClassificationNode>
                  <Disorder id="12794">
                    <OrphaCode>96170</OrphaCode>
                    <ExpertLink lang="pl">http://www.orpha.net/consor/cgi-bin/OC_Exp.php?lng=pl&amp;Expert=96170</ExpertLink>
                    <Name lang="pl">Zespół Emanuela</Name>
                    <DisorderType id="21401">
                      <Name lang="pl">Zespół wad wrodzonych</Name>
                    </DisorderType>
                  </Disorder>
                  <ClassificationNodeChildList count="0">
                  </ClassificationNodeChildList>
                </ClassificationNode>
                <ClassificationNode>
                  <Disorder id="19142">
                    <OrphaCode>230839</OrphaCode>
                    <ExpertLink lang="pl">http://www.orpha.net/consor/cgi-bin/OC_Exp.php?lng=pl&amp;Expert=230839</ExpertLink>
                    <Name lang="pl">Zespół Ehlersa i Danlosa z powodu niedoboru tenascyny-X</Name>
                    <DisorderType id="21394">
                      <Name lang="pl">Choroba</Name>
                    </DisorderType>
                  </Disorder>
                  <ClassificationNodeChildList count="0">
                  </ClassificationNodeChildList>
                </ClassificationNode>
                <ClassificationNode>
                  <Disorder id="27458">
                    <OrphaCode>527468</OrphaCode>
                    <ExpertLink lang="pl">http://www.orpha.net/consor/cgi-bin/OC_Exp.php?lng=pl&amp;Expert=527468</ExpertLink>
                    <Name lang="pl">Zespół przepukliny przeponowej-krótkiego jelita-braku śledziony</Name>
                    <DisorderType id="21401">
                      <Name lang="pl">Zespół wad wrodzonych</Name>
                    </DisorderType>
                  </Disorder>
                  <ClassificationNodeChildList count="0">
                  </ClassificationNodeChildList>
                </ClassificationNode>
              </ClassificationNodeChildList>
            </ClassificationNode>
            <ClassificationNode>
              <Disorder id="20633">
                <OrphaCode>285014</OrphaCode>
                <ExpertLink lang="pl">http://www.orpha.net/consor/cgi-bin/OC_Exp.php?lng=pl&amp;Expert=285014</ExpertLink>
                <Name lang="pl">Rzadkie choroby z tętniakiem aorty piersiowej i rozwarstwieniem aorty</Name>
                <DisorderType id="36561">
                  <Name lang="pl">Kategoria</Name>
                </DisorderType>
              </Disorder>
              <ClassificationNodeChildList count="11">
                <ClassificationNode>
                  <Disorder id="31460">
                    <OrphaCode>622925</OrphaCode>
                    <ExpertLink lang="pl">http://www.orpha.net/consor/cgi-bin/OC_Exp.php?lng=pl&amp;Expert=622925</ExpertLink>
                    <Name lang="en">X-linked severe syndromic thoracic aortic aneurysm and dissection</Name>
                    <DisorderType id="21401">
                      <Name lang="pl">Zespół wad wrodzonych</Name>
                    </DisorderType>
                  </Disorder>
                  <ClassificationNodeChildList count="0">
                  </ClassificationNodeChildList>
                </ClassificationNode>
                <ClassificationNode>
                  <Disorder id="109">
                    <OrphaCode>558</OrphaCode>
                    <ExpertLink lang="pl">http://www.orpha.net/consor/cgi-bin/OC_Exp.php?lng=pl&amp;Expert=558</ExpertLink>
                    <Name lang="pl">Zespół Marfana</Name>
                    <DisorderType id="21394">
                      <Name lang="pl">Choroba</Name>
                    </DisorderType>
                  </Disorder>
                  <ClassificationNodeChildList count="2">
                    <ClassificationNode>
                      <Disorder id="20628">
                        <OrphaCode>284963</OrphaCode>
                        <ExpertLink lang="pl">http://www.orpha.net/consor/cgi-bin/OC_Exp.php?lng=pl&amp;Expert=284963</ExpertLink>
                        <Name lang="pl">Zespół Marfana typu 1</Name>
                        <DisorderType id="21450">
                          <Name lang="pl">Podtyp kliniczny</Name>
                        </DisorderType>
                      </Disorder>
                      <ClassificationNodeChildList count="0">
                      </ClassificationNodeChildList>
                    </ClassificationNode>
                    <ClassificationNode>
                      <Disorder id="20629">
                        <OrphaCode>284973</OrphaCode>
                        <ExpertLink lang="pl">http://www.orpha.net/consor/cgi-bin/OC_Exp.php?lng=pl&amp;Expert=284973</ExpertLink>
                        <Name lang="pl">Zespół Marfana typu 2</Name>
                        <DisorderType id="21450">
                          <Name lang="pl">Podtyp kliniczny</Name>
                        </DisorderType>
                      </Disorder>
                      <ClassificationNodeChildList count="0">
                      </ClassificationNodeChildList>
                    </ClassificationNode>
                  </ClassificationNodeChildList>
                </ClassificationNode>
                <ClassificationNode>
                  <Disorder id="2965">
                    <OrphaCode>3342</OrphaCode>
                    <ExpertLink lang="pl">http://www.orpha.net/consor/cgi-bin/OC_Exp.php?lng=pl&amp;Expert=3342</ExpertLink>
                    <Name lang="pl">Zespół krętości tętnic</Name>
                    <DisorderType id="21401">
                      <Name lang="pl">Zespół wad wrodzonych</Name>
                    </DisorderType>
                  </Disorder>
                  <ClassificationNodeChildList count="0">
                  </ClassificationNodeChildList>
                </ClassificationNode>
                <ClassificationNode>
                  <Disorder id="4042">
                    <OrphaCode>286</OrphaCode>
                    <ExpertLink lang="pl">http://www.orpha.net/consor/cgi-bin/OC_Exp.php?lng=pl&amp;Expert=286</ExpertLink>
                    <Name lang="pl">Zespół Ehlersa i Danlosa naczyniowy</Name>
                    <DisorderType id="21394">
                      <Name lang="pl">Choroba</Name>
                    </DisorderType>
                  </Disorder>
                  <ClassificationNodeChildList count="0">
                  </ClassificationNodeChildList>
                </ClassificationNode>
                <ClassificationNode>
                  <Disorder id="10799">
                    <OrphaCode>60030</OrphaCode>
                    <ExpertLink lang="pl">http://www.orpha.net/consor/cgi-bin/OC_Exp.php?lng=pl&amp;Expert=60030</ExpertLink>
                    <Name lang="pl">Zespół Loeysa i Dietza</Name>
                    <DisorderType id="21401">
                      <Name lang="pl">Zespół wad wrodzonych</Name>
                    </DisorderType>
                  </Disorder>
                  <ClassificationNodeChildList count="0">
                  </ClassificationNodeChildList>
                </ClassificationNode>
                <ClassificationNode>
                  <Disorder id="12138">
                    <OrphaCode>91387</OrphaCode>
                    <ExpertLink lang="pl">http://www.orpha.net/consor/cgi-bin/OC_Exp.php?lng=pl&amp;Expert=91387</ExpertLink>
                    <Name lang="pl">Rodzinny tętniak aorty piersiowej i rozwarstwienie aorty</Name>
                    <DisorderType id="21394">
                      <Name lang="pl">Choroba</Name>
                    </DisorderType>
                  </Disorder>
                  <ClassificationNodeChildList count="0">
                  </ClassificationNodeChildList>
                </ClassificationNode>
                <ClassificationNode>
                  <Disorder id="20630">
                    <OrphaCode>284979</OrphaCode>
                    <ExpertLink lang="pl">http://www.orpha.net/consor/cgi-bin/OC_Exp.php?lng=pl&amp;Expert=284979</ExpertLink>
                    <Name lang="pl">Zespół Marfana noworodków</Name>
                    <DisorderType id="21394">
                      <Name lang="pl">Choroba</Name>
                    </DisorderType>
                  </Disorder>
                  <ClassificationNodeChildList count="0">
                  </ClassificationNodeChildList>
                </ClassificationNode>
                <ClassificationNode>
                  <Disorder id="20631">
                    <OrphaCode>284984</OrphaCode>
                    <ExpertLink lang="pl">http://www.orpha.net/consor/cgi-bin/OC_Exp.php?lng=pl&amp;Expert=284984</ExpertLink>
                    <Name lang="pl">Zespół tętniaka i zapalenia kości i stawów</Name>
                    <DisorderType id="21394">
                      <Name lang="pl">Choroba</Name>
                    </DisorderType>
                  </Disorder>
                  <ClassificationNodeChildList count="0">
                  </ClassificationNodeChildList>
                </ClassificationNode>
                <ClassificationNode>
                  <Disorder id="22877">
                    <OrphaCode>402075</OrphaCode>
                    <ExpertLink lang="pl">http://www.orpha.net/consor/cgi-bin/OC_Exp.php?lng=pl&amp;Expert=402075</ExpertLink>
                    <Name lang="pl">Rodzinna dwupłatkowa zastawka aortalna</Name>
                    <DisorderType id="21415">
                      <Name lang="pl">Wada morfologiczna</Name>
                    </DisorderType>
                  </Disorder>
                  <ClassificationNodeChildList count="0">
                  </ClassificationNodeChildList>
                </ClassificationNode>
                <ClassificationNode>
                  <Disorder id="3258">
                    <OrphaCode>229</OrphaCode>
                    <ExpertLink lang="pl">http://www.orpha.net/consor/cgi-bin/OC_Exp.php?lng=pl&amp;Expert=229</ExpertLink>
                    <Name lang="pl">Rodzinne rozwarstwienie aorty</Name>
                    <DisorderType id="21394">
                      <Name lang="pl">Choroba</Name>
                    </DisorderType>
                  </Disorder>
                  <ClassificationNodeChildList count="0">
                  </ClassificationNodeChildList>
                </ClassificationNode>
                <ClassificationNode>
                  <Disorder id="22924">
                    <OrphaCode>404463</OrphaCode>
                    <ExpertLink lang="pl">http://www.orpha.net/consor/cgi-bin/OC_Exp.php?lng=pl&amp;Expert=404463</ExpertLink>
                    <Name lang="pl">Zespół wieloukładowej dysfunkcji mięśni gładkich ze spowolnieniem perystaltyki jelit</Name>
                    <DisorderType id="21394">
                      <Name lang="pl">Choroba</Name>
                    </DisorderType>
                  </Disorder>
                  <ClassificationNodeChildList count="0">
                  </ClassificationNodeChildList>
                </ClassificationNode>
              </ClassificationNodeChildList>
            </ClassificationNode>
          </ClassificationNodeChildList>
        </ClassificationNode>
      </ClassificationNodeRootList>
    </Classification>
  </ClassificationList>
</JDBOR>
