<?xml version="1.0" encoding="UTF-8"?>
<JDBOR ExtractionDate="2025-06-24 07:47:23" version="1.3.42 / 4.1.8 [2025-03-03]" copyright="Orphanet (c) 2025" dbserver="jdbc:sybase:Tds:canard.orpha.net:2020">
  <Availability> 
    <Licence>
      <FullName lang="en">Creative Commons Attribution 4.0 International</FullName>
      <ShortIdentifier>CC-BY-4.0</ShortIdentifier>
      <LegalCode>https://creativecommons.org/licenses/by/4.0/legalcode</LegalCode>
    </Licence>
  </Availability>
  <ClassificationList count="1">
    <Classification id="186">
      <OrphaNumber>162709</OrphaNumber>
      <Name lang="it">Classificazione di Orphanet delle malattie toraciche rare ad interesse chirurgico</Name>
      <ClassificationNodeRootList count="1">
        <ClassificationNode>
          <Disorder id="12980">
            <OrphaCode>97962</OrphaCode>
            <ExpertLink lang="it">http://www.orpha.net/consor/cgi-bin/OC_Exp.php?lng=it&amp;Expert=97962</ExpertLink>
            <Name lang="it">Malattia toracica rara d'interesse chirurgico</Name>
            <DisorderType id="36561">
              <Name lang="it">Categoria</Name>
            </DisorderType>
          </Disorder>
          <ClassificationNodeChildList count="6">
            <ClassificationNode>
              <Disorder id="12889">
                <OrphaCode>97330</OrphaCode>
                <ExpertLink lang="it">http://www.orpha.net/consor/cgi-bin/OC_Exp.php?lng=it&amp;Expert=97330</ExpertLink>
                <Name lang="it">Sindrome dello stretto toracico</Name>
                <DisorderType id="21394">
                  <Name lang="it">Malattia</Name>
                </DisorderType>
              </Disorder>
              <ClassificationNodeChildList count="3">
                <ClassificationNode>
                  <Disorder id="14646">
                    <OrphaCode>100073</OrphaCode>
                    <ExpertLink lang="it">http://www.orpha.net/consor/cgi-bin/OC_Exp.php?lng=it&amp;Expert=100073</ExpertLink>
                    <Name lang="it">Sindrome neurogena dello stretto toracico superiore</Name>
                    <DisorderType id="21450">
                      <Name lang="it">Sottotipo clinico</Name>
                    </DisorderType>
                  </Disorder>
                  <ClassificationNodeChildList count="0">
                  </ClassificationNodeChildList>
                </ClassificationNode>
                <ClassificationNode>
                  <Disorder id="22204">
                    <OrphaCode>357107</OrphaCode>
                    <ExpertLink lang="it">http://www.orpha.net/consor/cgi-bin/OC_Exp.php?lng=it&amp;Expert=357107</ExpertLink>
                    <Name lang="it">Sindrome arteriosa dello stretto toracico superiore</Name>
                    <DisorderType id="21450">
                      <Name lang="it">Sottotipo clinico</Name>
                    </DisorderType>
                  </Disorder>
                  <ClassificationNodeChildList count="0">
                  </ClassificationNodeChildList>
                </ClassificationNode>
                <ClassificationNode>
                  <Disorder id="22205">
                    <OrphaCode>357131</OrphaCode>
                    <ExpertLink lang="it">http://www.orpha.net/consor/cgi-bin/OC_Exp.php?lng=it&amp;Expert=357131</ExpertLink>
                    <Name lang="it">Sindrome venosa dello stretto toracico superiore</Name>
                    <DisorderType id="21450">
                      <Name lang="it">Sottotipo clinico</Name>
                    </DisorderType>
                  </Disorder>
                  <ClassificationNodeChildList count="0">
                  </ClassificationNodeChildList>
                </ClassificationNode>
              </ClassificationNodeChildList>
            </ClassificationNode>
            <ClassificationNode>
              <Disorder id="15028">
                <OrphaCode>108993</OrphaCode>
                <ExpertLink lang="it">http://www.orpha.net/consor/cgi-bin/OC_Exp.php?lng=it&amp;Expert=108993</ExpertLink>
                <Name lang="it">Malformazione respiratoria o del mediastino non sindromica</Name>
                <DisorderType id="36561">
                  <Name lang="it">Categoria</Name>
                </DisorderType>
              </Disorder>
              <ClassificationNodeChildList count="16">
                <ClassificationNode>
                  <Disorder id="597">
                    <OrphaCode>3346</OrphaCode>
                    <ExpertLink lang="it">http://www.orpha.net/consor/cgi-bin/OC_Exp.php?lng=it&amp;Expert=3346</ExpertLink>
                    <Name lang="it">Agenesia della trachea</Name>
                    <DisorderType id="21415">
                      <Name lang="it">Anomalia morfologica</Name>
                    </DisorderType>
                  </Disorder>
                  <ClassificationNodeChildList count="0">
                  </ClassificationNodeChildList>
                </ClassificationNode>
                <ClassificationNode>
                  <Disorder id="802">
                    <OrphaCode>1928</OrphaCode>
                    <ExpertLink lang="it">http://www.orpha.net/consor/cgi-bin/OC_Exp.php?lng=it&amp;Expert=1928</ExpertLink>
                    <Name lang="it">Enfisema lobare congenito</Name>
                    <DisorderType id="21415">
                      <Name lang="it">Anomalia morfologica</Name>
                    </DisorderType>
                  </Disorder>
                  <ClassificationNodeChildList count="0">
                  </ClassificationNodeChildList>
                </ClassificationNode>
                <ClassificationNode>
                  <Disorder id="1941">
                    <OrphaCode>2004</OrphaCode>
                    <ExpertLink lang="it">http://www.orpha.net/consor/cgi-bin/OC_Exp.php?lng=it&amp;Expert=2004</ExpertLink>
                    <Name lang="it">Schisi laringo-tracheo-esofagea</Name>
                    <DisorderType id="21415">
                      <Name lang="it">Anomalia morfologica</Name>
                    </DisorderType>
                  </Disorder>
                  <ClassificationNodeChildList count="5">
                    <ClassificationNode>
                      <Disorder id="12498">
                        <OrphaCode>93938</OrphaCode>
                        <ExpertLink lang="it">http://www.orpha.net/consor/cgi-bin/OC_Exp.php?lng=it&amp;Expert=93938</ExpertLink>
                        <Name lang="it">Schisi laringo-tracheo-esofagea, tipo 1</Name>
                        <DisorderType id="21450">
                          <Name lang="it">Sottotipo clinico</Name>
                        </DisorderType>
                      </Disorder>
                      <ClassificationNodeChildList count="0">
                      </ClassificationNodeChildList>
                    </ClassificationNode>
                    <ClassificationNode>
                      <Disorder id="12499">
                        <OrphaCode>93939</OrphaCode>
                        <ExpertLink lang="it">http://www.orpha.net/consor/cgi-bin/OC_Exp.php?lng=it&amp;Expert=93939</ExpertLink>
                        <Name lang="it">Schisi laringo-tracheo-esofagea, tipo 2</Name>
                        <DisorderType id="21450">
                          <Name lang="it">Sottotipo clinico</Name>
                        </DisorderType>
                      </Disorder>
                      <ClassificationNodeChildList count="0">
                      </ClassificationNodeChildList>
                    </ClassificationNode>
                    <ClassificationNode>
                      <Disorder id="12500">
                        <OrphaCode>93940</OrphaCode>
                        <ExpertLink lang="it">http://www.orpha.net/consor/cgi-bin/OC_Exp.php?lng=it&amp;Expert=93940</ExpertLink>
                        <Name lang="it">Schisi laringo-tracheo-esofagea, tipo 3</Name>
                        <DisorderType id="21450">
                          <Name lang="it">Sottotipo clinico</Name>
                        </DisorderType>
                      </Disorder>
                      <ClassificationNodeChildList count="0">
                      </ClassificationNodeChildList>
                    </ClassificationNode>
                    <ClassificationNode>
                      <Disorder id="12501">
                        <OrphaCode>93941</OrphaCode>
                        <ExpertLink lang="it">http://www.orpha.net/consor/cgi-bin/OC_Exp.php?lng=it&amp;Expert=93941</ExpertLink>
                        <Name lang="it">Schisi laringo-tracheo-esofagea, tipo 4</Name>
                        <DisorderType id="21450">
                          <Name lang="it">Sottotipo clinico</Name>
                        </DisorderType>
                      </Disorder>
                      <ClassificationNodeChildList count="0">
                      </ClassificationNodeChildList>
                    </ClassificationNode>
                    <ClassificationNode>
                      <Disorder id="20437">
                        <OrphaCode>280205</OrphaCode>
                        <ExpertLink lang="it">http://www.orpha.net/consor/cgi-bin/OC_Exp.php?lng=it&amp;Expert=280205</ExpertLink>
                        <Name lang="it">Schisi laringo-tracheo-esofagea, tipo 0</Name>
                        <DisorderType id="21450">
                          <Name lang="it">Sottotipo clinico</Name>
                        </DisorderType>
                      </Disorder>
                      <ClassificationNodeChildList count="0">
                      </ClassificationNodeChildList>
                    </ClassificationNode>
                  </ClassificationNodeChildList>
                </ClassificationNode>
                <ClassificationNode>
                  <Disorder id="534">
                    <OrphaCode>2414</OrphaCode>
                    <ExpertLink lang="it">http://www.orpha.net/consor/cgi-bin/OC_Exp.php?lng=it&amp;Expert=2414</ExpertLink>
                    <Name lang="it">Linfangectasia polmonare</Name>
                    <DisorderType id="21394">
                      <Name lang="it">Malattia</Name>
                    </DisorderType>
                  </Disorder>
                  <ClassificationNodeChildList count="0">
                  </ClassificationNodeChildList>
                </ClassificationNode>
                <ClassificationNode>
                  <Disorder id="538">
                    <OrphaCode>2444</OrphaCode>
                    <ExpertLink lang="it">http://www.orpha.net/consor/cgi-bin/OC_Exp.php?lng=it&amp;Expert=2444</ExpertLink>
                    <Name lang="it">Malformazione congenita delle vie aeree polmonari</Name>
                    <DisorderType id="21401">
                      <Name lang="it">Sindrome malformativa</Name>
                    </DisorderType>
                  </Disorder>
                  <ClassificationNodeChildList count="5">
                    <ClassificationNode>
                      <Disorder id="20506">
                        <OrphaCode>280827</OrphaCode>
                        <ExpertLink lang="it">http://www.orpha.net/consor/cgi-bin/OC_Exp.php?lng=it&amp;Expert=280827</ExpertLink>
                        <Name lang="it">Malformazione congenita delle vie aeree polmonari, tipo 0</Name>
                        <DisorderType id="21450">
                          <Name lang="it">Sottotipo clinico</Name>
                        </DisorderType>
                      </Disorder>
                      <ClassificationNodeChildList count="0">
                      </ClassificationNodeChildList>
                    </ClassificationNode>
                    <ClassificationNode>
                      <Disorder id="20507">
                        <OrphaCode>280832</OrphaCode>
                        <ExpertLink lang="it">http://www.orpha.net/consor/cgi-bin/OC_Exp.php?lng=it&amp;Expert=280832</ExpertLink>
                        <Name lang="it">Malformazione congenita delle vie aeree polmonari, tipo 1</Name>
                        <DisorderType id="21450">
                          <Name lang="it">Sottotipo clinico</Name>
                        </DisorderType>
                      </Disorder>
                      <ClassificationNodeChildList count="0">
                      </ClassificationNodeChildList>
                    </ClassificationNode>
                    <ClassificationNode>
                      <Disorder id="20508">
                        <OrphaCode>280840</OrphaCode>
                        <ExpertLink lang="it">http://www.orpha.net/consor/cgi-bin/OC_Exp.php?lng=it&amp;Expert=280840</ExpertLink>
                        <Name lang="it">Malformazione congenita delle vie aeree polmonari, tipo 2</Name>
                        <DisorderType id="21450">
                          <Name lang="it">Sottotipo clinico</Name>
                        </DisorderType>
                      </Disorder>
                      <ClassificationNodeChildList count="0">
                      </ClassificationNodeChildList>
                    </ClassificationNode>
                    <ClassificationNode>
                      <Disorder id="20509">
                        <OrphaCode>280847</OrphaCode>
                        <ExpertLink lang="it">http://www.orpha.net/consor/cgi-bin/OC_Exp.php?lng=it&amp;Expert=280847</ExpertLink>
                        <Name lang="it">Malformazione congenita delle vie aeree polmonari, tipo 3</Name>
                        <DisorderType id="21450">
                          <Name lang="it">Sottotipo clinico</Name>
                        </DisorderType>
                      </Disorder>
                      <ClassificationNodeChildList count="0">
                      </ClassificationNodeChildList>
                    </ClassificationNode>
                    <ClassificationNode>
                      <Disorder id="20510">
                        <OrphaCode>280854</OrphaCode>
                        <ExpertLink lang="it">http://www.orpha.net/consor/cgi-bin/OC_Exp.php?lng=it&amp;Expert=280854</ExpertLink>
                        <Name lang="it">Malformazione congenita delle vie aeree polmonari, tipo 4</Name>
                        <DisorderType id="21450">
                          <Name lang="it">Sottotipo clinico</Name>
                        </DisorderType>
                      </Disorder>
                      <ClassificationNodeChildList count="0">
                      </ClassificationNodeChildList>
                    </ClassificationNode>
                  </ClassificationNodeChildList>
                </ClassificationNode>
                <ClassificationNode>
                  <Disorder id="715">
                    <OrphaCode>984</OrphaCode>
                    <ExpertLink lang="it">http://www.orpha.net/consor/cgi-bin/OC_Exp.php?lng=it&amp;Expert=984</ExpertLink>
                    <Name lang="it">Agenesia polmonare</Name>
                    <DisorderType id="21415">
                      <Name lang="it">Anomalia morfologica</Name>
                    </DisorderType>
                  </Disorder>
                  <ClassificationNodeChildList count="0">
                  </ClassificationNodeChildList>
                </ClassificationNode>
                <ClassificationNode>
                  <Disorder id="798">
                    <OrphaCode>2040</OrphaCode>
                    <ExpertLink lang="it">http://www.orpha.net/consor/cgi-bin/OC_Exp.php?lng=it&amp;Expert=2040</ExpertLink>
                    <Name lang="it">Fistola broncobiliare congenita</Name>
                    <DisorderType id="21415">
                      <Name lang="it">Anomalia morfologica</Name>
                    </DisorderType>
                  </Disorder>
                  <ClassificationNodeChildList count="0">
                  </ClassificationNodeChildList>
                </ClassificationNode>
                <ClassificationNode>
                  <Disorder id="2125">
                    <OrphaCode>2257</OrphaCode>
                    <ExpertLink lang="it">http://www.orpha.net/consor/cgi-bin/OC_Exp.php?lng=it&amp;Expert=2257</ExpertLink>
                    <Name lang="it">Ipoplasia polmonare primitiva</Name>
                    <DisorderType id="21415">
                      <Name lang="it">Anomalia morfologica</Name>
                    </DisorderType>
                  </Disorder>
                  <ClassificationNodeChildList count="0">
                  </ClassificationNodeChildList>
                </ClassificationNode>
                <ClassificationNode>
                  <Disorder id="3441">
                    <OrphaCode>2038</OrphaCode>
                    <ExpertLink lang="it">http://www.orpha.net/consor/cgi-bin/OC_Exp.php?lng=it&amp;Expert=2038</ExpertLink>
                    <Name lang="it">Malformazione arterovenosa polmonare</Name>
                    <DisorderType id="21415">
                      <Name lang="it">Anomalia morfologica</Name>
                    </DisorderType>
                  </Disorder>
                  <ClassificationNodeChildList count="0">
                  </ClassificationNodeChildList>
                </ClassificationNode>
                <ClassificationNode>
                  <Disorder id="3457">
                    <OrphaCode>3161</OrphaCode>
                    <ExpertLink lang="it">http://www.orpha.net/consor/cgi-bin/OC_Exp.php?lng=it&amp;Expert=3161</ExpertLink>
                    <Name lang="it">Sequestro polmonare congenito</Name>
                    <DisorderType id="21401">
                      <Name lang="it">Sindrome malformativa</Name>
                    </DisorderType>
                  </Disorder>
                  <ClassificationNodeChildList count="3">
                    <ClassificationNode>
                      <Disorder id="20503">
                        <OrphaCode>280802</OrphaCode>
                        <ExpertLink lang="it">http://www.orpha.net/consor/cgi-bin/OC_Exp.php?lng=it&amp;Expert=280802</ExpertLink>
                        <Name lang="it">Sequestro polmonare intralobare congenito</Name>
                        <DisorderType id="21450">
                          <Name lang="it">Sottotipo clinico</Name>
                        </DisorderType>
                      </Disorder>
                      <ClassificationNodeChildList count="0">
                      </ClassificationNodeChildList>
                    </ClassificationNode>
                    <ClassificationNode>
                      <Disorder id="20504">
                        <OrphaCode>280811</OrphaCode>
                        <ExpertLink lang="it">http://www.orpha.net/consor/cgi-bin/OC_Exp.php?lng=it&amp;Expert=280811</ExpertLink>
                        <Name lang="it">Sequestro polmonare extralobare congenito</Name>
                        <DisorderType id="21450">
                          <Name lang="it">Sottotipo clinico</Name>
                        </DisorderType>
                      </Disorder>
                      <ClassificationNodeChildList count="0">
                      </ClassificationNodeChildList>
                    </ClassificationNode>
                    <ClassificationNode>
                      <Disorder id="20505">
                        <OrphaCode>280821</OrphaCode>
                        <ExpertLink lang="it">http://www.orpha.net/consor/cgi-bin/OC_Exp.php?lng=it&amp;Expert=280821</ExpertLink>
                        <Name lang="it">Malformazione broncopolmonare congenita comunicante con l'intestino anteriore</Name>
                        <DisorderType id="21450">
                          <Name lang="it">Sottotipo clinico</Name>
                        </DisorderType>
                      </Disorder>
                      <ClassificationNodeChildList count="0">
                      </ClassificationNodeChildList>
                    </ClassificationNode>
                  </ClassificationNodeChildList>
                </ClassificationNode>
                <ClassificationNode>
                  <Disorder id="10960">
                    <OrphaCode>70589</OrphaCode>
                    <ExpertLink lang="it">http://www.orpha.net/consor/cgi-bin/OC_Exp.php?lng=it&amp;Expert=70589</ExpertLink>
                    <Name lang="it">Displasia broncopolmonare</Name>
                    <DisorderType id="21401">
                      <Name lang="it">Sindrome malformativa</Name>
                    </DisorderType>
                  </Disorder>
                  <ClassificationNodeChildList count="0">
                  </ClassificationNodeChildList>
                </ClassificationNode>
                <ClassificationNode>
                  <Disorder id="12589">
                    <OrphaCode>95430</OrphaCode>
                    <ExpertLink lang="it">http://www.orpha.net/consor/cgi-bin/OC_Exp.php?lng=it&amp;Expert=95430</ExpertLink>
                    <Name lang="it">Tracheomalacia congenita</Name>
                    <DisorderType id="21415">
                      <Name lang="it">Anomalia morfologica</Name>
                    </DisorderType>
                  </Disorder>
                  <ClassificationNodeChildList count="0">
                  </ClassificationNodeChildList>
                </ClassificationNode>
                <ClassificationNode>
                  <Disorder id="23013">
                    <OrphaCode>411501</OrphaCode>
                    <ExpertLink lang="it">http://www.orpha.net/consor/cgi-bin/OC_Exp.php?lng=it&amp;Expert=411501</ExpertLink>
                    <Name lang="it">Sindrome di Williams-Campbell</Name>
                    <DisorderType id="21415">
                      <Name lang="it">Anomalia morfologica</Name>
                    </DisorderType>
                  </Disorder>
                  <ClassificationNodeChildList count="0">
                  </ClassificationNodeChildList>
                </ClassificationNode>
                <ClassificationNode>
                  <Disorder id="32457">
                    <OrphaCode>700286</OrphaCode>
                    <ExpertLink lang="it">http://www.orpha.net/consor/cgi-bin/OC_Exp.php?lng=it&amp;Expert=700286</ExpertLink>
                    <Name lang="it">Congenital high airway obstruction syndrome</Name>
                    <DisorderType id="21422">
                      <Name lang="it">Sindrome clinica</Name>
                    </DisorderType>
                  </Disorder>
                  <ClassificationNodeChildList count="0">
                  </ClassificationNodeChildList>
                </ClassificationNode>
                <ClassificationNode>
                  <Disorder id="31859">
                    <OrphaCode>649014</OrphaCode>
                    <ExpertLink lang="it">http://www.orpha.net/consor/cgi-bin/OC_Exp.php?lng=it&amp;Expert=649014</ExpertLink>
                    <Name lang="it">Malformazione bronchiale</Name>
                    <DisorderType id="21436">
                      <Name lang="it">Gruppo di fenomi</Name>
                    </DisorderType>
                  </Disorder>
                  <ClassificationNodeChildList count="4">
                    <ClassificationNode>
                      <Disorder id="31856">
                        <OrphaCode>648992</OrphaCode>
                        <ExpertLink lang="it">http://www.orpha.net/consor/cgi-bin/OC_Exp.php?lng=it&amp;Expert=648992</ExpertLink>
                        <Name lang="it">Bronco a cavaliere non sindromico</Name>
                        <DisorderType id="21415">
                          <Name lang="it">Anomalia morfologica</Name>
                        </DisorderType>
                      </Disorder>
                      <ClassificationNodeChildList count="0">
                      </ClassificationNodeChildList>
                    </ClassificationNode>
                    <ClassificationNode>
                      <Disorder id="31858">
                        <OrphaCode>649010</OrphaCode>
                        <ExpertLink lang="it">http://www.orpha.net/consor/cgi-bin/OC_Exp.php?lng=it&amp;Expert=649010</ExpertLink>
                        <Name lang="it">Atresia bronchiale congenita non sindromica</Name>
                        <DisorderType id="21415">
                          <Name lang="it">Anomalia morfologica</Name>
                        </DisorderType>
                      </Disorder>
                      <ClassificationNodeChildList count="0">
                      </ClassificationNodeChildList>
                    </ClassificationNode>
                    <ClassificationNode>
                      <Disorder id="31861">
                        <OrphaCode>649029</OrphaCode>
                        <ExpertLink lang="it">http://www.orpha.net/consor/cgi-bin/OC_Exp.php?lng=it&amp;Expert=649029</ExpertLink>
                        <Name lang="it">Isomerismo bronchiale sinistro isolato</Name>
                        <DisorderType id="21415">
                          <Name lang="it">Anomalia morfologica</Name>
                        </DisorderType>
                      </Disorder>
                      <ClassificationNodeChildList count="0">
                      </ClassificationNodeChildList>
                    </ClassificationNode>
                    <ClassificationNode>
                      <Disorder id="797">
                        <OrphaCode>2357</OrphaCode>
                        <ExpertLink lang="it">http://www.orpha.net/consor/cgi-bin/OC_Exp.php?lng=it&amp;Expert=2357</ExpertLink>
                        <Name lang="it">Cisti broncogene</Name>
                        <DisorderType id="21415">
                          <Name lang="it">Anomalia morfologica</Name>
                        </DisorderType>
                      </Disorder>
                      <ClassificationNodeChildList count="0">
                      </ClassificationNodeChildList>
                    </ClassificationNode>
                  </ClassificationNodeChildList>
                </ClassificationNode>
                <ClassificationNode>
                  <Disorder id="23661">
                    <OrphaCode>454750</OrphaCode>
                    <ExpertLink lang="it">http://www.orpha.net/consor/cgi-bin/OC_Exp.php?lng=it&amp;Expert=454750</ExpertLink>
                    <Name lang="it">Fistola tracheo-esofagea isolata</Name>
                    <DisorderType id="21415">
                      <Name lang="it">Anomalia morfologica</Name>
                    </DisorderType>
                  </Disorder>
                  <ClassificationNodeChildList count="0">
                  </ClassificationNodeChildList>
                </ClassificationNode>
              </ClassificationNodeChildList>
            </ClassificationNode>
            <ClassificationNode>
              <Disorder id="15029">
                <OrphaCode>108995</OrphaCode>
                <ExpertLink lang="it">http://www.orpha.net/consor/cgi-bin/OC_Exp.php?lng=it&amp;Expert=108995</ExpertLink>
                <Name lang="it">Malformazione respiratoria o del mediastino sindromica</Name>
                <DisorderType id="36561">
                  <Name lang="it">Categoria</Name>
                </DisorderType>
              </Disorder>
              <ClassificationNodeChildList count="8">
                <ClassificationNode>
                  <Disorder id="2283">
                    <OrphaCode>2470</OrphaCode>
                    <ExpertLink lang="it">http://www.orpha.net/consor/cgi-bin/OC_Exp.php?lng=it&amp;Expert=2470</ExpertLink>
                    <Name lang="it">Sindrome di Matthew-Wood</Name>
                    <DisorderType id="21401">
                      <Name lang="it">Sindrome malformativa</Name>
                    </DisorderType>
                  </Disorder>
                  <ClassificationNodeChildList count="0">
                  </ClassificationNodeChildList>
                </ClassificationNode>
                <ClassificationNode>
                  <Disorder id="1310">
                    <OrphaCode>994</OrphaCode>
                    <ExpertLink lang="it">http://www.orpha.net/consor/cgi-bin/OC_Exp.php?lng=it&amp;Expert=994</ExpertLink>
                    <Name lang="it">Sequenza dell'acinesia fetale</Name>
                    <DisorderType id="21401">
                      <Name lang="it">Sindrome malformativa</Name>
                    </DisorderType>
                  </Disorder>
                  <ClassificationNodeChildList count="0">
                  </ClassificationNodeChildList>
                </ClassificationNode>
                <ClassificationNode>
                  <Disorder id="1400">
                    <OrphaCode>1120</OrphaCode>
                    <ExpertLink lang="it">http://www.orpha.net/consor/cgi-bin/OC_Exp.php?lng=it&amp;Expert=1120</ExpertLink>
                    <Name lang="it">Sindrome agenesia polmonare-cardiopatia-anomalie del pollice</Name>
                    <DisorderType id="21401">
                      <Name lang="it">Sindrome malformativa</Name>
                    </DisorderType>
                  </Disorder>
                  <ClassificationNodeChildList count="0">
                  </ClassificationNodeChildList>
                </ClassificationNode>
                <ClassificationNode>
                  <Disorder id="3428">
                    <OrphaCode>1132</OrphaCode>
                    <ExpertLink lang="it">http://www.orpha.net/consor/cgi-bin/OC_Exp.php?lng=it&amp;Expert=1132</ExpertLink>
                    <Name lang="it">Anomalie dell'arco aortico</Name>
                    <DisorderType id="36561">
                      <Name lang="it">Categoria</Name>
                    </DisorderType>
                  </Disorder>
                  <ClassificationNodeChildList count="7">
                    <ClassificationNode>
                      <Disorder id="14092">
                        <OrphaCode>99075</OrphaCode>
                        <ExpertLink lang="it">http://www.orpha.net/consor/cgi-bin/OC_Exp.php?lng=it&amp;Expert=99075</ExpertLink>
                        <Name lang="it">Doppio arco aortico</Name>
                        <DisorderType id="21415">
                          <Name lang="it">Anomalia morfologica</Name>
                        </DisorderType>
                      </Disorder>
                      <ClassificationNodeChildList count="0">
                      </ClassificationNodeChildList>
                    </ClassificationNode>
                    <ClassificationNode>
                      <Disorder id="14093">
                        <OrphaCode>99076</OrphaCode>
                        <ExpertLink lang="it">http://www.orpha.net/consor/cgi-bin/OC_Exp.php?lng=it&amp;Expert=99076</ExpertLink>
                        <Name lang="it">Persistenza del quinto arco aortico</Name>
                        <DisorderType id="21415">
                          <Name lang="it">Anomalia morfologica</Name>
                        </DisorderType>
                      </Disorder>
                      <ClassificationNodeChildList count="0">
                      </ClassificationNodeChildList>
                    </ClassificationNode>
                    <ClassificationNode>
                      <Disorder id="14094">
                        <OrphaCode>99077</OrphaCode>
                        <ExpertLink lang="it">http://www.orpha.net/consor/cgi-bin/OC_Exp.php?lng=it&amp;Expert=99077</ExpertLink>
                        <Name lang="it">Diverticolo di Kommerell</Name>
                        <DisorderType id="21415">
                          <Name lang="it">Anomalia morfologica</Name>
                        </DisorderType>
                      </Disorder>
                      <ClassificationNodeChildList count="0">
                      </ClassificationNodeChildList>
                    </ClassificationNode>
                    <ClassificationNode>
                      <Disorder id="14095">
                        <OrphaCode>99078</OrphaCode>
                        <ExpertLink lang="it">http://www.orpha.net/consor/cgi-bin/OC_Exp.php?lng=it&amp;Expert=99078</ExpertLink>
                        <Name lang="it">Anomalia di Neuhauser</Name>
                        <DisorderType id="21415">
                          <Name lang="it">Anomalia morfologica</Name>
                        </DisorderType>
                      </Disorder>
                      <ClassificationNodeChildList count="0">
                      </ClassificationNodeChildList>
                    </ClassificationNode>
                    <ClassificationNode>
                      <Disorder id="14096">
                        <OrphaCode>99079</OrphaCode>
                        <ExpertLink lang="it">http://www.orpha.net/consor/cgi-bin/OC_Exp.php?lng=it&amp;Expert=99079</ExpertLink>
                        <Name lang="it">Arco aortico cervicale</Name>
                        <DisorderType id="21415">
                          <Name lang="it">Anomalia morfologica</Name>
                        </DisorderType>
                      </Disorder>
                      <ClassificationNodeChildList count="0">
                      </ClassificationNodeChildList>
                    </ClassificationNode>
                    <ClassificationNode>
                      <Disorder id="14098">
                        <OrphaCode>99081</OrphaCode>
                        <ExpertLink lang="it">http://www.orpha.net/consor/cgi-bin/OC_Exp.php?lng=it&amp;Expert=99081</ExpertLink>
                        <Name lang="it">Arco aortico destro</Name>
                        <DisorderType id="21415">
                          <Name lang="it">Anomalia morfologica</Name>
                        </DisorderType>
                      </Disorder>
                      <ClassificationNodeChildList count="0">
                      </ClassificationNodeChildList>
                    </ClassificationNode>
                    <ClassificationNode>
                      <Disorder id="14099">
                        <OrphaCode>99082</OrphaCode>
                        <ExpertLink lang="it">http://www.orpha.net/consor/cgi-bin/OC_Exp.php?lng=it&amp;Expert=99082</ExpertLink>
                        <Name lang="it">Disfagia lusoria</Name>
                        <DisorderType id="21415">
                          <Name lang="it">Anomalia morfologica</Name>
                        </DisorderType>
                      </Disorder>
                      <ClassificationNodeChildList count="0">
                      </ClassificationNodeChildList>
                    </ClassificationNode>
                  </ClassificationNodeChildList>
                </ClassificationNode>
                <ClassificationNode>
                  <Disorder id="2729">
                    <OrphaCode>3035</OrphaCode>
                    <ExpertLink lang="it">http://www.orpha.net/consor/cgi-bin/OC_Exp.php?lng=it&amp;Expert=3035</ExpertLink>
                    <Name lang="it">Ritardo della crescita - idrocefalo - ipoplasia dei polmoni</Name>
                    <DisorderType id="21401">
                      <Name lang="it">Sindrome malformativa</Name>
                    </DisorderType>
                  </Disorder>
                  <ClassificationNodeChildList count="0">
                  </ClassificationNodeChildList>
                </ClassificationNode>
                <ClassificationNode>
                  <Disorder id="2233">
                    <OrphaCode>2407</OrphaCode>
                    <ExpertLink lang="it">http://www.orpha.net/consor/cgi-bin/OC_Exp.php?lng=it&amp;Expert=2407</ExpertLink>
                    <Name lang="it">Sindrome LOC</Name>
                    <DisorderType id="21394">
                      <Name lang="it">Malattia</Name>
                    </DisorderType>
                  </Disorder>
                  <ClassificationNodeChildList count="0">
                  </ClassificationNodeChildList>
                </ClassificationNode>
                <ClassificationNode>
                  <Disorder id="3423">
                    <OrphaCode>2745</OrphaCode>
                    <ExpertLink lang="it">http://www.orpha.net/consor/cgi-bin/OC_Exp.php?lng=it&amp;Expert=2745</ExpertLink>
                    <Name lang="it">Sindrome di Opitz GBBB</Name>
                    <DisorderType id="21401">
                      <Name lang="it">Sindrome malformativa</Name>
                    </DisorderType>
                  </Disorder>
                  <ClassificationNodeChildList count="0">
                  </ClassificationNodeChildList>
                </ClassificationNode>
                <ClassificationNode>
                  <Disorder id="1660">
                    <OrphaCode>1486</OrphaCode>
                    <ExpertLink lang="it">http://www.orpha.net/consor/cgi-bin/OC_Exp.php?lng=it&amp;Expert=1486</ExpertLink>
                    <Name lang="it">Sindrome da contratture congenite letali, tipo 1</Name>
                    <DisorderType id="21401">
                      <Name lang="it">Sindrome malformativa</Name>
                    </DisorderType>
                  </Disorder>
                  <ClassificationNodeChildList count="0">
                  </ClassificationNodeChildList>
                </ClassificationNode>
              </ClassificationNodeChildList>
            </ClassificationNode>
            <ClassificationNode>
              <Disorder id="18157">
                <OrphaCode>180776</OrphaCode>
                <ExpertLink lang="it">http://www.orpha.net/consor/cgi-bin/OC_Exp.php?lng=it&amp;Expert=180776</ExpertLink>
                <Name lang="it">Malformazione diaframmatica o toracica non sindromica</Name>
                <DisorderType id="36561">
                  <Name lang="it">Categoria</Name>
                </DisorderType>
              </Disorder>
              <ClassificationNodeChildList count="2">
                <ClassificationNode>
                  <Disorder id="506">
                    <OrphaCode>2140</OrphaCode>
                    <ExpertLink lang="it">http://www.orpha.net/consor/cgi-bin/OC_Exp.php?lng=it&amp;Expert=2140</ExpertLink>
                    <Name lang="it">Ernia diaframmatica congenita</Name>
                    <DisorderType id="21415">
                      <Name lang="it">Anomalia morfologica</Name>
                    </DisorderType>
                  </Disorder>
                  <ClassificationNodeChildList count="0">
                  </ClassificationNodeChildList>
                </ClassificationNode>
                <ClassificationNode>
                  <Disorder id="1951">
                    <OrphaCode>2017</OrphaCode>
                    <ExpertLink lang="it">http://www.orpha.net/consor/cgi-bin/OC_Exp.php?lng=it&amp;Expert=2017</ExpertLink>
                    <Name lang="it">Schisi sternale</Name>
                    <DisorderType id="21415">
                      <Name lang="it">Anomalia morfologica</Name>
                    </DisorderType>
                  </Disorder>
                  <ClassificationNodeChildList count="0">
                  </ClassificationNodeChildList>
                </ClassificationNode>
              </ClassificationNodeChildList>
            </ClassificationNode>
            <ClassificationNode>
              <Disorder id="18158">
                <OrphaCode>180779</OrphaCode>
                <ExpertLink lang="it">http://www.orpha.net/consor/cgi-bin/OC_Exp.php?lng=it&amp;Expert=180779</ExpertLink>
                <Name lang="it">Malformazione diaframmatica o toracica sindromica</Name>
                <DisorderType id="36561">
                  <Name lang="it">Categoria</Name>
                </DisorderType>
              </Disorder>
              <ClassificationNodeChildList count="17">
                <ClassificationNode>
                  <Disorder id="25843">
                    <OrphaCode>496693</OrphaCode>
                    <ExpertLink lang="it">http://www.orpha.net/consor/cgi-bin/OC_Exp.php?lng=it&amp;Expert=496693</ExpertLink>
                    <Name lang="it">Sindrome onfalocele-ernia diaframmatica-anomalie cardiovascolari-difetti del radio</Name>
                    <DisorderType id="21401">
                      <Name lang="it">Sindrome malformativa</Name>
                    </DisorderType>
                  </Disorder>
                  <ClassificationNodeChildList count="0">
                  </ClassificationNodeChildList>
                </ClassificationNode>
                <ClassificationNode>
                  <Disorder id="25213">
                    <OrphaCode>480528</OrphaCode>
                    <ExpertLink lang="it">http://www.orpha.net/consor/cgi-bin/OC_Exp.php?lng=it&amp;Expert=480528</ExpertLink>
                    <Name lang="it">Sindrome letale da idranencefalia ed ernia diaframmatica</Name>
                    <DisorderType id="21401">
                      <Name lang="it">Sindrome malformativa</Name>
                    </DisorderType>
                  </Disorder>
                  <ClassificationNodeChildList count="0">
                  </ClassificationNodeChildList>
                </ClassificationNode>
                <ClassificationNode>
                  <Disorder id="147">
                    <OrphaCode>280</OrphaCode>
                    <ExpertLink lang="it">http://www.orpha.net/consor/cgi-bin/OC_Exp.php?lng=it&amp;Expert=280</ExpertLink>
                    <Name lang="it">Sindrome di Wolf-Hirschhorn</Name>
                    <DisorderType id="21401">
                      <Name lang="it">Sindrome malformativa</Name>
                    </DisorderType>
                  </Disorder>
                  <ClassificationNodeChildList count="0">
                  </ClassificationNodeChildList>
                </ClassificationNode>
                <ClassificationNode>
                  <Disorder id="299">
                    <OrphaCode>199</OrphaCode>
                    <ExpertLink lang="it">http://www.orpha.net/consor/cgi-bin/OC_Exp.php?lng=it&amp;Expert=199</ExpertLink>
                    <Name lang="it">Sindrome di Cornelia de Lange</Name>
                    <DisorderType id="21401">
                      <Name lang="it">Sindrome malformativa</Name>
                    </DisorderType>
                  </Disorder>
                  <ClassificationNodeChildList count="0">
                  </ClassificationNodeChildList>
                </ClassificationNode>
                <ClassificationNode>
                  <Disorder id="557">
                    <OrphaCode>884</OrphaCode>
                    <ExpertLink lang="it">http://www.orpha.net/consor/cgi-bin/OC_Exp.php?lng=it&amp;Expert=884</ExpertLink>
                    <Name lang="it">Tetrasomia 12p</Name>
                    <DisorderType id="21401">
                      <Name lang="it">Sindrome malformativa</Name>
                    </DisorderType>
                  </Disorder>
                  <ClassificationNodeChildList count="0">
                  </ClassificationNodeChildList>
                </ClassificationNode>
                <ClassificationNode>
                  <Disorder id="612">
                    <OrphaCode>287</OrphaCode>
                    <ExpertLink lang="it">http://www.orpha.net/consor/cgi-bin/OC_Exp.php?lng=it&amp;Expert=287</ExpertLink>
                    <Name lang="it">Sindrome di Ehlers-Danlos tipo classico</Name>
                    <DisorderType id="21394">
                      <Name lang="it">Malattia</Name>
                    </DisorderType>
                  </Disorder>
                  <ClassificationNodeChildList count="0">
                  </ClassificationNodeChildList>
                </ClassificationNode>
                <ClassificationNode>
                  <Disorder id="912">
                    <OrphaCode>373</OrphaCode>
                    <ExpertLink lang="it">http://www.orpha.net/consor/cgi-bin/OC_Exp.php?lng=it&amp;Expert=373</ExpertLink>
                    <Name lang="it">Sindrome di Simpson-Golabi-Behmel</Name>
                    <DisorderType id="21401">
                      <Name lang="it">Sindrome malformativa</Name>
                    </DisorderType>
                  </Disorder>
                  <ClassificationNodeChildList count="0">
                  </ClassificationNodeChildList>
                </ClassificationNode>
                <ClassificationNode>
                  <Disorder id="1306">
                    <OrphaCode>991</OrphaCode>
                    <ExpertLink lang="it">http://www.orpha.net/consor/cgi-bin/OC_Exp.php?lng=it&amp;Expert=991</ExpertLink>
                    <Name lang="it">Sindrome PAGOD</Name>
                    <DisorderType id="21401">
                      <Name lang="it">Sindrome malformativa</Name>
                    </DisorderType>
                  </Disorder>
                  <ClassificationNodeChildList count="0">
                  </ClassificationNodeChildList>
                </ClassificationNode>
                <ClassificationNode>
                  <Disorder id="1554">
                    <OrphaCode>1335</OrphaCode>
                    <ExpertLink lang="it">http://www.orpha.net/consor/cgi-bin/OC_Exp.php?lng=it&amp;Expert=1335</ExpertLink>
                    <Name lang="it">Pentalogia di Cantrell</Name>
                    <DisorderType id="21401">
                      <Name lang="it">Sindrome malformativa</Name>
                    </DisorderType>
                  </Disorder>
                  <ClassificationNodeChildList count="0">
                  </ClassificationNodeChildList>
                </ClassificationNode>
                <ClassificationNode>
                  <Disorder id="2040">
                    <OrphaCode>2141</OrphaCode>
                    <ExpertLink lang="it">http://www.orpha.net/consor/cgi-bin/OC_Exp.php?lng=it&amp;Expert=2141</ExpertLink>
                    <Name lang="it">Ernia diaframmatica - anomalie degli arti</Name>
                    <DisorderType id="21401">
                      <Name lang="it">Sindrome malformativa</Name>
                    </DisorderType>
                  </Disorder>
                  <ClassificationNodeChildList count="0">
                  </ClassificationNodeChildList>
                </ClassificationNode>
                <ClassificationNode>
                  <Disorder id="2043">
                    <OrphaCode>2143</OrphaCode>
                    <ExpertLink lang="it">http://www.orpha.net/consor/cgi-bin/OC_Exp.php?lng=it&amp;Expert=2143</ExpertLink>
                    <Name lang="it">Sindrome di Donnai-Barrow</Name>
                    <DisorderType id="21401">
                      <Name lang="it">Sindrome malformativa</Name>
                    </DisorderType>
                  </Disorder>
                  <ClassificationNodeChildList count="0">
                  </ClassificationNodeChildList>
                </ClassificationNode>
                <ClassificationNode>
                  <Disorder id="2177">
                    <OrphaCode>2322</OrphaCode>
                    <ExpertLink lang="it">http://www.orpha.net/consor/cgi-bin/OC_Exp.php?lng=it&amp;Expert=2322</ExpertLink>
                    <Name lang="it">Sindrome Kabuki</Name>
                    <DisorderType id="21401">
                      <Name lang="it">Sindrome malformativa</Name>
                    </DisorderType>
                  </Disorder>
                  <ClassificationNodeChildList count="0">
                  </ClassificationNodeChildList>
                </ClassificationNode>
                <ClassificationNode>
                  <Disorder id="2283">
                    <OrphaCode>2470</OrphaCode>
                    <ExpertLink lang="it">http://www.orpha.net/consor/cgi-bin/OC_Exp.php?lng=it&amp;Expert=2470</ExpertLink>
                    <Name lang="it">Sindrome di Matthew-Wood</Name>
                    <DisorderType id="21401">
                      <Name lang="it">Sindrome malformativa</Name>
                    </DisorderType>
                  </Disorder>
                  <ClassificationNodeChildList count="0">
                  </ClassificationNodeChildList>
                </ClassificationNode>
                <ClassificationNode>
                  <Disorder id="3569">
                    <OrphaCode>209</OrphaCode>
                    <ExpertLink lang="it">http://www.orpha.net/consor/cgi-bin/OC_Exp.php?lng=it&amp;Expert=209</ExpertLink>
                    <Name lang="it">Cutis laxa</Name>
                    <DisorderType id="21436">
                      <Name lang="it">Gruppo di fenomi</Name>
                    </DisorderType>
                  </Disorder>
                  <ClassificationNodeChildList count="12">
                    <ClassificationNode>
                      <Disorder id="1993">
                        <OrphaCode>2078</OrphaCode>
                        <ExpertLink lang="it">http://www.orpha.net/consor/cgi-bin/OC_Exp.php?lng=it&amp;Expert=2078</ExpertLink>
                        <Name lang="it">Gerodermia osteodisplastica</Name>
                        <DisorderType id="21401">
                          <Name lang="it">Sindrome malformativa</Name>
                        </DisorderType>
                      </Disorder>
                      <ClassificationNodeChildList count="0">
                      </ClassificationNodeChildList>
                    </ClassificationNode>
                    <ClassificationNode>
                      <Disorder id="2673">
                        <OrphaCode>2962</OrphaCode>
                        <ExpertLink lang="it">http://www.orpha.net/consor/cgi-bin/OC_Exp.php?lng=it&amp;Expert=2962</ExpertLink>
                        <Name lang="it">Sindrome di De Barsy</Name>
                        <DisorderType id="21394">
                          <Name lang="it">Malattia</Name>
                        </DisorderType>
                      </Disorder>
                      <ClassificationNodeChildList count="2">
                        <ClassificationNode>
                          <Disorder id="10381">
                            <OrphaCode>35664</OrphaCode>
                            <ExpertLink lang="it">http://www.orpha.net/consor/cgi-bin/OC_Exp.php?lng=it&amp;Expert=35664</ExpertLink>
                            <Name lang="it">Sindrome di De Barsy correlata a ALDH18A1</Name>
                            <DisorderType id="21443">
                              <Name lang="it">Sottotipo eziologico</Name>
                            </DisorderType>
                          </Disorder>
                          <ClassificationNodeChildList count="0">
                          </ClassificationNodeChildList>
                        </ClassificationNode>
                        <ClassificationNode>
                          <Disorder id="20864">
                            <OrphaCode>293633</OrphaCode>
                            <ExpertLink lang="it">http://www.orpha.net/consor/cgi-bin/OC_Exp.php?lng=it&amp;Expert=293633</ExpertLink>
                            <Name lang="it">Sindrome di De Barsy correlata a PYCR1</Name>
                            <DisorderType id="21443">
                              <Name lang="it">Sottotipo eziologico</Name>
                            </DisorderType>
                          </Disorder>
                          <ClassificationNodeChildList count="0">
                          </ClassificationNodeChildList>
                        </ClassificationNode>
                      </ClassificationNodeChildList>
                    </ClassificationNode>
                    <ClassificationNode>
                      <Disorder id="2805">
                        <OrphaCode>3134</OrphaCode>
                        <ExpertLink lang="it">http://www.orpha.net/consor/cgi-bin/OC_Exp.php?lng=it&amp;Expert=3134</ExpertLink>
                        <Name lang="it">Sindrome SCARF</Name>
                        <DisorderType id="21401">
                          <Name lang="it">Sindrome malformativa</Name>
                        </DisorderType>
                      </Disorder>
                      <ClassificationNodeChildList count="0">
                      </ClassificationNodeChildList>
                    </ClassificationNode>
                    <ClassificationNode>
                      <Disorder id="2965">
                        <OrphaCode>3342</OrphaCode>
                        <ExpertLink lang="it">http://www.orpha.net/consor/cgi-bin/OC_Exp.php?lng=it&amp;Expert=3342</ExpertLink>
                        <Name lang="it">Sindrome da tortuosità delle arterie</Name>
                        <DisorderType id="21401">
                          <Name lang="it">Sindrome malformativa</Name>
                        </DisorderType>
                      </Disorder>
                      <ClassificationNodeChildList count="0">
                      </ClassificationNodeChildList>
                    </ClassificationNode>
                    <ClassificationNode>
                      <Disorder id="7035">
                        <OrphaCode>198</OrphaCode>
                        <ExpertLink lang="it">http://www.orpha.net/consor/cgi-bin/OC_Exp.php?lng=it&amp;Expert=198</ExpertLink>
                        <Name lang="it">Sindrome del corno occipitale</Name>
                        <DisorderType id="21394">
                          <Name lang="it">Malattia</Name>
                        </DisorderType>
                      </Disorder>
                      <ClassificationNodeChildList count="0">
                      </ClassificationNodeChildList>
                    </ClassificationNode>
                    <ClassificationNode>
                      <Disorder id="12024">
                        <OrphaCode>90348</OrphaCode>
                        <ExpertLink lang="it">http://www.orpha.net/consor/cgi-bin/OC_Exp.php?lng=it&amp;Expert=90348</ExpertLink>
                        <Name lang="it">Cutis laxa autosomica dominante</Name>
                        <DisorderType id="21394">
                          <Name lang="it">Malattia</Name>
                        </DisorderType>
                      </Disorder>
                      <ClassificationNodeChildList count="0">
                      </ClassificationNodeChildList>
                    </ClassificationNode>
                    <ClassificationNode>
                      <Disorder id="12025">
                        <OrphaCode>90349</OrphaCode>
                        <ExpertLink lang="it">http://www.orpha.net/consor/cgi-bin/OC_Exp.php?lng=it&amp;Expert=90349</ExpertLink>
                        <Name lang="it">Cutis laxa autosomica recessiva, tipo 1</Name>
                        <DisorderType id="21394">
                          <Name lang="it">Malattia</Name>
                        </DisorderType>
                      </Disorder>
                      <ClassificationNodeChildList count="0">
                      </ClassificationNodeChildList>
                    </ClassificationNode>
                    <ClassificationNode>
                      <Disorder id="12026">
                        <OrphaCode>90350</OrphaCode>
                        <ExpertLink lang="it">http://www.orpha.net/consor/cgi-bin/OC_Exp.php?lng=it&amp;Expert=90350</ExpertLink>
                        <Name lang="it">Cutis laxa autosomica recessiva, tipo 2</Name>
                        <DisorderType id="21436">
                          <Name lang="it">Gruppo di fenomi</Name>
                        </DisorderType>
                      </Disorder>
                      <ClassificationNodeChildList count="2">
                        <ClassificationNode>
                          <Disorder id="22201">
                            <OrphaCode>357058</OrphaCode>
                            <ExpertLink lang="it">http://www.orpha.net/consor/cgi-bin/OC_Exp.php?lng=it&amp;Expert=357058</ExpertLink>
                            <Name lang="it">Cutis laxa autosomica recessiva tipo 2A</Name>
                            <DisorderType id="21394">
                              <Name lang="it">Malattia</Name>
                            </DisorderType>
                          </Disorder>
                          <ClassificationNodeChildList count="2">
                            <ClassificationNode>
                              <Disorder id="2571">
                                <OrphaCode>2834</OrphaCode>
                                <ExpertLink lang="it">http://www.orpha.net/consor/cgi-bin/OC_Exp.php?lng=it&amp;Expert=2834</ExpertLink>
                                <Name lang="it">Sindrome della cute rugosa</Name>
                                <DisorderType id="21450">
                                  <Name lang="it">Sottotipo clinico</Name>
                                </DisorderType>
                              </Disorder>
                              <ClassificationNodeChildList count="0">
                              </ClassificationNodeChildList>
                            </ClassificationNode>
                            <ClassificationNode>
                              <Disorder id="22203">
                                <OrphaCode>357074</OrphaCode>
                                <ExpertLink lang="it">http://www.orpha.net/consor/cgi-bin/OC_Exp.php?lng=it&amp;Expert=357074</ExpertLink>
                                <Name lang="it">Cutis laxa autosomica recessiva tipo 2, tipo classico</Name>
                                <DisorderType id="21450">
                                  <Name lang="it">Sottotipo clinico</Name>
                                </DisorderType>
                              </Disorder>
                              <ClassificationNodeChildList count="0">
                              </ClassificationNodeChildList>
                            </ClassificationNode>
                          </ClassificationNodeChildList>
                        </ClassificationNode>
                        <ClassificationNode>
                          <Disorder id="22202">
                            <OrphaCode>357064</OrphaCode>
                            <ExpertLink lang="it">http://www.orpha.net/consor/cgi-bin/OC_Exp.php?lng=it&amp;Expert=357064</ExpertLink>
                            <Name lang="it">Cutis laxa autosomica recessiva, tipo 2B</Name>
                            <DisorderType id="21394">
                              <Name lang="it">Malattia</Name>
                            </DisorderType>
                          </Disorder>
                          <ClassificationNodeChildList count="0">
                          </ClassificationNodeChildList>
                        </ClassificationNode>
                      </ClassificationNodeChildList>
                    </ClassificationNode>
                    <ClassificationNode>
                      <Disorder id="18846">
                        <OrphaCode>217335</OrphaCode>
                        <ExpertLink lang="it">http://www.orpha.net/consor/cgi-bin/OC_Exp.php?lng=it&amp;Expert=217335</ExpertLink>
                        <Name lang="it">Sindrome RIN2</Name>
                        <DisorderType id="21401">
                          <Name lang="it">Sindrome malformativa</Name>
                        </DisorderType>
                      </Disorder>
                      <ClassificationNodeChildList count="0">
                      </ClassificationNodeChildList>
                    </ClassificationNode>
                    <ClassificationNode>
                      <Disorder id="18949">
                        <OrphaCode>221145</OrphaCode>
                        <ExpertLink lang="it">http://www.orpha.net/consor/cgi-bin/OC_Exp.php?lng=it&amp;Expert=221145</ExpertLink>
                        <Name lang="it">Cutis laxa con gravi anomalie polmonari, gastrointestinali e urinarie</Name>
                        <DisorderType id="21401">
                          <Name lang="it">Sindrome malformativa</Name>
                        </DisorderType>
                      </Disorder>
                      <ClassificationNodeChildList count="0">
                      </ClassificationNodeChildList>
                    </ClassificationNode>
                    <ClassificationNode>
                      <Disorder id="21520">
                        <OrphaCode>314718</OrphaCode>
                        <ExpertLink lang="it">http://www.orpha.net/consor/cgi-bin/OC_Exp.php?lng=it&amp;Expert=314718</ExpertLink>
                        <Name lang="it">Sindrome da arteriopatia letale secondaria al deficit di fibulina-4</Name>
                        <DisorderType id="21394">
                          <Name lang="it">Malattia</Name>
                        </DisorderType>
                      </Disorder>
                      <ClassificationNodeChildList count="0">
                      </ClassificationNodeChildList>
                    </ClassificationNode>
                    <ClassificationNode>
                      <Disorder id="22342">
                        <OrphaCode>363705</OrphaCode>
                        <ExpertLink lang="it">http://www.orpha.net/consor/cgi-bin/OC_Exp.php?lng=it&amp;Expert=363705</ExpertLink>
                        <Name lang="it">Sindrome cranio-facio-fronto-digitale</Name>
                        <DisorderType id="21394">
                          <Name lang="it">Malattia</Name>
                        </DisorderType>
                      </Disorder>
                      <ClassificationNodeChildList count="0">
                      </ClassificationNodeChildList>
                    </ClassificationNode>
                  </ClassificationNodeChildList>
                </ClassificationNode>
                <ClassificationNode>
                  <Disorder id="12794">
                    <OrphaCode>96170</OrphaCode>
                    <ExpertLink lang="it">http://www.orpha.net/consor/cgi-bin/OC_Exp.php?lng=it&amp;Expert=96170</ExpertLink>
                    <Name lang="it">Sindrome di Emanuel</Name>
                    <DisorderType id="21401">
                      <Name lang="it">Sindrome malformativa</Name>
                    </DisorderType>
                  </Disorder>
                  <ClassificationNodeChildList count="0">
                  </ClassificationNodeChildList>
                </ClassificationNode>
                <ClassificationNode>
                  <Disorder id="19142">
                    <OrphaCode>230839</OrphaCode>
                    <ExpertLink lang="it">http://www.orpha.net/consor/cgi-bin/OC_Exp.php?lng=it&amp;Expert=230839</ExpertLink>
                    <Name lang="it">Sindrome di Ehlers-Danlos simil-classica tipo 1</Name>
                    <DisorderType id="21394">
                      <Name lang="it">Malattia</Name>
                    </DisorderType>
                  </Disorder>
                  <ClassificationNodeChildList count="0">
                  </ClassificationNodeChildList>
                </ClassificationNode>
                <ClassificationNode>
                  <Disorder id="27458">
                    <OrphaCode>527468</OrphaCode>
                    <ExpertLink lang="it">http://www.orpha.net/consor/cgi-bin/OC_Exp.php?lng=it&amp;Expert=527468</ExpertLink>
                    <Name lang="it">Sindrome ernia diaframmatica - intestino corto - asplenia</Name>
                    <DisorderType id="21401">
                      <Name lang="it">Sindrome malformativa</Name>
                    </DisorderType>
                  </Disorder>
                  <ClassificationNodeChildList count="0">
                  </ClassificationNodeChildList>
                </ClassificationNode>
              </ClassificationNodeChildList>
            </ClassificationNode>
            <ClassificationNode>
              <Disorder id="20633">
                <OrphaCode>285014</OrphaCode>
                <ExpertLink lang="it">http://www.orpha.net/consor/cgi-bin/OC_Exp.php?lng=it&amp;Expert=285014</ExpertLink>
                <Name lang="it">Malattia rara con aneurisma dell'aorta toracica e dissezione aortica</Name>
                <DisorderType id="36561">
                  <Name lang="it">Categoria</Name>
                </DisorderType>
              </Disorder>
              <ClassificationNodeChildList count="11">
                <ClassificationNode>
                  <Disorder id="31460">
                    <OrphaCode>622925</OrphaCode>
                    <ExpertLink lang="it">http://www.orpha.net/consor/cgi-bin/OC_Exp.php?lng=it&amp;Expert=622925</ExpertLink>
                    <Name lang="it">Grave aneurisma e dissecazione sindromica dellaorta toracica legata allX</Name>
                    <DisorderType id="21401">
                      <Name lang="it">Sindrome malformativa</Name>
                    </DisorderType>
                  </Disorder>
                  <ClassificationNodeChildList count="0">
                  </ClassificationNodeChildList>
                </ClassificationNode>
                <ClassificationNode>
                  <Disorder id="109">
                    <OrphaCode>558</OrphaCode>
                    <ExpertLink lang="it">http://www.orpha.net/consor/cgi-bin/OC_Exp.php?lng=it&amp;Expert=558</ExpertLink>
                    <Name lang="it">Sindrome di Marfan</Name>
                    <DisorderType id="21394">
                      <Name lang="it">Malattia</Name>
                    </DisorderType>
                  </Disorder>
                  <ClassificationNodeChildList count="2">
                    <ClassificationNode>
                      <Disorder id="20628">
                        <OrphaCode>284963</OrphaCode>
                        <ExpertLink lang="it">http://www.orpha.net/consor/cgi-bin/OC_Exp.php?lng=it&amp;Expert=284963</ExpertLink>
                        <Name lang="it">Sindrome di Marfan, tipo 1</Name>
                        <DisorderType id="21450">
                          <Name lang="it">Sottotipo clinico</Name>
                        </DisorderType>
                      </Disorder>
                      <ClassificationNodeChildList count="0">
                      </ClassificationNodeChildList>
                    </ClassificationNode>
                    <ClassificationNode>
                      <Disorder id="20629">
                        <OrphaCode>284973</OrphaCode>
                        <ExpertLink lang="it">http://www.orpha.net/consor/cgi-bin/OC_Exp.php?lng=it&amp;Expert=284973</ExpertLink>
                        <Name lang="it">Sindrome di Marfan, tipo 2</Name>
                        <DisorderType id="21450">
                          <Name lang="it">Sottotipo clinico</Name>
                        </DisorderType>
                      </Disorder>
                      <ClassificationNodeChildList count="0">
                      </ClassificationNodeChildList>
                    </ClassificationNode>
                  </ClassificationNodeChildList>
                </ClassificationNode>
                <ClassificationNode>
                  <Disorder id="2965">
                    <OrphaCode>3342</OrphaCode>
                    <ExpertLink lang="it">http://www.orpha.net/consor/cgi-bin/OC_Exp.php?lng=it&amp;Expert=3342</ExpertLink>
                    <Name lang="it">Sindrome da tortuosità delle arterie</Name>
                    <DisorderType id="21401">
                      <Name lang="it">Sindrome malformativa</Name>
                    </DisorderType>
                  </Disorder>
                  <ClassificationNodeChildList count="0">
                  </ClassificationNodeChildList>
                </ClassificationNode>
                <ClassificationNode>
                  <Disorder id="4042">
                    <OrphaCode>286</OrphaCode>
                    <ExpertLink lang="it">http://www.orpha.net/consor/cgi-bin/OC_Exp.php?lng=it&amp;Expert=286</ExpertLink>
                    <Name lang="it">Sindrome di Ehlers-Danlos, tipo vascolare</Name>
                    <DisorderType id="21394">
                      <Name lang="it">Malattia</Name>
                    </DisorderType>
                  </Disorder>
                  <ClassificationNodeChildList count="0">
                  </ClassificationNodeChildList>
                </ClassificationNode>
                <ClassificationNode>
                  <Disorder id="10799">
                    <OrphaCode>60030</OrphaCode>
                    <ExpertLink lang="it">http://www.orpha.net/consor/cgi-bin/OC_Exp.php?lng=it&amp;Expert=60030</ExpertLink>
                    <Name lang="it">Sindrome di Loeys-Dietz</Name>
                    <DisorderType id="21401">
                      <Name lang="it">Sindrome malformativa</Name>
                    </DisorderType>
                  </Disorder>
                  <ClassificationNodeChildList count="0">
                  </ClassificationNodeChildList>
                </ClassificationNode>
                <ClassificationNode>
                  <Disorder id="12138">
                    <OrphaCode>91387</OrphaCode>
                    <ExpertLink lang="it">http://www.orpha.net/consor/cgi-bin/OC_Exp.php?lng=it&amp;Expert=91387</ExpertLink>
                    <Name lang="it">Aneurisma familiare dell'aorta toracica e dissecazione dell'aorta</Name>
                    <DisorderType id="21394">
                      <Name lang="it">Malattia</Name>
                    </DisorderType>
                  </Disorder>
                  <ClassificationNodeChildList count="0">
                  </ClassificationNodeChildList>
                </ClassificationNode>
                <ClassificationNode>
                  <Disorder id="20630">
                    <OrphaCode>284979</OrphaCode>
                    <ExpertLink lang="it">http://www.orpha.net/consor/cgi-bin/OC_Exp.php?lng=it&amp;Expert=284979</ExpertLink>
                    <Name lang="it">Sindrome di Marfan neonatale</Name>
                    <DisorderType id="21394">
                      <Name lang="it">Malattia</Name>
                    </DisorderType>
                  </Disorder>
                  <ClassificationNodeChildList count="0">
                  </ClassificationNodeChildList>
                </ClassificationNode>
                <ClassificationNode>
                  <Disorder id="20631">
                    <OrphaCode>284984</OrphaCode>
                    <ExpertLink lang="it">http://www.orpha.net/consor/cgi-bin/OC_Exp.php?lng=it&amp;Expert=284984</ExpertLink>
                    <Name lang="it">Sindrome aneurisma-osteoartrite</Name>
                    <DisorderType id="21394">
                      <Name lang="it">Malattia</Name>
                    </DisorderType>
                  </Disorder>
                  <ClassificationNodeChildList count="0">
                  </ClassificationNodeChildList>
                </ClassificationNode>
                <ClassificationNode>
                  <Disorder id="22877">
                    <OrphaCode>402075</OrphaCode>
                    <ExpertLink lang="it">http://www.orpha.net/consor/cgi-bin/OC_Exp.php?lng=it&amp;Expert=402075</ExpertLink>
                    <Name lang="it">Valvola aortica bicuspide familiare</Name>
                    <DisorderType id="21415">
                      <Name lang="it">Anomalia morfologica</Name>
                    </DisorderType>
                  </Disorder>
                  <ClassificationNodeChildList count="0">
                  </ClassificationNodeChildList>
                </ClassificationNode>
                <ClassificationNode>
                  <Disorder id="3258">
                    <OrphaCode>229</OrphaCode>
                    <ExpertLink lang="it">http://www.orpha.net/consor/cgi-bin/OC_Exp.php?lng=it&amp;Expert=229</ExpertLink>
                    <Name lang="it">Dissezione familiare dell'aorta</Name>
                    <DisorderType id="21394">
                      <Name lang="it">Malattia</Name>
                    </DisorderType>
                  </Disorder>
                  <ClassificationNodeChildList count="0">
                  </ClassificationNodeChildList>
                </ClassificationNode>
                <ClassificationNode>
                  <Disorder id="22924">
                    <OrphaCode>404463</OrphaCode>
                    <ExpertLink lang="it">http://www.orpha.net/consor/cgi-bin/OC_Exp.php?lng=it&amp;Expert=404463</ExpertLink>
                    <Name lang="it">Sindrome multisistemica da disfunzione della muscolatura liscia</Name>
                    <DisorderType id="21394">
                      <Name lang="it">Malattia</Name>
                    </DisorderType>
                  </Disorder>
                  <ClassificationNodeChildList count="0">
                  </ClassificationNodeChildList>
                </ClassificationNode>
              </ClassificationNodeChildList>
            </ClassificationNode>
          </ClassificationNodeChildList>
        </ClassificationNode>
      </ClassificationNodeRootList>
    </Classification>
  </ClassificationList>
</JDBOR>
