<?xml version="1.0" encoding="UTF-8"?>
<JDBOR ExtractionDate="2025-06-24 07:56:40" version="1.3.42 / 4.1.8 [2025-03-03]" copyright="Orphanet (c) 2025" dbserver="jdbc:sybase:Tds:canard.orpha.net:2020">
  <Availability> 
    <Licence>
      <FullName lang="en">Creative Commons Attribution 4.0 International</FullName>
      <ShortIdentifier>CC-BY-4.0</ShortIdentifier>
      <LegalCode>https://creativecommons.org/licenses/by/4.0/legalcode</LegalCode>
    </Licence>
  </Availability>
  <ClassificationList count="1">
    <Classification id="204">
      <OrphaNumber>162979</OrphaNumber>
      <Name lang="it">Classificazione di Orphanet delle intossicazioni rare</Name>
      <ClassificationNodeRootList count="1">
        <ClassificationNode>
          <Disorder id="15031">
            <OrphaCode>108999</OrphaCode>
            <ExpertLink lang="it">http://www.orpha.net/consor/cgi-bin/OC_Exp.php?lng=it&amp;Expert=108999</ExpertLink>
            <Name lang="it">Intossicazione rara</Name>
            <DisorderType id="36561">
              <Name lang="it">Categoria</Name>
            </DisorderType>
          </Disorder>
          <ClassificationNodeChildList count="4">
            <ClassificationNode>
              <Disorder id="27316">
                <OrphaCode>521132</OrphaCode>
                <ExpertLink lang="it">http://www.orpha.net/consor/cgi-bin/OC_Exp.php?lng=it&amp;Expert=521132</ExpertLink>
                <Name lang="it">Patologia indotta da radiazioni</Name>
                <DisorderType id="36561">
                  <Name lang="it">Categoria</Name>
                </DisorderType>
              </Disorder>
              <ClassificationNodeChildList count="6">
                <ClassificationNode>
                  <Disorder id="27315">
                    <OrphaCode>521127</OrphaCode>
                    <ExpertLink lang="it">http://www.orpha.net/consor/cgi-bin/OC_Exp.php?lng=it&amp;Expert=521127</ExpertLink>
                    <Name lang="it">Osteoradionecrosi della mandibola</Name>
                    <DisorderType id="21394">
                      <Name lang="it">Malattia</Name>
                    </DisorderType>
                  </Disorder>
                  <ClassificationNodeChildList count="0">
                  </ClassificationNodeChildList>
                </ClassificationNode>
                <ClassificationNode>
                  <Disorder id="27314">
                    <OrphaCode>521123</OrphaCode>
                    <ExpertLink lang="it">http://www.orpha.net/consor/cgi-bin/OC_Exp.php?lng=it&amp;Expert=521123</ExpertLink>
                    <Name lang="it">Plessopatia indotta dalle radiazioni</Name>
                    <DisorderType id="21394">
                      <Name lang="it">Malattia</Name>
                    </DisorderType>
                  </Disorder>
                  <ClassificationNodeChildList count="0">
                  </ClassificationNodeChildList>
                </ClassificationNode>
                <ClassificationNode>
                  <Disorder id="23664">
                    <OrphaCode>454831</OrphaCode>
                    <ExpertLink lang="it">http://www.orpha.net/consor/cgi-bin/OC_Exp.php?lng=it&amp;Expert=454831</ExpertLink>
                    <Name lang="it">Sindrome acuta da irradiazione</Name>
                    <DisorderType id="21429">
                      <Name lang="it">Situazione clinica particolare in una malattia o sindrome</Name>
                    </DisorderType>
                  </Disorder>
                  <ClassificationNodeChildList count="0">
                  </ClassificationNodeChildList>
                </ClassificationNode>
                <ClassificationNode>
                  <Disorder id="11923">
                    <OrphaCode>90021</OrphaCode>
                    <ExpertLink lang="it">http://www.orpha.net/consor/cgi-bin/OC_Exp.php?lng=it&amp;Expert=90021</ExpertLink>
                    <Name lang="it">Mielite da radiazioni</Name>
                    <DisorderType id="21394">
                      <Name lang="it">Malattia</Name>
                    </DisorderType>
                  </Disorder>
                  <ClassificationNodeChildList count="0">
                  </ClassificationNodeChildList>
                </ClassificationNode>
                <ClassificationNode>
                  <Disorder id="10948">
                    <OrphaCode>70475</OrphaCode>
                    <ExpertLink lang="it">http://www.orpha.net/consor/cgi-bin/OC_Exp.php?lng=it&amp;Expert=70475</ExpertLink>
                    <Name lang="it">Proctite da radiazioni</Name>
                    <DisorderType id="21394">
                      <Name lang="it">Malattia</Name>
                    </DisorderType>
                  </Disorder>
                  <ClassificationNodeChildList count="0">
                  </ClassificationNodeChildList>
                </ClassificationNode>
                <ClassificationNode>
                  <Disorder id="17567">
                    <OrphaCode>164726</OrphaCode>
                    <ExpertLink lang="it">http://www.orpha.net/consor/cgi-bin/OC_Exp.php?lng=it&amp;Expert=164726</ExpertLink>
                    <Name lang="it">Leucemia mieloide acuta e sindromi mielodisplastiche correlate alle radiazioni</Name>
                    <DisorderType id="21394">
                      <Name lang="it">Malattia</Name>
                    </DisorderType>
                  </Disorder>
                  <ClassificationNodeChildList count="0">
                  </ClassificationNodeChildList>
                </ClassificationNode>
              </ClassificationNodeChildList>
            </ClassificationNode>
            <ClassificationNode>
              <Disorder id="21242">
                <OrphaCode>306640</OrphaCode>
                <ExpertLink lang="it">http://www.orpha.net/consor/cgi-bin/OC_Exp.php?lng=it&amp;Expert=306640</ExpertLink>
                <Name lang="it">Intossicazione rara da prodotti medicinali</Name>
                <DisorderType id="36561">
                  <Name lang="it">Categoria</Name>
                </DisorderType>
              </Disorder>
              <ClassificationNodeChildList count="10">
                <ClassificationNode>
                  <Disorder id="28446">
                    <OrphaCode>565782</OrphaCode>
                    <ExpertLink lang="it">http://www.orpha.net/consor/cgi-bin/OC_Exp.php?lng=it&amp;Expert=565782</ExpertLink>
                    <Name lang="it">Tossicità da metotressato</Name>
                    <DisorderType id="21394">
                      <Name lang="it">Malattia</Name>
                    </DisorderType>
                  </Disorder>
                  <ClassificationNodeChildList count="0">
                  </ClassificationNodeChildList>
                </ClassificationNode>
                <ClassificationNode>
                  <Disorder id="27624">
                    <OrphaCode>529831</OrphaCode>
                    <ExpertLink lang="it">http://www.orpha.net/consor/cgi-bin/OC_Exp.php?lng=it&amp;Expert=529831</ExpertLink>
                    <Name lang="it">Tossicità da letrozolo</Name>
                    <DisorderType id="21429">
                      <Name lang="it">Situazione clinica particolare in una malattia o sindrome</Name>
                    </DisorderType>
                  </Disorder>
                  <ClassificationNodeChildList count="0">
                  </ClassificationNodeChildList>
                </ClassificationNode>
                <ClassificationNode>
                  <Disorder id="9796">
                    <OrphaCode>31824</OrphaCode>
                    <ExpertLink lang="it">http://www.orpha.net/consor/cgi-bin/OC_Exp.php?lng=it&amp;Expert=31824</ExpertLink>
                    <Name lang="it">Intossicazione da colchicina</Name>
                    <DisorderType id="21429">
                      <Name lang="it">Situazione clinica particolare in una malattia o sindrome</Name>
                    </DisorderType>
                  </Disorder>
                  <ClassificationNodeChildList count="0">
                  </ClassificationNodeChildList>
                </ClassificationNode>
                <ClassificationNode>
                  <Disorder id="9800">
                    <OrphaCode>31828</OrphaCode>
                    <ExpertLink lang="it">http://www.orpha.net/consor/cgi-bin/OC_Exp.php?lng=it&amp;Expert=31828</ExpertLink>
                    <Name lang="it">Intossicazione da digitale</Name>
                    <DisorderType id="21429">
                      <Name lang="it">Situazione clinica particolare in una malattia o sindrome</Name>
                    </DisorderType>
                  </Disorder>
                  <ClassificationNodeChildList count="0">
                  </ClassificationNodeChildList>
                </ClassificationNode>
                <ClassificationNode>
                  <Disorder id="10581">
                    <OrphaCode>43117</OrphaCode>
                    <ExpertLink lang="it">http://www.orpha.net/consor/cgi-bin/OC_Exp.php?lng=it&amp;Expert=43117</ExpertLink>
                    <Name lang="it">Intossicazione acuta da antidepressivi triciclici</Name>
                    <DisorderType id="21429">
                      <Name lang="it">Situazione clinica particolare in una malattia o sindrome</Name>
                    </DisorderType>
                  </Disorder>
                  <ClassificationNodeChildList count="0">
                  </ClassificationNodeChildList>
                </ClassificationNode>
                <ClassificationNode>
                  <Disorder id="10582">
                    <OrphaCode>43119</OrphaCode>
                    <ExpertLink lang="it">http://www.orpha.net/consor/cgi-bin/OC_Exp.php?lng=it&amp;Expert=43119</ExpertLink>
                    <Name lang="it">Intossicazione acuta da farmaci con effetto stabilizzante sulla membrana</Name>
                    <DisorderType id="21429">
                      <Name lang="it">Situazione clinica particolare in una malattia o sindrome</Name>
                    </DisorderType>
                  </Disorder>
                  <ClassificationNodeChildList count="0">
                  </ClassificationNodeChildList>
                </ClassificationNode>
                <ClassificationNode>
                  <Disorder id="18819">
                    <OrphaCode>217064</OrphaCode>
                    <ExpertLink lang="it">http://www.orpha.net/consor/cgi-bin/OC_Exp.php?lng=it&amp;Expert=217064</ExpertLink>
                    <Name lang="it">Avvelenamento da 5-fluorouracile</Name>
                    <DisorderType id="21429">
                      <Name lang="it">Situazione clinica particolare in una malattia o sindrome</Name>
                    </DisorderType>
                  </Disorder>
                  <ClassificationNodeChildList count="0">
                  </ClassificationNodeChildList>
                </ClassificationNode>
                <ClassificationNode>
                  <Disorder id="20871">
                    <OrphaCode>293807</OrphaCode>
                    <ExpertLink lang="it">http://www.orpha.net/consor/cgi-bin/OC_Exp.php?lng=it&amp;Expert=293807</ExpertLink>
                    <Name lang="it">Dilatazione biliare indotta dalla ketamina</Name>
                    <DisorderType id="21394">
                      <Name lang="it">Malattia</Name>
                    </DisorderType>
                  </Disorder>
                  <ClassificationNodeChildList count="0">
                  </ClassificationNodeChildList>
                </ClassificationNode>
                <ClassificationNode>
                  <Disorder id="24154">
                    <OrphaCode>466670</OrphaCode>
                    <ExpertLink lang="it">http://www.orpha.net/consor/cgi-bin/OC_Exp.php?lng=it&amp;Expert=466670</ExpertLink>
                    <Name lang="it">Intossicazione da cianuro</Name>
                    <DisorderType id="21429">
                      <Name lang="it">Situazione clinica particolare in una malattia o sindrome</Name>
                    </DisorderType>
                  </Disorder>
                  <ClassificationNodeChildList count="0">
                  </ClassificationNodeChildList>
                </ClassificationNode>
                <ClassificationNode>
                  <Disorder id="24028">
                    <OrphaCode>464458</OrphaCode>
                    <ExpertLink lang="it">http://www.orpha.net/consor/cgi-bin/OC_Exp.php?lng=it&amp;Expert=464458</ExpertLink>
                    <Name lang="it">Intossicazione da paracetamolo</Name>
                    <DisorderType id="21429">
                      <Name lang="it">Situazione clinica particolare in una malattia o sindrome</Name>
                    </DisorderType>
                  </Disorder>
                  <ClassificationNodeChildList count="0">
                  </ClassificationNodeChildList>
                </ClassificationNode>
              </ClassificationNodeChildList>
            </ClassificationNode>
            <ClassificationNode>
              <Disorder id="19645">
                <OrphaCode>251529</OrphaCode>
                <ExpertLink lang="it">http://www.orpha.net/consor/cgi-bin/OC_Exp.php?lng=it&amp;Expert=251529</ExpertLink>
                <Name lang="it">Embriofetopatia da esposizione tossica o farmacologica</Name>
                <DisorderType id="36561">
                  <Name lang="it">Categoria</Name>
                </DisorderType>
              </Disorder>
              <ClassificationNodeChildList count="17">
                <ClassificationNode>
                  <Disorder id="25307">
                    <OrphaCode>485358</OrphaCode>
                    <ExpertLink lang="it">http://www.orpha.net/consor/cgi-bin/OC_Exp.php?lng=it&amp;Expert=485358</ExpertLink>
                    <Name lang="it">Embrio/fetopatia da propiltiouracile</Name>
                    <DisorderType id="21401">
                      <Name lang="it">Sindrome malformativa</Name>
                    </DisorderType>
                  </Disorder>
                  <ClassificationNodeChildList count="0">
                  </ClassificationNodeChildList>
                </ClassificationNode>
                <ClassificationNode>
                  <Disorder id="1871">
                    <OrphaCode>1909</OrphaCode>
                    <ExpertLink lang="it">http://www.orpha.net/consor/cgi-bin/OC_Exp.php?lng=it&amp;Expert=1909</ExpertLink>
                    <Name lang="it">Embrio/fetopatia da indometacina</Name>
                    <DisorderType id="21401">
                      <Name lang="it">Sindrome malformativa</Name>
                    </DisorderType>
                  </Disorder>
                  <ClassificationNodeChildList count="0">
                  </ClassificationNodeChildList>
                </ClassificationNode>
                <ClassificationNode>
                  <Disorder id="1870">
                    <OrphaCode>1908</OrphaCode>
                    <ExpertLink lang="it">http://www.orpha.net/consor/cgi-bin/OC_Exp.php?lng=it&amp;Expert=1908</ExpertLink>
                    <Name lang="it">Embriofetopatia da aminopterina/methotrexate</Name>
                    <DisorderType id="21401">
                      <Name lang="it">Sindrome malformativa</Name>
                    </DisorderType>
                  </Disorder>
                  <ClassificationNodeChildList count="0">
                  </ClassificationNodeChildList>
                </ClassificationNode>
                <ClassificationNode>
                  <Disorder id="22475">
                    <OrphaCode>370068</OrphaCode>
                    <ExpertLink lang="it">http://www.orpha.net/consor/cgi-bin/OC_Exp.php?lng=it&amp;Expert=370068</ExpertLink>
                    <Name lang="it">Sindrome fetale da anticonvulsivanti</Name>
                    <DisorderType id="21436">
                      <Name lang="it">Gruppo di fenomi</Name>
                    </DisorderType>
                  </Disorder>
                  <ClassificationNodeChildList count="5">
                    <ClassificationNode>
                      <Disorder id="1875">
                        <OrphaCode>1912</OrphaCode>
                        <ExpertLink lang="it">http://www.orpha.net/consor/cgi-bin/OC_Exp.php?lng=it&amp;Expert=1912</ExpertLink>
                        <Name lang="it">Sindrome fetale da idantoina</Name>
                        <DisorderType id="21401">
                          <Name lang="it">Sindrome malformativa</Name>
                        </DisorderType>
                      </Disorder>
                      <ClassificationNodeChildList count="0">
                      </ClassificationNodeChildList>
                    </ClassificationNode>
                    <ClassificationNode>
                      <Disorder id="1876">
                        <OrphaCode>1913</OrphaCode>
                        <ExpertLink lang="it">http://www.orpha.net/consor/cgi-bin/OC_Exp.php?lng=it&amp;Expert=1913</ExpertLink>
                        <Name lang="it">Embriopatia da trimetadione</Name>
                        <DisorderType id="21401">
                          <Name lang="it">Sindrome malformativa</Name>
                        </DisorderType>
                      </Disorder>
                      <ClassificationNodeChildList count="0">
                      </ClassificationNodeChildList>
                    </ClassificationNode>
                    <ClassificationNode>
                      <Disorder id="1881">
                        <OrphaCode>1919</OrphaCode>
                        <ExpertLink lang="it">http://www.orpha.net/consor/cgi-bin/OC_Exp.php?lng=it&amp;Expert=1919</ExpertLink>
                        <Name lang="it">Embriopatia da fenobarbital</Name>
                        <DisorderType id="21401">
                          <Name lang="it">Sindrome malformativa</Name>
                        </DisorderType>
                      </Disorder>
                      <ClassificationNodeChildList count="0">
                      </ClassificationNodeChildList>
                    </ClassificationNode>
                    <ClassificationNode>
                      <Disorder id="1868">
                        <OrphaCode>1906</OrphaCode>
                        <ExpertLink lang="it">http://www.orpha.net/consor/cgi-bin/OC_Exp.php?lng=it&amp;Expert=1906</ExpertLink>
                        <Name lang="it">Embriopatia da acido valproico</Name>
                        <DisorderType id="21401">
                          <Name lang="it">Sindrome malformativa</Name>
                        </DisorderType>
                      </Disorder>
                      <ClassificationNodeChildList count="0">
                      </ClassificationNodeChildList>
                    </ClassificationNode>
                    <ClassificationNode>
                      <Disorder id="22476">
                        <OrphaCode>370076</OrphaCode>
                        <ExpertLink lang="it">http://www.orpha.net/consor/cgi-bin/OC_Exp.php?lng=it&amp;Expert=370076</ExpertLink>
                        <Name lang="it">Sindrome fetale da carbamazepina</Name>
                        <DisorderType id="21401">
                          <Name lang="it">Sindrome malformativa</Name>
                        </DisorderType>
                      </Disorder>
                      <ClassificationNodeChildList count="0">
                      </ClassificationNodeChildList>
                    </ClassificationNode>
                  </ClassificationNodeChildList>
                </ClassificationNode>
                <ClassificationNode>
                  <Disorder id="487">
                    <OrphaCode>1915</OrphaCode>
                    <ExpertLink lang="it">http://www.orpha.net/consor/cgi-bin/OC_Exp.php?lng=it&amp;Expert=1915</ExpertLink>
                    <Name lang="it">Embriopatia alcolica</Name>
                    <DisorderType id="21401">
                      <Name lang="it">Sindrome malformativa</Name>
                    </DisorderType>
                  </Disorder>
                  <ClassificationNodeChildList count="0">
                  </ClassificationNodeChildList>
                </ClassificationNode>
                <ClassificationNode>
                  <Disorder id="1885">
                    <OrphaCode>1923</OrphaCode>
                    <ExpertLink lang="it">http://www.orpha.net/consor/cgi-bin/OC_Exp.php?lng=it&amp;Expert=1923</ExpertLink>
                    <Name lang="it">Embrio/fetopatia da metimazolo</Name>
                    <DisorderType id="21401">
                      <Name lang="it">Sindrome malformativa</Name>
                    </DisorderType>
                  </Disorder>
                  <ClassificationNodeChildList count="0">
                  </ClassificationNodeChildList>
                </ClassificationNode>
                <ClassificationNode>
                  <Disorder id="2943">
                    <OrphaCode>3312</OrphaCode>
                    <ExpertLink lang="it">http://www.orpha.net/consor/cgi-bin/OC_Exp.php?lng=it&amp;Expert=3312</ExpertLink>
                    <Name lang="it">Embriopatia da talidomide</Name>
                    <DisorderType id="21401">
                      <Name lang="it">Sindrome malformativa</Name>
                    </DisorderType>
                  </Disorder>
                  <ClassificationNodeChildList count="0">
                  </ClassificationNodeChildList>
                </ClassificationNode>
                <ClassificationNode>
                  <Disorder id="1877">
                    <OrphaCode>1914</OrphaCode>
                    <ExpertLink lang="it">http://www.orpha.net/consor/cgi-bin/OC_Exp.php?lng=it&amp;Expert=1914</ExpertLink>
                    <Name lang="it">Embrio/fetopatia da antagonisti della vitamina K</Name>
                    <DisorderType id="21401">
                      <Name lang="it">Sindrome malformativa</Name>
                    </DisorderType>
                  </Disorder>
                  <ClassificationNodeChildList count="0">
                  </ClassificationNodeChildList>
                </ClassificationNode>
                <ClassificationNode>
                  <Disorder id="10462">
                    <OrphaCode>40366</OrphaCode>
                    <ExpertLink lang="it">http://www.orpha.net/consor/cgi-bin/OC_Exp.php?lng=it&amp;Expert=40366</ExpertLink>
                    <Name lang="it">Embriopatia da acitretina/etretinato</Name>
                    <DisorderType id="21401">
                      <Name lang="it">Sindrome malformativa</Name>
                    </DisorderType>
                  </Disorder>
                  <ClassificationNodeChildList count="0">
                  </ClassificationNodeChildList>
                </ClassificationNode>
                <ClassificationNode>
                  <Disorder id="1874">
                    <OrphaCode>1918</OrphaCode>
                    <ExpertLink lang="it">http://www.orpha.net/consor/cgi-bin/OC_Exp.php?lng=it&amp;Expert=1918</ExpertLink>
                    <Name lang="it">Sindrome fetale da minoxidil</Name>
                    <DisorderType id="21401">
                      <Name lang="it">Sindrome malformativa</Name>
                    </DisorderType>
                  </Disorder>
                  <ClassificationNodeChildList count="0">
                  </ClassificationNodeChildList>
                </ClassificationNode>
                <ClassificationNode>
                  <Disorder id="1879">
                    <OrphaCode>1916</OrphaCode>
                    <ExpertLink lang="it">http://www.orpha.net/consor/cgi-bin/OC_Exp.php?lng=it&amp;Expert=1916</ExpertLink>
                    <Name lang="it">Sindrome da dietilstilbestrolo</Name>
                    <DisorderType id="21401">
                      <Name lang="it">Sindrome malformativa</Name>
                    </DisorderType>
                  </Disorder>
                  <ClassificationNodeChildList count="0">
                  </ClassificationNodeChildList>
                </ClassificationNode>
                <ClassificationNode>
                  <Disorder id="1872">
                    <OrphaCode>1910</OrphaCode>
                    <ExpertLink lang="it">http://www.orpha.net/consor/cgi-bin/OC_Exp.php?lng=it&amp;Expert=1910</ExpertLink>
                    <Name lang="it">Fetopatia da iodio</Name>
                    <DisorderType id="21401">
                      <Name lang="it">Sindrome malformativa</Name>
                    </DisorderType>
                  </Disorder>
                  <ClassificationNodeChildList count="0">
                  </ClassificationNodeChildList>
                </ClassificationNode>
                <ClassificationNode>
                  <Disorder id="2166">
                    <OrphaCode>2305</OrphaCode>
                    <ExpertLink lang="it">http://www.orpha.net/consor/cgi-bin/OC_Exp.php?lng=it&amp;Expert=2305</ExpertLink>
                    <Name lang="it">Sindrome da isotretinoina</Name>
                    <DisorderType id="21401">
                      <Name lang="it">Sindrome malformativa</Name>
                    </DisorderType>
                  </Disorder>
                  <ClassificationNodeChildList count="0">
                  </ClassificationNodeChildList>
                </ClassificationNode>
                <ClassificationNode>
                  <Disorder id="20172">
                    <OrphaCode>268249</OrphaCode>
                    <ExpertLink lang="it">http://www.orpha.net/consor/cgi-bin/OC_Exp.php?lng=it&amp;Expert=268249</ExpertLink>
                    <Name lang="it">Embriopatia da micofenolato mofetile</Name>
                    <DisorderType id="21401">
                      <Name lang="it">Sindrome malformativa</Name>
                    </DisorderType>
                  </Disorder>
                  <ClassificationNodeChildList count="0">
                  </ClassificationNodeChildList>
                </ClassificationNode>
                <ClassificationNode>
                  <Disorder id="1873">
                    <OrphaCode>1911</OrphaCode>
                    <ExpertLink lang="it">http://www.orpha.net/consor/cgi-bin/OC_Exp.php?lng=it&amp;Expert=1911</ExpertLink>
                    <Name lang="it">Embriofetopatia da cocaina</Name>
                    <DisorderType id="21401">
                      <Name lang="it">Sindrome malformativa</Name>
                    </DisorderType>
                  </Disorder>
                  <ClassificationNodeChildList count="0">
                  </ClassificationNodeChildList>
                </ClassificationNode>
                <ClassificationNode>
                  <Disorder id="1880">
                    <OrphaCode>1917</OrphaCode>
                    <ExpertLink lang="it">http://www.orpha.net/consor/cgi-bin/OC_Exp.php?lng=it&amp;Expert=1917</ExpertLink>
                    <Name lang="it">Sindrome fetale da metilmercurio</Name>
                    <DisorderType id="21401">
                      <Name lang="it">Sindrome malformativa</Name>
                    </DisorderType>
                  </Disorder>
                  <ClassificationNodeChildList count="0">
                  </ClassificationNodeChildList>
                </ClassificationNode>
                <ClassificationNode>
                  <Disorder id="1882">
                    <OrphaCode>1920</OrphaCode>
                    <ExpertLink lang="it">http://www.orpha.net/consor/cgi-bin/OC_Exp.php?lng=it&amp;Expert=1920</ExpertLink>
                    <Name lang="it">Embriopatia da toluene</Name>
                    <DisorderType id="21401">
                      <Name lang="it">Sindrome malformativa</Name>
                    </DisorderType>
                  </Disorder>
                  <ClassificationNodeChildList count="0">
                  </ClassificationNodeChildList>
                </ClassificationNode>
              </ClassificationNodeChildList>
            </ClassificationNode>
            <ClassificationNode>
              <Disorder id="28137">
                <OrphaCode>556508</OrphaCode>
                <ExpertLink lang="it">http://www.orpha.net/consor/cgi-bin/OC_Exp.php?lng=it&amp;Expert=556508</ExpertLink>
                <Name lang="it">Malattia rara da avvelenamento</Name>
                <DisorderType id="36561">
                  <Name lang="it">Categoria</Name>
                </DisorderType>
              </Disorder>
              <ClassificationNodeChildList count="19">
                <ClassificationNode>
                  <Disorder id="28676">
                    <OrphaCode>570470</OrphaCode>
                    <ExpertLink lang="it">http://www.orpha.net/consor/cgi-bin/OC_Exp.php?lng=it&amp;Expert=570470</ExpertLink>
                    <Name lang="it">Avvelenamento da ricina</Name>
                    <DisorderType id="21394">
                      <Name lang="it">Malattia</Name>
                    </DisorderType>
                  </Disorder>
                  <ClassificationNodeChildList count="0">
                  </ClassificationNodeChildList>
                </ClassificationNode>
                <ClassificationNode>
                  <Disorder id="3134">
                    <OrphaCode>2582</OrphaCode>
                    <ExpertLink lang="it">http://www.orpha.net/consor/cgi-bin/OC_Exp.php?lng=it&amp;Expert=2582</ExpertLink>
                    <Name lang="it">Sindrome da mialgia ed eosinofilia correlata al triptofano</Name>
                    <DisorderType id="21401">
                      <Name lang="it">Sindrome malformativa</Name>
                    </DisorderType>
                  </Disorder>
                  <ClassificationNodeChildList count="0">
                  </ClassificationNodeChildList>
                </ClassificationNode>
                <ClassificationNode>
                  <Disorder id="9797">
                    <OrphaCode>31825</OrphaCode>
                    <ExpertLink lang="it">http://www.orpha.net/consor/cgi-bin/OC_Exp.php?lng=it&amp;Expert=31825</ExpertLink>
                    <Name lang="it">Intossicazione da metanolo</Name>
                    <DisorderType id="21394">
                      <Name lang="it">Malattia</Name>
                    </DisorderType>
                  </Disorder>
                  <ClassificationNodeChildList count="0">
                  </ClassificationNodeChildList>
                </ClassificationNode>
                <ClassificationNode>
                  <Disorder id="9798">
                    <OrphaCode>31826</OrphaCode>
                    <ExpertLink lang="it">http://www.orpha.net/consor/cgi-bin/OC_Exp.php?lng=it&amp;Expert=31826</ExpertLink>
                    <Name lang="it">Intossicazione da glicole etilenico</Name>
                    <DisorderType id="21394">
                      <Name lang="it">Malattia</Name>
                    </DisorderType>
                  </Disorder>
                  <ClassificationNodeChildList count="0">
                  </ClassificationNodeChildList>
                </ClassificationNode>
                <ClassificationNode>
                  <Disorder id="9799">
                    <OrphaCode>31827</OrphaCode>
                    <ExpertLink lang="it">http://www.orpha.net/consor/cgi-bin/OC_Exp.php?lng=it&amp;Expert=31827</ExpertLink>
                    <Name lang="it">Intossicazione da Paraquat</Name>
                    <DisorderType id="21394">
                      <Name lang="it">Malattia</Name>
                    </DisorderType>
                  </Disorder>
                  <ClassificationNodeChildList count="0">
                  </ClassificationNodeChildList>
                </ClassificationNode>
                <ClassificationNode>
                  <Disorder id="10404">
                    <OrphaCode>35889</OrphaCode>
                    <ExpertLink lang="it">http://www.orpha.net/consor/cgi-bin/OC_Exp.php?lng=it&amp;Expert=35889</ExpertLink>
                    <Name lang="it">Intossicazione acuta da oppioidi</Name>
                    <DisorderType id="21394">
                      <Name lang="it">Malattia</Name>
                    </DisorderType>
                  </Disorder>
                  <ClassificationNodeChildList count="0">
                  </ClassificationNodeChildList>
                </ClassificationNode>
                <ClassificationNode>
                  <Disorder id="10795">
                    <OrphaCode>60014</OrphaCode>
                    <ExpertLink lang="it">http://www.orpha.net/consor/cgi-bin/OC_Exp.php?lng=it&amp;Expert=60014</ExpertLink>
                    <Name lang="it">Argiria</Name>
                    <DisorderType id="21394">
                      <Name lang="it">Malattia</Name>
                    </DisorderType>
                  </Disorder>
                  <ClassificationNodeChildList count="0">
                  </ClassificationNodeChildList>
                </ClassificationNode>
                <ClassificationNode>
                  <Disorder id="11054">
                    <OrphaCode>73423</OrphaCode>
                    <ExpertLink lang="it">http://www.orpha.net/consor/cgi-bin/OC_Exp.php?lng=it&amp;Expert=73423</ExpertLink>
                    <Name lang="it">Intossicazione acuta da frutto ackee</Name>
                    <DisorderType id="21394">
                      <Name lang="it">Malattia</Name>
                    </DisorderType>
                  </Disorder>
                  <ClassificationNodeChildList count="0">
                  </ClassificationNodeChildList>
                </ClassificationNode>
                <ClassificationNode>
                  <Disorder id="11959">
                    <OrphaCode>90068</OrphaCode>
                    <ExpertLink lang="it">http://www.orpha.net/consor/cgi-bin/OC_Exp.php?lng=it&amp;Expert=90068</ExpertLink>
                    <Name lang="it">Intossicazione da cocaina</Name>
                    <DisorderType id="21394">
                      <Name lang="it">Malattia</Name>
                    </DisorderType>
                  </Disorder>
                  <ClassificationNodeChildList count="0">
                  </ClassificationNodeChildList>
                </ClassificationNode>
                <ClassificationNode>
                  <Disorder id="11960">
                    <OrphaCode>90069</OrphaCode>
                    <ExpertLink lang="it">http://www.orpha.net/consor/cgi-bin/OC_Exp.php?lng=it&amp;Expert=90069</ExpertLink>
                    <Name lang="it">Avvelenamento sistemico da monocloroacetato</Name>
                    <DisorderType id="21394">
                      <Name lang="it">Malattia</Name>
                    </DisorderType>
                  </Disorder>
                  <ClassificationNodeChildList count="0">
                  </ClassificationNodeChildList>
                </ClassificationNode>
                <ClassificationNode>
                  <Disorder id="19057">
                    <OrphaCode>227972</OrphaCode>
                    <ExpertLink lang="it">http://www.orpha.net/consor/cgi-bin/OC_Exp.php?lng=it&amp;Expert=227972</ExpertLink>
                    <Name lang="it">Sindrome dell'olio tossico</Name>
                    <DisorderType id="21394">
                      <Name lang="it">Malattia</Name>
                    </DisorderType>
                  </Disorder>
                  <ClassificationNodeChildList count="0">
                  </ClassificationNodeChildList>
                </ClassificationNode>
                <ClassificationNode>
                  <Disorder id="19510">
                    <OrphaCode>247165</OrphaCode>
                    <ExpertLink lang="it">http://www.orpha.net/consor/cgi-bin/OC_Exp.php?lng=it&amp;Expert=247165</ExpertLink>
                    <Name lang="it">Avvelenamento infantile da mercurio</Name>
                    <DisorderType id="21394">
                      <Name lang="it">Malattia</Name>
                    </DisorderType>
                  </Disorder>
                  <ClassificationNodeChildList count="0">
                  </ClassificationNodeChildList>
                </ClassificationNode>
                <ClassificationNode>
                  <Disorder id="21251">
                    <OrphaCode>306682</OrphaCode>
                    <ExpertLink lang="it">http://www.orpha.net/consor/cgi-bin/OC_Exp.php?lng=it&amp;Expert=306682</ExpertLink>
                    <Name lang="it">Avvelenamento da manganese</Name>
                    <DisorderType id="21394">
                      <Name lang="it">Malattia</Name>
                    </DisorderType>
                  </Disorder>
                  <ClassificationNodeChildList count="0">
                  </ClassificationNodeChildList>
                </ClassificationNode>
                <ClassificationNode>
                  <Disorder id="21252">
                    <OrphaCode>306686</OrphaCode>
                    <ExpertLink lang="it">http://www.orpha.net/consor/cgi-bin/OC_Exp.php?lng=it&amp;Expert=306686</ExpertLink>
                    <Name lang="it">Encefalopatia tardiva da avvelenamento da monossido di carbonio</Name>
                    <DisorderType id="21394">
                      <Name lang="it">Malattia</Name>
                    </DisorderType>
                  </Disorder>
                  <ClassificationNodeChildList count="0">
                  </ClassificationNodeChildList>
                </ClassificationNode>
                <ClassificationNode>
                  <Disorder id="21253">
                    <OrphaCode>306692</OrphaCode>
                    <ExpertLink lang="it">http://www.orpha.net/consor/cgi-bin/OC_Exp.php?lng=it&amp;Expert=306692</ExpertLink>
                    <Name lang="it">Parkinsonismo da cianuro</Name>
                    <DisorderType id="21394">
                      <Name lang="it">Malattia</Name>
                    </DisorderType>
                  </Disorder>
                  <ClassificationNodeChildList count="0">
                  </ClassificationNodeChildList>
                </ClassificationNode>
                <ClassificationNode>
                  <Disorder id="21959">
                    <OrphaCode>330015</OrphaCode>
                    <ExpertLink lang="it">http://www.orpha.net/consor/cgi-bin/OC_Exp.php?lng=it&amp;Expert=330015</ExpertLink>
                    <Name lang="it">Avvelenamento da piombo</Name>
                    <DisorderType id="21394">
                      <Name lang="it">Malattia</Name>
                    </DisorderType>
                  </Disorder>
                  <ClassificationNodeChildList count="0">
                  </ClassificationNodeChildList>
                </ClassificationNode>
                <ClassificationNode>
                  <Disorder id="21960">
                    <OrphaCode>330021</OrphaCode>
                    <ExpertLink lang="it">http://www.orpha.net/consor/cgi-bin/OC_Exp.php?lng=it&amp;Expert=330021</ExpertLink>
                    <Name lang="it">Avvelenamento da mercurio</Name>
                    <DisorderType id="21394">
                      <Name lang="it">Malattia</Name>
                    </DisorderType>
                  </Disorder>
                  <ClassificationNodeChildList count="0">
                  </ClassificationNodeChildList>
                </ClassificationNode>
                <ClassificationNode>
                  <Disorder id="23615">
                    <OrphaCode>449285</OrphaCode>
                    <ExpertLink lang="it">http://www.orpha.net/consor/cgi-bin/OC_Exp.php?lng=it&amp;Expert=449285</ExpertLink>
                    <Name lang="it">Avvelenamento da morso di serpente</Name>
                    <DisorderType id="21394">
                      <Name lang="it">Malattia</Name>
                    </DisorderType>
                  </Disorder>
                  <ClassificationNodeChildList count="0">
                  </ClassificationNodeChildList>
                </ClassificationNode>
                <ClassificationNode>
                  <Disorder id="24156">
                    <OrphaCode>466677</OrphaCode>
                    <ExpertLink lang="it">http://www.orpha.net/consor/cgi-bin/OC_Exp.php?lng=it&amp;Expert=466677</ExpertLink>
                    <Name lang="it">Avvelenamento da puntura di scorpione</Name>
                    <DisorderType id="21394">
                      <Name lang="it">Malattia</Name>
                    </DisorderType>
                  </Disorder>
                  <ClassificationNodeChildList count="0">
                  </ClassificationNodeChildList>
                </ClassificationNode>
              </ClassificationNodeChildList>
            </ClassificationNode>
          </ClassificationNodeChildList>
        </ClassificationNode>
      </ClassificationNodeRootList>
    </Classification>
  </ClassificationList>
</JDBOR>
