<?xml version="1.0" encoding="UTF-8"?>
<JDBOR ExtractionDate="2025-06-24 07:58:28" version="1.3.42 / 4.1.8 [2025-03-03]" copyright="Orphanet (c) 2025" dbserver="jdbc:sybase:Tds:canard.orpha.net:2020">
  <Availability> 
    <Licence>
      <FullName lang="en">Creative Commons Attribution 4.0 International</FullName>
      <ShortIdentifier>CC-BY-4.0</ShortIdentifier>
      <LegalCode>https://creativecommons.org/licenses/by/4.0/legalcode</LegalCode>
    </Licence>
  </Availability>
  <ClassificationList count="1">
    <Classification id="212">
      <OrphaNumber>164832</OrphaNumber>
      <Name lang="it">Orphanet classification of rare allergic disease</Name>
      <ClassificationNodeRootList count="1">
        <ClassificationNode>
          <Disorder id="13068">
            <OrphaCode>98050</OrphaCode>
            <ExpertLink lang="it">http://www.orpha.net/consor/cgi-bin/OC_Exp.php?lng=it&amp;Expert=98050</ExpertLink>
            <Name lang="it">Malattia allergica rara</Name>
            <DisorderType id="36561">
              <Name lang="it">Categoria</Name>
            </DisorderType>
          </Disorder>
          <ClassificationNodeChildList count="4">
            <ClassificationNode>
              <Disorder id="8618">
                <OrphaCode>658</OrphaCode>
                <ExpertLink lang="it">http://www.orpha.net/consor/cgi-bin/OC_Exp.php?lng=it&amp;Expert=658</ExpertLink>
                <Name lang="it">Angioedema non istaminico</Name>
                <DisorderType id="21436">
                  <Name lang="it">Gruppo di fenomi</Name>
                </DisorderType>
              </Disorder>
              <ClassificationNodeChildList count="2">
                <ClassificationNode>
                  <Disorder id="12136">
                    <OrphaCode>91378</OrphaCode>
                    <ExpertLink lang="it">http://www.orpha.net/consor/cgi-bin/OC_Exp.php?lng=it&amp;Expert=91378</ExpertLink>
                    <Name lang="it">Angioedema ereditario</Name>
                    <DisorderType id="21436">
                      <Name lang="it">Gruppo di fenomi</Name>
                    </DisorderType>
                  </Disorder>
                  <ClassificationNodeChildList count="2">
                    <ClassificationNode>
                      <Disorder id="27541">
                        <OrphaCode>528623</OrphaCode>
                        <ExpertLink lang="it">http://www.orpha.net/consor/cgi-bin/OC_Exp.php?lng=it&amp;Expert=528623</ExpertLink>
                        <Name lang="it">Angioedema ereditario con deficit di C1Inh</Name>
                        <DisorderType id="21394">
                          <Name lang="it">Malattia</Name>
                        </DisorderType>
                      </Disorder>
                      <ClassificationNodeChildList count="2">
                        <ClassificationNode>
                          <Disorder id="14623">
                            <OrphaCode>100050</OrphaCode>
                            <ExpertLink lang="it">http://www.orpha.net/consor/cgi-bin/OC_Exp.php?lng=it&amp;Expert=100050</ExpertLink>
                            <Name lang="it">Angioedema ereditario, tipo 1</Name>
                            <DisorderType id="21443">
                              <Name lang="it">Sottotipo eziologico</Name>
                            </DisorderType>
                          </Disorder>
                          <ClassificationNodeChildList count="0">
                          </ClassificationNodeChildList>
                        </ClassificationNode>
                        <ClassificationNode>
                          <Disorder id="14624">
                            <OrphaCode>100051</OrphaCode>
                            <ExpertLink lang="it">http://www.orpha.net/consor/cgi-bin/OC_Exp.php?lng=it&amp;Expert=100051</ExpertLink>
                            <Name lang="it">Angioedema ereditario, tipo 2</Name>
                            <DisorderType id="21443">
                              <Name lang="it">Sottotipo eziologico</Name>
                            </DisorderType>
                          </Disorder>
                          <ClassificationNodeChildList count="0">
                          </ClassificationNodeChildList>
                        </ClassificationNode>
                      </ClassificationNodeChildList>
                    </ClassificationNode>
                    <ClassificationNode>
                      <Disorder id="27542">
                        <OrphaCode>528647</OrphaCode>
                        <ExpertLink lang="it">http://www.orpha.net/consor/cgi-bin/OC_Exp.php?lng=it&amp;Expert=528647</ExpertLink>
                        <Name lang="it">Angioedema ereditario con C1Inh normale</Name>
                        <DisorderType id="21394">
                          <Name lang="it">Malattia</Name>
                        </DisorderType>
                      </Disorder>
                      <ClassificationNodeChildList count="3">
                        <ClassificationNode>
                          <Disorder id="14627">
                            <OrphaCode>100054</OrphaCode>
                            <ExpertLink lang="it">http://www.orpha.net/consor/cgi-bin/OC_Exp.php?lng=it&amp;Expert=100054</ExpertLink>
                            <Name lang="it">Angioedema ereditario, tipo 3</Name>
                            <DisorderType id="21450">
                              <Name lang="it">Sottotipo clinico</Name>
                            </DisorderType>
                          </Disorder>
                          <ClassificationNodeChildList count="0">
                          </ClassificationNodeChildList>
                        </ClassificationNode>
                        <ClassificationNode>
                          <Disorder id="27892">
                            <OrphaCode>537072</OrphaCode>
                            <ExpertLink lang="it">http://www.orpha.net/consor/cgi-bin/OC_Exp.php?lng=it&amp;Expert=537072</ExpertLink>
                            <Name lang="it">Angioedema ereditario correlato a PLG con C1Inh normale</Name>
                            <DisorderType id="21450">
                              <Name lang="it">Sottotipo clinico</Name>
                            </DisorderType>
                          </Disorder>
                          <ClassificationNodeChildList count="0">
                          </ClassificationNodeChildList>
                        </ClassificationNode>
                        <ClassificationNode>
                          <Disorder id="29926">
                            <OrphaCode>599418</OrphaCode>
                            <ExpertLink lang="it">http://www.orpha.net/consor/cgi-bin/OC_Exp.php?lng=it&amp;Expert=599418</ExpertLink>
                            <Name lang="it">Angioedema ereditario con C1Inh normale non correlato a varianti in F12 o PLG</Name>
                            <DisorderType id="21450">
                              <Name lang="it">Sottotipo clinico</Name>
                            </DisorderType>
                          </Disorder>
                          <ClassificationNodeChildList count="0">
                          </ClassificationNodeChildList>
                        </ClassificationNode>
                      </ClassificationNodeChildList>
                    </ClassificationNode>
                  </ClassificationNodeChildList>
                </ClassificationNode>
                <ClassificationNode>
                  <Disorder id="12137">
                    <OrphaCode>91385</OrphaCode>
                    <ExpertLink lang="it">http://www.orpha.net/consor/cgi-bin/OC_Exp.php?lng=it&amp;Expert=91385</ExpertLink>
                    <Name lang="it">Angioedema acquisito</Name>
                    <DisorderType id="21436">
                      <Name lang="it">Gruppo di fenomi</Name>
                    </DisorderType>
                  </Disorder>
                  <ClassificationNodeChildList count="2">
                    <ClassificationNode>
                      <Disorder id="27543">
                        <OrphaCode>528663</OrphaCode>
                        <ExpertLink lang="it">http://www.orpha.net/consor/cgi-bin/OC_Exp.php?lng=it&amp;Expert=528663</ExpertLink>
                        <Name lang="it">Angioedema acquisito con deficit di C1Inh</Name>
                        <DisorderType id="21394">
                          <Name lang="it">Malattia</Name>
                        </DisorderType>
                      </Disorder>
                      <ClassificationNodeChildList count="2">
                        <ClassificationNode>
                          <Disorder id="14628">
                            <OrphaCode>100055</OrphaCode>
                            <ExpertLink lang="it">http://www.orpha.net/consor/cgi-bin/OC_Exp.php?lng=it&amp;Expert=100055</ExpertLink>
                            <Name lang="it">Angioedema acquisito, tipo 2</Name>
                            <DisorderType id="21450">
                              <Name lang="it">Sottotipo clinico</Name>
                            </DisorderType>
                          </Disorder>
                          <ClassificationNodeChildList count="0">
                          </ClassificationNodeChildList>
                        </ClassificationNode>
                        <ClassificationNode>
                          <Disorder id="14629">
                            <OrphaCode>100056</OrphaCode>
                            <ExpertLink lang="it">http://www.orpha.net/consor/cgi-bin/OC_Exp.php?lng=it&amp;Expert=100056</ExpertLink>
                            <Name lang="it">Angioedema acquisito, tipo 1</Name>
                            <DisorderType id="21450">
                              <Name lang="it">Sottotipo clinico</Name>
                            </DisorderType>
                          </Disorder>
                          <ClassificationNodeChildList count="0">
                          </ClassificationNodeChildList>
                        </ClassificationNode>
                      </ClassificationNodeChildList>
                    </ClassificationNode>
                    <ClassificationNode>
                      <Disorder id="14630">
                        <OrphaCode>100057</OrphaCode>
                        <ExpertLink lang="it">http://www.orpha.net/consor/cgi-bin/OC_Exp.php?lng=it&amp;Expert=100057</ExpertLink>
                        <Name lang="it">Angioedema da inibitori del sistema renina-angiotensina-aldosterone</Name>
                        <DisorderType id="21394">
                          <Name lang="it">Malattia</Name>
                        </DisorderType>
                      </Disorder>
                      <ClassificationNodeChildList count="0">
                      </ClassificationNodeChildList>
                    </ClassificationNode>
                  </ClassificationNodeChildList>
                </ClassificationNode>
              </ClassificationNodeChildList>
            </ClassificationNode>
            <ClassificationNode>
              <Disorder id="11410">
                <OrphaCode>79384</OrphaCode>
                <ExpertLink lang="it">http://www.orpha.net/consor/cgi-bin/OC_Exp.php?lng=it&amp;Expert=79384</ExpertLink>
                <Name lang="it">Orticaria rara</Name>
                <DisorderType id="36561">
                  <Name lang="it">Categoria</Name>
                </DisorderType>
              </Disorder>
              <ClassificationNodeChildList count="3">
                <ClassificationNode>
                  <Disorder id="2296">
                    <OrphaCode>2483</OrphaCode>
                    <ExpertLink lang="it">http://www.orpha.net/consor/cgi-bin/OC_Exp.php?lng=it&amp;Expert=2483</ExpertLink>
                    <Name lang="it">Sindrome di Melkersson-Rosenthal</Name>
                    <DisorderType id="21401">
                      <Name lang="it">Sindrome malformativa</Name>
                    </DisorderType>
                  </Disorder>
                  <ClassificationNodeChildList count="0">
                  </ClassificationNodeChildList>
                </ClassificationNode>
                <ClassificationNode>
                  <Disorder id="10849">
                    <OrphaCode>64745</OrphaCode>
                    <ExpertLink lang="it">http://www.orpha.net/consor/cgi-bin/OC_Exp.php?lng=it&amp;Expert=64745</ExpertLink>
                    <Name lang="it">Papule e placche orticarioidi pruriginose della gravidanza</Name>
                    <DisorderType id="21394">
                      <Name lang="it">Malattia</Name>
                    </DisorderType>
                  </Disorder>
                  <ClassificationNodeChildList count="0">
                  </ClassificationNodeChildList>
                </ClassificationNode>
                <ClassificationNode>
                  <Disorder id="25553">
                    <OrphaCode>493342</OrphaCode>
                    <ExpertLink lang="it">http://www.orpha.net/consor/cgi-bin/OC_Exp.php?lng=it&amp;Expert=493342</ExpertLink>
                    <Name lang="it">Orticaria da vibrazione</Name>
                    <DisorderType id="21394">
                      <Name lang="it">Malattia</Name>
                    </DisorderType>
                  </Disorder>
                  <ClassificationNodeChildList count="0">
                  </ClassificationNodeChildList>
                </ClassificationNode>
              </ClassificationNodeChildList>
            </ClassificationNode>
            <ClassificationNode>
              <Disorder id="13070">
                <OrphaCode>98052</OrphaCode>
                <ExpertLink lang="it">http://www.orpha.net/consor/cgi-bin/OC_Exp.php?lng=it&amp;Expert=98052</ExpertLink>
                <Name lang="it">Malattia da allergia respiratoria rara</Name>
                <DisorderType id="36561">
                  <Name lang="it">Categoria</Name>
                </DisorderType>
              </Disorder>
              <ClassificationNodeChildList count="3">
                <ClassificationNode>
                  <Disorder id="744">
                    <OrphaCode>1164</OrphaCode>
                    <ExpertLink lang="it">http://www.orpha.net/consor/cgi-bin/OC_Exp.php?lng=it&amp;Expert=1164</ExpertLink>
                    <Name lang="it">Aspergillosi broncopolmonare allergica</Name>
                    <DisorderType id="21394">
                      <Name lang="it">Malattia</Name>
                    </DisorderType>
                  </Disorder>
                  <ClassificationNodeChildList count="0">
                  </ClassificationNodeChildList>
                </ClassificationNode>
                <ClassificationNode>
                  <Disorder id="7033">
                    <OrphaCode>2902</OrphaCode>
                    <ExpertLink lang="it">http://www.orpha.net/consor/cgi-bin/OC_Exp.php?lng=it&amp;Expert=2902</ExpertLink>
                    <Name lang="it">Polmonite cronica idiopatica con eosinofili</Name>
                    <DisorderType id="21394">
                      <Name lang="it">Malattia</Name>
                    </DisorderType>
                  </Disorder>
                  <ClassificationNodeChildList count="0">
                  </ClassificationNodeChildList>
                </ClassificationNode>
                <ClassificationNode>
                  <Disorder id="9794">
                    <OrphaCode>31740</OrphaCode>
                    <ExpertLink lang="it">http://www.orpha.net/consor/cgi-bin/OC_Exp.php?lng=it&amp;Expert=31740</ExpertLink>
                    <Name lang="it">Polmonite da ipersensibilità</Name>
                    <DisorderType id="21394">
                      <Name lang="it">Malattia</Name>
                    </DisorderType>
                  </Disorder>
                  <ClassificationNodeChildList count="2">
                    <ClassificationNode>
                      <Disorder id="32172">
                        <OrphaCode>686462</OrphaCode>
                        <ExpertLink lang="it">http://www.orpha.net/consor/cgi-bin/OC_Exp.php?lng=it&amp;Expert=686462</ExpertLink>
                        <Name lang="it">Non-fibrotic hypersensitivity pneumonitis</Name>
                        <DisorderType id="21450">
                          <Name lang="it">Sottotipo clinico</Name>
                        </DisorderType>
                      </Disorder>
                      <ClassificationNodeChildList count="0">
                      </ClassificationNodeChildList>
                    </ClassificationNode>
                    <ClassificationNode>
                      <Disorder id="32173">
                        <OrphaCode>686465</OrphaCode>
                        <ExpertLink lang="it">http://www.orpha.net/consor/cgi-bin/OC_Exp.php?lng=it&amp;Expert=686465</ExpertLink>
                        <Name lang="it">Fibrotic hypersensitivity pneumonitis</Name>
                        <DisorderType id="21450">
                          <Name lang="it">Sottotipo clinico</Name>
                        </DisorderType>
                      </Disorder>
                      <ClassificationNodeChildList count="0">
                      </ClassificationNodeChildList>
                    </ClassificationNode>
                  </ClassificationNodeChildList>
                </ClassificationNode>
              </ClassificationNodeChildList>
            </ClassificationNode>
            <ClassificationNode>
              <Disorder id="22459">
                <OrphaCode>369992</OrphaCode>
                <ExpertLink lang="it">http://www.orpha.net/consor/cgi-bin/OC_Exp.php?lng=it&amp;Expert=369992</ExpertLink>
                <Name lang="it">Sindrome dermatite grave-allergie multiple-cachessia</Name>
                <DisorderType id="21394">
                  <Name lang="it">Malattia</Name>
                </DisorderType>
              </Disorder>
              <ClassificationNodeChildList count="0">
              </ClassificationNodeChildList>
            </ClassificationNode>
          </ClassificationNodeChildList>
        </ClassificationNode>
      </ClassificationNodeRootList>
    </Classification>
  </ClassificationList>
</JDBOR>
