<?xml version="1.0" encoding="ISO-8859-1"?>
<JDBOR ExtractionDate="2024-06-27 13:17:40" version="1.3.29 / 4.1.7 [2023-08-02] (orientdb version)" copyright="Orphanet (c) 2024" dbserver="jdbc:sybase:Tds:canard.orpha.net:2020">
  <Availability> 
    <Licence>
      <FullName lang="en">Creative Commons Attribution 4.0 International</FullName>
      <ShortIdentifier>CC-BY-4.0</ShortIdentifier>
      <LegalCode>https://creativecommons.org/licenses/by/4.0/legalcode</LegalCode>
    </Licence>
  </Availability>
  <ClassificationList count="1">
    <Classification id="235">
      <OrphaNumber>616871</OrphaNumber>
      <Name lang="it">Classificazione di Orphanet di una malattia rara priva di diagnosi</Name>
      <ClassificationNodeRootList count="1">
        <ClassificationNode>
          <ClassificationNodeChildList count="1">
            <ClassificationNode>
              <Disorder id="31336">
                <OrphaCode>616874</OrphaCode>
                <ExpertLink lang="it">http://www.orpha.net/consor/cgi-bin/OC_Exp.php?lng=it&amp;Expert=616874</ExpertLink>
                <Name lang="it">Malattia rara senza diagnosi dopo indagini approfondite</Name>
                <DisorderType id="21394">
                  <Name lang="it">Malattia</Name>
                </DisorderType>
              </Disorder>
              <ClassificationNodeChildList count="0">
              </ClassificationNodeChildList>
            </ClassificationNode>
          </ClassificationNodeChildList>
        </ClassificationNode>
      </ClassificationNodeRootList>
    </Classification>
  </ClassificationList>
</JDBOR>
