<?xml version="1.0" encoding="ISO-8859-1"?>
<JDBOR date="2020-06-29 19:35:38" version="1.3.6 / 4.1.7 [2020-04-17] (orientdb version)" copyright="Orphanet (c) 2020" dbserver="jdbc:sybase:Tds:canard.orpha.net:2020">
  <Availability> 
    <Licence>
      <FullName lang="en">Creative Commons Attribution 4.0 International</FullName>
      <ShortIdentifier>CC-BY-4.0</ShortIdentifier>
      <LegalCode>https://creativecommons.org/licenses/by/4.0/legalcode</LegalCode>
    </Licence>
  </Availability>
  <ClassificationList count="1">
    <Classification id="186">
      <OrphaNumber>162709</OrphaNumber>
      <Name lang="it">Classificazione di Orphanet delle malattie toraciche rare ad interesse chirurgico</Name>
      <ClassificationNodeRootList count="1">
        <ClassificationNode>
          <Disorder id="12980">
            <OrphaCode>97962</OrphaCode>
            <ExpertLink lang="it">http://www.orpha.net/consor/cgi-bin/OC_Exp.php?lng=it&amp;Expert=97962</ExpertLink>
            <Name lang="it">Malattia toracica rara d'interesse chirurgico</Name>
            <DisorderType id="36561">
              <Name lang="it">Category</Name>
            </DisorderType>
          </Disorder>
          <ClassificationNodeChildList count="6">
            <ClassificationNode>
              <Disorder id="12889">
                <OrphaCode>97330</OrphaCode>
                <ExpertLink lang="it">http://www.orpha.net/consor/cgi-bin/OC_Exp.php?lng=it&amp;Expert=97330</ExpertLink>
                <Name lang="it">Sindrome dello stretto toracico</Name>
                <DisorderType id="21394">
                  <Name lang="it">Malattia</Name>
                </DisorderType>
              </Disorder>
              <ClassificationNodeChildList count="3">
                <ClassificationNode>
                  <Disorder id="14646">
                    <OrphaCode>100073</OrphaCode>
                    <ExpertLink lang="it">http://www.orpha.net/consor/cgi-bin/OC_Exp.php?lng=it&amp;Expert=100073</ExpertLink>
                    <Name lang="it">Sindrome neurogena dello stretto toracico superiore</Name>
                    <DisorderType id="21450">
                      <Name lang="it">Sottotipo clinico</Name>
                    </DisorderType>
                  </Disorder>
                  <ClassificationNodeChildList count="0">
                  </ClassificationNodeChildList>
                </ClassificationNode>
                <ClassificationNode>
                  <Disorder id="22204">
                    <OrphaCode>357107</OrphaCode>
                    <ExpertLink lang="it">http://www.orpha.net/consor/cgi-bin/OC_Exp.php?lng=it&amp;Expert=357107</ExpertLink>
                    <Name lang="it">Sindrome arteriosa dello stretto toracico superiore</Name>
                    <DisorderType id="21450">
                      <Name lang="it">Sottotipo clinico</Name>
                    </DisorderType>
                  </Disorder>
                  <ClassificationNodeChildList count="0">
                  </ClassificationNodeChildList>
                </ClassificationNode>
                <ClassificationNode>
                  <Disorder id="22205">
                    <OrphaCode>357131</OrphaCode>
                    <ExpertLink lang="it">http://www.orpha.net/consor/cgi-bin/OC_Exp.php?lng=it&amp;Expert=357131</ExpertLink>
                    <Name lang="it">Sindrome venosa dello stretto toracico superiore</Name>
                    <DisorderType id="21450">
                      <Name lang="it">Sottotipo clinico</Name>
                    </DisorderType>
                  </Disorder>
                  <ClassificationNodeChildList count="0">
                  </ClassificationNodeChildList>
                </ClassificationNode>
              </ClassificationNodeChildList>
            </ClassificationNode>
            <ClassificationNode>
              <Disorder id="15028">
                <OrphaCode>108993</OrphaCode>
                <ExpertLink lang="it">http://www.orpha.net/consor/cgi-bin/OC_Exp.php?lng=it&amp;Expert=108993</ExpertLink>
                <Name lang="it">Malformazione respiratoria o del mediastino non sindromica</Name>
                <DisorderType id="36561">
                  <Name lang="it">Category</Name>
                </DisorderType>
              </Disorder>
              <ClassificationNodeChildList count="4">
                <ClassificationNode>
                  <Disorder id="597">
                    <OrphaCode>3346</OrphaCode>
                    <ExpertLink lang="it">http://www.orpha.net/consor/cgi-bin/OC_Exp.php?lng=it&amp;Expert=3346</ExpertLink>
                    <Name lang="it">Agenesia della trachea</Name>
                    <DisorderType id="21415">
                      <Name lang="it">Anomalia morfologica</Name>
                    </DisorderType>
                  </Disorder>
                  <ClassificationNodeChildList count="0">
                  </ClassificationNodeChildList>
                </ClassificationNode>
                <ClassificationNode>
                  <Disorder id="802">
                    <OrphaCode>1928</OrphaCode>
                    <ExpertLink lang="it">http://www.orpha.net/consor/cgi-bin/OC_Exp.php?lng=it&amp;Expert=1928</ExpertLink>
                    <Name lang="it">Enfisema lobare congenito</Name>
                    <DisorderType id="21415">
                      <Name lang="it">Anomalia morfologica</Name>
                    </DisorderType>
                  </Disorder>
                  <ClassificationNodeChildList count="0">
                  </ClassificationNodeChildList>
                </ClassificationNode>
                <ClassificationNode>
                  <Disorder id="1941">
                    <OrphaCode>2004</OrphaCode>
                    <ExpertLink lang="it">http://www.orpha.net/consor/cgi-bin/OC_Exp.php?lng=it&amp;Expert=2004</ExpertLink>
                    <Name lang="it">Schisi laringo-tracheo-esofagea</Name>
                    <DisorderType id="21415">
                      <Name lang="it">Anomalia morfologica</Name>
                    </DisorderType>
                  </Disorder>
                  <ClassificationNodeChildList count="5">
                    <ClassificationNode>
                      <Disorder id="12498">
                        <OrphaCode>93938</OrphaCode>
                        <ExpertLink lang="it">http://www.orpha.net/consor/cgi-bin/OC_Exp.php?lng=it&amp;Expert=93938</ExpertLink>
                        <Name lang="it">Schisi laringo-tracheo-esofagea, tipo 1</Name>
                        <DisorderType id="21450">
                          <Name lang="it">Sottotipo clinico</Name>
                        </DisorderType>
                      </Disorder>
                      <ClassificationNodeChildList count="0">
                      </ClassificationNodeChildList>
                    </ClassificationNode>
                    <ClassificationNode>
                      <Disorder id="12499">
                        <OrphaCode>93939</OrphaCode>
                        <ExpertLink lang="it">http://www.orpha.net/consor/cgi-bin/OC_Exp.php?lng=it&amp;Expert=93939</ExpertLink>
                        <Name lang="it">Schisi laringo-tracheo-esofagea, tipo 2</Name>
                        <DisorderType id="21450">
                          <Name lang="it">Sottotipo clinico</Name>
                        </DisorderType>
                      </Disorder>
                      <ClassificationNodeChildList count="0">
                      </ClassificationNodeChildList>
                    </ClassificationNode>
                    <ClassificationNode>
                      <Disorder id="12500">
                        <OrphaCode>93940</OrphaCode>
                        <ExpertLink lang="it">http://www.orpha.net/consor/cgi-bin/OC_Exp.php?lng=it&amp;Expert=93940</ExpertLink>
                        <Name lang="it">Schisi laringo-tracheo-esofagea, tipo 3</Name>
                        <DisorderType id="21450">
                          <Name lang="it">Sottotipo clinico</Name>
                        </DisorderType>
                      </Disorder>
                      <ClassificationNodeChildList count="0">
                      </ClassificationNodeChildList>
                    </ClassificationNode>
                    <ClassificationNode>
                      <Disorder id="12501">
                        <OrphaCode>93941</OrphaCode>
                        <ExpertLink lang="it">http://www.orpha.net/consor/cgi-bin/OC_Exp.php?lng=it&amp;Expert=93941</ExpertLink>
                        <Name lang="it">Schisi laringo-tracheo-esofagea, tipo 4</Name>
                        <DisorderType id="21450">
                          <Name lang="it">Sottotipo clinico</Name>
                        </DisorderType>
                      </Disorder>
                      <ClassificationNodeChildList count="0">
                      </ClassificationNodeChildList>
                    </ClassificationNode>
                    <ClassificationNode>
                      <Disorder id="20437">
                        <OrphaCode>280205</OrphaCode>
                        <ExpertLink lang="it">http://www.orpha.net/consor/cgi-bin/OC_Exp.php?lng=it&amp;Expert=280205</ExpertLink>
                        <Name lang="it">Schisi laringo-tracheo-esofagea, tipo 0</Name>
                        <DisorderType id="21450">
                          <Name lang="it">Sottotipo clinico</Name>
                        </DisorderType>
                      </Disorder>
                      <ClassificationNodeChildList count="0">
                      </ClassificationNodeChildList>
                    </ClassificationNode>
                  </ClassificationNodeChildList>
                </ClassificationNode>
                <ClassificationNode>
                  <Disorder id="23661">
                    <OrphaCode>454750</OrphaCode>
                    <ExpertLink lang="it">http://www.orpha.net/consor/cgi-bin/OC_Exp.php?lng=it&amp;Expert=454750</ExpertLink>
                    <Name lang="it">Fistola tracheo-esofagea isolata</Name>
                    <DisorderType id="21415">
                      <Name lang="it">Anomalia morfologica</Name>
                    </DisorderType>
                  </Disorder>
                  <ClassificationNodeChildList count="0">
                  </ClassificationNodeChildList>
                </ClassificationNode>
              </ClassificationNodeChildList>
            </ClassificationNode>
            <ClassificationNode>
              <Disorder id="15029">
                <OrphaCode>108995</OrphaCode>
                <ExpertLink lang="it">http://www.orpha.net/consor/cgi-bin/OC_Exp.php?lng=it&amp;Expert=108995</ExpertLink>
                <Name lang="it">Malformazione respiratoria o del mediastino sindromica</Name>
                <DisorderType id="36561">
                  <Name lang="it">Category</Name>
                </DisorderType>
              </Disorder>
              <ClassificationNodeChildList count="1">
                <ClassificationNode>
                  <Disorder id="2283">
                    <OrphaCode>2470</OrphaCode>
                    <ExpertLink lang="it">http://www.orpha.net/consor/cgi-bin/OC_Exp.php?lng=it&amp;Expert=2470</ExpertLink>
                    <Name lang="it">Sindrome di Matthew-Wood</Name>
                    <DisorderType id="21401">
                      <Name lang="it">Sindrome malformativa</Name>
                    </DisorderType>
                  </Disorder>
                  <ClassificationNodeChildList count="0">
                  </ClassificationNodeChildList>
                </ClassificationNode>
              </ClassificationNodeChildList>
            </ClassificationNode>
            <ClassificationNode>
              <Disorder id="18157">
                <OrphaCode>180776</OrphaCode>
                <ExpertLink lang="it">http://www.orpha.net/consor/cgi-bin/OC_Exp.php?lng=it&amp;Expert=180776</ExpertLink>
                <Name lang="it">Malformazione diaframmatica o toracica non sindromica</Name>
                <DisorderType id="36561">
                  <Name lang="it">Category</Name>
                </DisorderType>
              </Disorder>
              <ClassificationNodeChildList count="2">
                <ClassificationNode>
                  <Disorder id="506">
                    <OrphaCode>2140</OrphaCode>
                    <ExpertLink lang="it">http://www.orpha.net/consor/cgi-bin/OC_Exp.php?lng=it&amp;Expert=2140</ExpertLink>
                    <Name lang="it">Ernia diaframmatica congenita</Name>
                    <DisorderType id="21415">
                      <Name lang="it">Anomalia morfologica</Name>
                    </DisorderType>
                  </Disorder>
                  <ClassificationNodeChildList count="0">
                  </ClassificationNodeChildList>
                </ClassificationNode>
                <ClassificationNode>
                  <Disorder id="1951">
                    <OrphaCode>2017</OrphaCode>
                    <ExpertLink lang="it">http://www.orpha.net/consor/cgi-bin/OC_Exp.php?lng=it&amp;Expert=2017</ExpertLink>
                    <Name lang="it">Schisi sternale</Name>
                    <DisorderType id="21415">
                      <Name lang="it">Anomalia morfologica</Name>
                    </DisorderType>
                  </Disorder>
                  <ClassificationNodeChildList count="0">
                  </ClassificationNodeChildList>
                </ClassificationNode>
              </ClassificationNodeChildList>
            </ClassificationNode>
            <ClassificationNode>
              <Disorder id="18158">
                <OrphaCode>180779</OrphaCode>
                <ExpertLink lang="it">http://www.orpha.net/consor/cgi-bin/OC_Exp.php?lng=it&amp;Expert=180779</ExpertLink>
                <Name lang="it">Malformazione diaframmatica o toracica sindromica</Name>
                <DisorderType id="36561">
                  <Name lang="it">Category</Name>
                </DisorderType>
              </Disorder>
              <ClassificationNodeChildList count="17">
                <ClassificationNode>
                  <Disorder id="25843">
                    <OrphaCode>496693</OrphaCode>
                    <ExpertLink lang="it">http://www.orpha.net/consor/cgi-bin/OC_Exp.php?lng=it&amp;Expert=496693</ExpertLink>
                    <Name lang="it">Sindrome onfalocele - ernia diaframmatica - anomalie cardiovascolari - anomalie del radio</Name>
                    <DisorderType id="21401">
                      <Name lang="it">Sindrome malformativa</Name>
                    </DisorderType>
                  </Disorder>
                  <ClassificationNodeChildList count="0">
                  </ClassificationNodeChildList>
                </ClassificationNode>
                <ClassificationNode>
                  <Disorder id="25213">
                    <OrphaCode>480528</OrphaCode>
                    <ExpertLink lang="it">http://www.orpha.net/consor/cgi-bin/OC_Exp.php?lng=it&amp;Expert=480528</ExpertLink>
                    <Name lang="it">Sindrome letale idranencefalia-ernia diaframmatica</Name>
                    <DisorderType id="21401">
                      <Name lang="it">Sindrome malformativa</Name>
                    </DisorderType>
                  </Disorder>
                  <ClassificationNodeChildList count="0">
                  </ClassificationNodeChildList>
                </ClassificationNode>
                <ClassificationNode>
                  <Disorder id="147">
                    <OrphaCode>280</OrphaCode>
                    <ExpertLink lang="it">http://www.orpha.net/consor/cgi-bin/OC_Exp.php?lng=it&amp;Expert=280</ExpertLink>
                    <Name lang="it">Sindrome di Wolf-Hirschhorn</Name>
                    <DisorderType id="21401">
                      <Name lang="it">Sindrome malformativa</Name>
                    </DisorderType>
                  </Disorder>
                  <ClassificationNodeChildList count="0">
                  </ClassificationNodeChildList>
                </ClassificationNode>
                <ClassificationNode>
                  <Disorder id="299">
                    <OrphaCode>199</OrphaCode>
                    <ExpertLink lang="it">http://www.orpha.net/consor/cgi-bin/OC_Exp.php?lng=it&amp;Expert=199</ExpertLink>
                    <Name lang="it">Sindrome di Cornelia de Lange</Name>
                    <DisorderType id="21401">
                      <Name lang="it">Sindrome malformativa</Name>
                    </DisorderType>
                  </Disorder>
                  <ClassificationNodeChildList count="0">
                  </ClassificationNodeChildList>
                </ClassificationNode>
                <ClassificationNode>
                  <Disorder id="557">
                    <OrphaCode>884</OrphaCode>
                    <ExpertLink lang="it">http://www.orpha.net/consor/cgi-bin/OC_Exp.php?lng=it&amp;Expert=884</ExpertLink>
                    <Name lang="it">Tetrasomia 12p</Name>
                    <DisorderType id="21401">
                      <Name lang="it">Sindrome malformativa</Name>
                    </DisorderType>
                  </Disorder>
                  <ClassificationNodeChildList count="0">
                  </ClassificationNodeChildList>
                </ClassificationNode>
                <ClassificationNode>
                  <Disorder id="612">
                    <OrphaCode>287</OrphaCode>
                    <ExpertLink lang="it">http://www.orpha.net/consor/cgi-bin/OC_Exp.php?lng=it&amp;Expert=287</ExpertLink>
                    <Name lang="it">Sindrome di Ehlers-Danlos, tipo classico</Name>
                    <DisorderType id="21394">
                      <Name lang="it">Malattia</Name>
                    </DisorderType>
                  </Disorder>
                  <ClassificationNodeChildList count="0">
                  </ClassificationNodeChildList>
                </ClassificationNode>
                <ClassificationNode>
                  <Disorder id="912">
                    <OrphaCode>373</OrphaCode>
                    <ExpertLink lang="it">http://www.orpha.net/consor/cgi-bin/OC_Exp.php?lng=it&amp;Expert=373</ExpertLink>
                    <Name lang="it">Sindrome di Simpson-Golabi-Behmel</Name>
                    <DisorderType id="21401">
                      <Name lang="it">Sindrome malformativa</Name>
                    </DisorderType>
                  </Disorder>
                  <ClassificationNodeChildList count="0">
                  </ClassificationNodeChildList>
                </ClassificationNode>
                <ClassificationNode>
                  <Disorder id="1306">
                    <OrphaCode>991</OrphaCode>
                    <ExpertLink lang="it">http://www.orpha.net/consor/cgi-bin/OC_Exp.php?lng=it&amp;Expert=991</ExpertLink>
                    <Name lang="it">Sindrome PAGOD</Name>
                    <DisorderType id="21401">
                      <Name lang="it">Sindrome malformativa</Name>
                    </DisorderType>
                  </Disorder>
                  <ClassificationNodeChildList count="0">
                  </ClassificationNodeChildList>
                </ClassificationNode>
                <ClassificationNode>
                  <Disorder id="1554">
                    <OrphaCode>1335</OrphaCode>
                    <ExpertLink lang="it">http://www.orpha.net/consor/cgi-bin/OC_Exp.php?lng=it&amp;Expert=1335</ExpertLink>
                    <Name lang="it">Pentalogia di Cantrell</Name>
                    <DisorderType id="21401">
                      <Name lang="it">Sindrome malformativa</Name>
                    </DisorderType>
                  </Disorder>
                  <ClassificationNodeChildList count="0">
                  </ClassificationNodeChildList>
                </ClassificationNode>
                <ClassificationNode>
                  <Disorder id="2040">
                    <OrphaCode>2141</OrphaCode>
                    <ExpertLink lang="it">http://www.orpha.net/consor/cgi-bin/OC_Exp.php?lng=it&amp;Expert=2141</ExpertLink>
                    <Name lang="it">Ernia diaframmatica - anomalie degli arti</Name>
                    <DisorderType id="21401">
                      <Name lang="it">Sindrome malformativa</Name>
                    </DisorderType>
                  </Disorder>
                  <ClassificationNodeChildList count="0">
                  </ClassificationNodeChildList>
                </ClassificationNode>
                <ClassificationNode>
                  <Disorder id="2043">
                    <OrphaCode>2143</OrphaCode>
                    <ExpertLink lang="it">http://www.orpha.net/consor/cgi-bin/OC_Exp.php?lng=it&amp;Expert=2143</ExpertLink>
                    <Name lang="it">Sindrome di Donnai-Barrow</Name>
                    <DisorderType id="21401">
                      <Name lang="it">Sindrome malformativa</Name>
                    </DisorderType>
                  </Disorder>
                  <ClassificationNodeChildList count="0">
                  </ClassificationNodeChildList>
                </ClassificationNode>
                <ClassificationNode>
                  <Disorder id="2177">
                    <OrphaCode>2322</OrphaCode>
                    <ExpertLink lang="it">http://www.orpha.net/consor/cgi-bin/OC_Exp.php?lng=it&amp;Expert=2322</ExpertLink>
                    <Name lang="it">Sindrome di Kabuki</Name>
                    <DisorderType id="21401">
                      <Name lang="it">Sindrome malformativa</Name>
                    </DisorderType>
                  </Disorder>
                  <ClassificationNodeChildList count="0">
                  </ClassificationNodeChildList>
                </ClassificationNode>
                <ClassificationNode>
                  <Disorder id="2283">
                    <OrphaCode>2470</OrphaCode>
                    <ExpertLink lang="it">http://www.orpha.net/consor/cgi-bin/OC_Exp.php?lng=it&amp;Expert=2470</ExpertLink>
                    <Name lang="it">Sindrome di Matthew-Wood</Name>
                    <DisorderType id="21401">
                      <Name lang="it">Sindrome malformativa</Name>
                    </DisorderType>
                  </Disorder>
                  <ClassificationNodeChildList count="0">
                  </ClassificationNodeChildList>
                </ClassificationNode>
                <ClassificationNode>
                  <Disorder id="3569">
                    <OrphaCode>209</OrphaCode>
                    <ExpertLink lang="it">http://www.orpha.net/consor/cgi-bin/OC_Exp.php?lng=it&amp;Expert=209</ExpertLink>
                    <Name lang="it">Cutis laxa</Name>
                    <DisorderType id="21436">
                      <Name lang="it">Gruppo di fenomi</Name>
                    </DisorderType>
                  </Disorder>
                  <ClassificationNodeChildList count="11">
                    <ClassificationNode>
                      <Disorder id="1993">
                        <OrphaCode>2078</OrphaCode>
                        <ExpertLink lang="it">http://www.orpha.net/consor/cgi-bin/OC_Exp.php?lng=it&amp;Expert=2078</ExpertLink>
                        <Name lang="it">Gerodermia osteodisplastica</Name>
                        <DisorderType id="21401">
                          <Name lang="it">Sindrome malformativa</Name>
                        </DisorderType>
                      </Disorder>
                      <ClassificationNodeChildList count="0">
                      </ClassificationNodeChildList>
                    </ClassificationNode>
                    <ClassificationNode>
                      <Disorder id="2673">
                        <OrphaCode>2962</OrphaCode>
                        <ExpertLink lang="it">http://www.orpha.net/consor/cgi-bin/OC_Exp.php?lng=it&amp;Expert=2962</ExpertLink>
                        <Name lang="it">Sindrome di De Barsy</Name>
                        <DisorderType id="21394">
                          <Name lang="it">Malattia</Name>
                        </DisorderType>
                      </Disorder>
                      <ClassificationNodeChildList count="2">
                        <ClassificationNode>
                          <Disorder id="10381">
                            <OrphaCode>35664</OrphaCode>
                            <ExpertLink lang="it">http://www.orpha.net/consor/cgi-bin/OC_Exp.php?lng=it&amp;Expert=35664</ExpertLink>
                            <Name lang="it">Sindrome di DeBarsy legata ad ALDH18A1</Name>
                            <DisorderType id="21443">
                              <Name lang="it">Sottotipo eziologico</Name>
                            </DisorderType>
                          </Disorder>
                          <ClassificationNodeChildList count="0">
                          </ClassificationNodeChildList>
                        </ClassificationNode>
                        <ClassificationNode>
                          <Disorder id="20864">
                            <OrphaCode>293633</OrphaCode>
                            <ExpertLink lang="it">http://www.orpha.net/consor/cgi-bin/OC_Exp.php?lng=it&amp;Expert=293633</ExpertLink>
                            <Name lang="it">Sindrome di De Barsy correlata a PYCR1</Name>
                            <DisorderType id="21443">
                              <Name lang="it">Sottotipo eziologico</Name>
                            </DisorderType>
                          </Disorder>
                          <ClassificationNodeChildList count="0">
                          </ClassificationNodeChildList>
                        </ClassificationNode>
                      </ClassificationNodeChildList>
                    </ClassificationNode>
                    <ClassificationNode>
                      <Disorder id="2805">
                        <OrphaCode>3134</OrphaCode>
                        <ExpertLink lang="it">http://www.orpha.net/consor/cgi-bin/OC_Exp.php?lng=it&amp;Expert=3134</ExpertLink>
                        <Name lang="it">Sindrome SCARF</Name>
                        <DisorderType id="21401">
                          <Name lang="it">Sindrome malformativa</Name>
                        </DisorderType>
                      </Disorder>
                      <ClassificationNodeChildList count="0">
                      </ClassificationNodeChildList>
                    </ClassificationNode>
                    <ClassificationNode>
                      <Disorder id="2965">
                        <OrphaCode>3342</OrphaCode>
                        <ExpertLink lang="it">http://www.orpha.net/consor/cgi-bin/OC_Exp.php?lng=it&amp;Expert=3342</ExpertLink>
                        <Name lang="it">Sindrome da tortuosit� delle arterie</Name>
                        <DisorderType id="21401">
                          <Name lang="it">Sindrome malformativa</Name>
                        </DisorderType>
                      </Disorder>
                      <ClassificationNodeChildList count="0">
                      </ClassificationNodeChildList>
                    </ClassificationNode>
                    <ClassificationNode>
                      <Disorder id="7035">
                        <OrphaCode>198</OrphaCode>
                        <ExpertLink lang="it">http://www.orpha.net/consor/cgi-bin/OC_Exp.php?lng=it&amp;Expert=198</ExpertLink>
                        <Name lang="it">Sindrome del corno occipitale</Name>
                        <DisorderType id="21394">
                          <Name lang="it">Malattia</Name>
                        </DisorderType>
                      </Disorder>
                      <ClassificationNodeChildList count="0">
                      </ClassificationNodeChildList>
                    </ClassificationNode>
                    <ClassificationNode>
                      <Disorder id="12024">
                        <OrphaCode>90348</OrphaCode>
                        <ExpertLink lang="it">http://www.orpha.net/consor/cgi-bin/OC_Exp.php?lng=it&amp;Expert=90348</ExpertLink>
                        <Name lang="it">Cutis laxa autosomica dominante</Name>
                        <DisorderType id="21394">
                          <Name lang="it">Malattia</Name>
                        </DisorderType>
                      </Disorder>
                      <ClassificationNodeChildList count="0">
                      </ClassificationNodeChildList>
                    </ClassificationNode>
                    <ClassificationNode>
                      <Disorder id="12025">
                        <OrphaCode>90349</OrphaCode>
                        <ExpertLink lang="it">http://www.orpha.net/consor/cgi-bin/OC_Exp.php?lng=it&amp;Expert=90349</ExpertLink>
                        <Name lang="it">Cutis laxa autosomica recessiva, tipo 1</Name>
                        <DisorderType id="21394">
                          <Name lang="it">Malattia</Name>
                        </DisorderType>
                      </Disorder>
                      <ClassificationNodeChildList count="0">
                      </ClassificationNodeChildList>
                    </ClassificationNode>
                    <ClassificationNode>
                      <Disorder id="12026">
                        <OrphaCode>90350</OrphaCode>
                        <ExpertLink lang="it">http://www.orpha.net/consor/cgi-bin/OC_Exp.php?lng=it&amp;Expert=90350</ExpertLink>
                        <Name lang="it">Cutis laxa autosomica recessiva, tipo 2</Name>
                        <DisorderType id="21436">
                          <Name lang="it">Gruppo di fenomi</Name>
                        </DisorderType>
                      </Disorder>
                      <ClassificationNodeChildList count="2">
                        <ClassificationNode>
                          <Disorder id="22201">
                            <OrphaCode>357058</OrphaCode>
                            <ExpertLink lang="it">http://www.orpha.net/consor/cgi-bin/OC_Exp.php?lng=it&amp;Expert=357058</ExpertLink>
                            <Name lang="it">Cutis laxa autosomica recessiva, tipo 2A</Name>
                            <DisorderType id="21394">
                              <Name lang="it">Malattia</Name>
                            </DisorderType>
                          </Disorder>
                          <ClassificationNodeChildList count="2">
                            <ClassificationNode>
                              <Disorder id="2571">
                                <OrphaCode>2834</OrphaCode>
                                <ExpertLink lang="it">http://www.orpha.net/consor/cgi-bin/OC_Exp.php?lng=it&amp;Expert=2834</ExpertLink>
                                <Name lang="it">Sindrome della cute rugosa</Name>
                                <DisorderType id="21450">
                                  <Name lang="it">Sottotipo clinico</Name>
                                </DisorderType>
                              </Disorder>
                              <ClassificationNodeChildList count="0">
                              </ClassificationNodeChildList>
                            </ClassificationNode>
                            <ClassificationNode>
                              <Disorder id="22203">
                                <OrphaCode>357074</OrphaCode>
                                <ExpertLink lang="it">http://www.orpha.net/consor/cgi-bin/OC_Exp.php?lng=it&amp;Expert=357074</ExpertLink>
                                <Name lang="it">Cutis laxa autosomica recessiva tipo 2, tipo classico</Name>
                                <DisorderType id="21450">
                                  <Name lang="it">Sottotipo clinico</Name>
                                </DisorderType>
                              </Disorder>
                              <ClassificationNodeChildList count="0">
                              </ClassificationNodeChildList>
                            </ClassificationNode>
                          </ClassificationNodeChildList>
                        </ClassificationNode>
                        <ClassificationNode>
                          <Disorder id="22202">
                            <OrphaCode>357064</OrphaCode>
                            <ExpertLink lang="it">http://www.orpha.net/consor/cgi-bin/OC_Exp.php?lng=it&amp;Expert=357064</ExpertLink>
                            <Name lang="it">Cutis laxa autosomica recessiva, tipo 2B</Name>
                            <DisorderType id="21394">
                              <Name lang="it">Malattia</Name>
                            </DisorderType>
                          </Disorder>
                          <ClassificationNodeChildList count="0">
                          </ClassificationNodeChildList>
                        </ClassificationNode>
                      </ClassificationNodeChildList>
                    </ClassificationNode>
                    <ClassificationNode>
                      <Disorder id="18846">
                        <OrphaCode>217335</OrphaCode>
                        <ExpertLink lang="it">http://www.orpha.net/consor/cgi-bin/OC_Exp.php?lng=it&amp;Expert=217335</ExpertLink>
                        <Name lang="it">Sindrome RIN2</Name>
                        <DisorderType id="21401">
                          <Name lang="it">Sindrome malformativa</Name>
                        </DisorderType>
                      </Disorder>
                      <ClassificationNodeChildList count="0">
                      </ClassificationNodeChildList>
                    </ClassificationNode>
                    <ClassificationNode>
                      <Disorder id="18949">
                        <OrphaCode>221145</OrphaCode>
                        <ExpertLink lang="it">http://www.orpha.net/consor/cgi-bin/OC_Exp.php?lng=it&amp;Expert=221145</ExpertLink>
                        <Name lang="it">Cutis laxa - anomalie gravi polmonari, gastrointestinali e delle vie urinarie</Name>
                        <DisorderType id="21401">
                          <Name lang="it">Sindrome malformativa</Name>
                        </DisorderType>
                      </Disorder>
                      <ClassificationNodeChildList count="0">
                      </ClassificationNodeChildList>
                    </ClassificationNode>
                    <ClassificationNode>
                      <Disorder id="21520">
                        <OrphaCode>314718</OrphaCode>
                        <ExpertLink lang="it">http://www.orpha.net/consor/cgi-bin/OC_Exp.php?lng=it&amp;Expert=314718</ExpertLink>
                        <Name lang="it">Sindrome da arteriopatia letale dovuta a deficit di fibulina-4</Name>
                        <DisorderType id="21394">
                          <Name lang="it">Malattia</Name>
                        </DisorderType>
                      </Disorder>
                      <ClassificationNodeChildList count="0">
                      </ClassificationNodeChildList>
                    </ClassificationNode>
                  </ClassificationNodeChildList>
                </ClassificationNode>
                <ClassificationNode>
                  <Disorder id="12794">
                    <OrphaCode>96170</OrphaCode>
                    <ExpertLink lang="it">http://www.orpha.net/consor/cgi-bin/OC_Exp.php?lng=it&amp;Expert=96170</ExpertLink>
                    <Name lang="it">Sindrome di Emanuel</Name>
                    <DisorderType id="21401">
                      <Name lang="it">Sindrome malformativa</Name>
                    </DisorderType>
                  </Disorder>
                  <ClassificationNodeChildList count="0">
                  </ClassificationNodeChildList>
                </ClassificationNode>
                <ClassificationNode>
                  <Disorder id="19142">
                    <OrphaCode>230839</OrphaCode>
                    <ExpertLink lang="it">http://www.orpha.net/consor/cgi-bin/OC_Exp.php?lng=it&amp;Expert=230839</ExpertLink>
                    <Name lang="it">Sindrome di Ehlers-Danlos, tipo simil-classico</Name>
                    <DisorderType id="21394">
                      <Name lang="it">Malattia</Name>
                    </DisorderType>
                  </Disorder>
                  <ClassificationNodeChildList count="0">
                  </ClassificationNodeChildList>
                </ClassificationNode>
                <ClassificationNode>
                  <Disorder id="27458">
                    <OrphaCode>527468</OrphaCode>
                    <ExpertLink lang="it">http://www.orpha.net/consor/cgi-bin/OC_Exp.php?lng=it&amp;Expert=527468</ExpertLink>
                    <Name lang="it">Sindrome ernia diaframmatica - intestino corto - asplenia</Name>
                    <DisorderType id="21401">
                      <Name lang="it">Sindrome malformativa</Name>
                    </DisorderType>
                  </Disorder>
                  <ClassificationNodeChildList count="0">
                  </ClassificationNodeChildList>
                </ClassificationNode>
              </ClassificationNodeChildList>
            </ClassificationNode>
            <ClassificationNode>
              <Disorder id="20633">
                <OrphaCode>285014</OrphaCode>
                <ExpertLink lang="it">http://www.orpha.net/consor/cgi-bin/OC_Exp.php?lng=it&amp;Expert=285014</ExpertLink>
                <Name lang="it">Malattia rara con aneurisma dell'aorta toracica e dissezione aortica</Name>
                <DisorderType id="36561">
                  <Name lang="it">Category</Name>
                </DisorderType>
              </Disorder>
              <ClassificationNodeChildList count="10">
                <ClassificationNode>
                  <Disorder id="109">
                    <OrphaCode>558</OrphaCode>
                    <ExpertLink lang="it">http://www.orpha.net/consor/cgi-bin/OC_Exp.php?lng=it&amp;Expert=558</ExpertLink>
                    <Name lang="it">Sindrome di Marfan</Name>
                    <DisorderType id="21394">
                      <Name lang="it">Malattia</Name>
                    </DisorderType>
                  </Disorder>
                  <ClassificationNodeChildList count="2">
                    <ClassificationNode>
                      <Disorder id="20628">
                        <OrphaCode>284963</OrphaCode>
                        <ExpertLink lang="it">http://www.orpha.net/consor/cgi-bin/OC_Exp.php?lng=it&amp;Expert=284963</ExpertLink>
                        <Name lang="it">Sindrome di Marfan, tipo 1</Name>
                        <DisorderType id="21450">
                          <Name lang="it">Sottotipo clinico</Name>
                        </DisorderType>
                      </Disorder>
                      <ClassificationNodeChildList count="0">
                      </ClassificationNodeChildList>
                    </ClassificationNode>
                    <ClassificationNode>
                      <Disorder id="20629">
                        <OrphaCode>284973</OrphaCode>
                        <ExpertLink lang="it">http://www.orpha.net/consor/cgi-bin/OC_Exp.php?lng=it&amp;Expert=284973</ExpertLink>
                        <Name lang="it">Sindrome di Marfan, tipo 2</Name>
                        <DisorderType id="21450">
                          <Name lang="it">Sottotipo clinico</Name>
                        </DisorderType>
                      </Disorder>
                      <ClassificationNodeChildList count="0">
                      </ClassificationNodeChildList>
                    </ClassificationNode>
                  </ClassificationNodeChildList>
                </ClassificationNode>
                <ClassificationNode>
                  <Disorder id="2965">
                    <OrphaCode>3342</OrphaCode>
                    <ExpertLink lang="it">http://www.orpha.net/consor/cgi-bin/OC_Exp.php?lng=it&amp;Expert=3342</ExpertLink>
                    <Name lang="it">Sindrome da tortuosit� delle arterie</Name>
                    <DisorderType id="21401">
                      <Name lang="it">Sindrome malformativa</Name>
                    </DisorderType>
                  </Disorder>
                  <ClassificationNodeChildList count="0">
                  </ClassificationNodeChildList>
                </ClassificationNode>
                <ClassificationNode>
                  <Disorder id="4042">
                    <OrphaCode>286</OrphaCode>
                    <ExpertLink lang="it">http://www.orpha.net/consor/cgi-bin/OC_Exp.php?lng=it&amp;Expert=286</ExpertLink>
                    <Name lang="it">Sindrome di Ehlers-Danlos, tipo vascolare</Name>
                    <DisorderType id="21394">
                      <Name lang="it">Malattia</Name>
                    </DisorderType>
                  </Disorder>
                  <ClassificationNodeChildList count="0">
                  </ClassificationNodeChildList>
                </ClassificationNode>
                <ClassificationNode>
                  <Disorder id="10799">
                    <OrphaCode>60030</OrphaCode>
                    <ExpertLink lang="it">http://www.orpha.net/consor/cgi-bin/OC_Exp.php?lng=it&amp;Expert=60030</ExpertLink>
                    <Name lang="it">Sindrome di Loeys-Dietz</Name>
                    <DisorderType id="21401">
                      <Name lang="it">Sindrome malformativa</Name>
                    </DisorderType>
                  </Disorder>
                  <ClassificationNodeChildList count="0">
                  </ClassificationNodeChildList>
                </ClassificationNode>
                <ClassificationNode>
                  <Disorder id="12138">
                    <OrphaCode>91387</OrphaCode>
                    <ExpertLink lang="it">http://www.orpha.net/consor/cgi-bin/OC_Exp.php?lng=it&amp;Expert=91387</ExpertLink>
                    <Name lang="it">Aneurisma aortico toracico familiare</Name>
                    <DisorderType id="21394">
                      <Name lang="it">Malattia</Name>
                    </DisorderType>
                  </Disorder>
                  <ClassificationNodeChildList count="0">
                  </ClassificationNodeChildList>
                </ClassificationNode>
                <ClassificationNode>
                  <Disorder id="20630">
                    <OrphaCode>284979</OrphaCode>
                    <ExpertLink lang="it">http://www.orpha.net/consor/cgi-bin/OC_Exp.php?lng=it&amp;Expert=284979</ExpertLink>
                    <Name lang="it">Sindrome di Marfan neonatale</Name>
                    <DisorderType id="21394">
                      <Name lang="it">Malattia</Name>
                    </DisorderType>
                  </Disorder>
                  <ClassificationNodeChildList count="0">
                  </ClassificationNodeChildList>
                </ClassificationNode>
                <ClassificationNode>
                  <Disorder id="20631">
                    <OrphaCode>284984</OrphaCode>
                    <ExpertLink lang="it">http://www.orpha.net/consor/cgi-bin/OC_Exp.php?lng=it&amp;Expert=284984</ExpertLink>
                    <Name lang="it">Sindrome aneurisma-osteoartrite</Name>
                    <DisorderType id="21394">
                      <Name lang="it">Malattia</Name>
                    </DisorderType>
                  </Disorder>
                  <ClassificationNodeChildList count="0">
                  </ClassificationNodeChildList>
                </ClassificationNode>
                <ClassificationNode>
                  <Disorder id="22877">
                    <OrphaCode>402075</OrphaCode>
                    <ExpertLink lang="it">http://www.orpha.net/consor/cgi-bin/OC_Exp.php?lng=it&amp;Expert=402075</ExpertLink>
                    <Name lang="it">Valvola aortica bicuspide familiare</Name>
                    <DisorderType id="21415">
                      <Name lang="it">Anomalia morfologica</Name>
                    </DisorderType>
                  </Disorder>
                  <ClassificationNodeChildList count="0">
                  </ClassificationNodeChildList>
                </ClassificationNode>
                <ClassificationNode>
                  <Disorder id="3258">
                    <OrphaCode>229</OrphaCode>
                    <ExpertLink lang="it">http://www.orpha.net/consor/cgi-bin/OC_Exp.php?lng=it&amp;Expert=229</ExpertLink>
                    <Name lang="it">Dissezione familiare dell'aorta</Name>
                    <DisorderType id="21394">
                      <Name lang="it">Malattia</Name>
                    </DisorderType>
                  </Disorder>
                  <ClassificationNodeChildList count="0">
                  </ClassificationNodeChildList>
                </ClassificationNode>
                <ClassificationNode>
                  <Disorder id="22924">
                    <OrphaCode>404463</OrphaCode>
                    <ExpertLink lang="it">http://www.orpha.net/consor/cgi-bin/OC_Exp.php?lng=it&amp;Expert=404463</ExpertLink>
                    <Name lang="it">Sindrome multisistemica da disfunzione dei muscoli lisci</Name>
                    <DisorderType id="21394">
                      <Name lang="it">Malattia</Name>
                    </DisorderType>
                  </Disorder>
                  <ClassificationNodeChildList count="0">
                  </ClassificationNodeChildList>
                </ClassificationNode>
              </ClassificationNodeChildList>
            </ClassificationNode>
          </ClassificationNodeChildList>
        </ClassificationNode>
      </ClassificationNodeRootList>
    </Classification>
  </ClassificationList>
</JDBOR>
