<?xml version="1.0" encoding="UTF-8"?>
<JDBOR ExtractionDate="2025-06-24 08:00:35" version="1.3.42 / 4.1.8 [2025-03-03]" copyright="Orphanet (c) 2025" dbserver="jdbc:sybase:Tds:canard.orpha.net:2020">
  <Availability> 
    <Licence>
      <FullName lang="en">Creative Commons Attribution 4.0 International</FullName>
      <ShortIdentifier>CC-BY-4.0</ShortIdentifier>
      <LegalCode>https://creativecommons.org/licenses/by/4.0/legalcode</LegalCode>
    </Licence>
  </Availability>
  <ClassificationList count="1">
    <Classification id="235">
      <OrphaNumber>616871</OrphaNumber>
      <Name lang="de">Orphanet-Klassifikation der seltenen Krankheiten ohne eindeutige Diagnose</Name>
      <ClassificationNodeRootList count="1">
        <ClassificationNode>
          <ClassificationNodeChildList count="1">
            <ClassificationNode>
              <Disorder id="31336">
                <OrphaCode>616874</OrphaCode>
                <ExpertLink lang="de">http://www.orpha.net/consor/cgi-bin/OC_Exp.php?lng=de&amp;Expert=616874</ExpertLink>
                <Name lang="de">Seltene Störung ohne eindeutige Diagnose nach vollständiger Untersuchung</Name>
                <DisorderType id="21394">
                  <Name lang="de">Krankheit</Name>
                </DisorderType>
              </Disorder>
              <ClassificationNodeChildList count="0">
              </ClassificationNodeChildList>
            </ClassificationNode>
          </ClassificationNodeChildList>
        </ClassificationNode>
      </ClassificationNodeRootList>
    </Classification>
  </ClassificationList>
</JDBOR>
