<?xml version="1.0" encoding="UTF-8"?>
<JDBOR ExtractionDate="2025-06-24 07:47:03" version="1.3.42 / 4.1.8 [2025-03-03]" copyright="Orphanet (c) 2025" dbserver="jdbc:sybase:Tds:canard.orpha.net:2020">
  <Availability> 
    <Licence>
      <FullName lang="en">Creative Commons Attribution 4.0 International</FullName>
      <ShortIdentifier>CC-BY-4.0</ShortIdentifier>
      <LegalCode>https://creativecommons.org/licenses/by/4.0/legalcode</LegalCode>
    </Licence>
  </Availability>
  <ClassificationList count="1">
    <Classification id="186">
      <OrphaNumber>162709</OrphaNumber>
      <Name lang="de">Orphanet-Klassifikation der seltenen Krankheiten in der Thoraxchirurgie</Name>
      <ClassificationNodeRootList count="1">
        <ClassificationNode>
          <Disorder id="12980">
            <OrphaCode>97962</OrphaCode>
            <ExpertLink lang="de">http://www.orpha.net/consor/cgi-bin/OC_Exp.php?lng=de&amp;Expert=97962</ExpertLink>
            <Name lang="de">Seltene Krankheit der Thoraxchirurgie</Name>
            <DisorderType id="36561">
              <Name lang="de">Kategorie</Name>
            </DisorderType>
          </Disorder>
          <ClassificationNodeChildList count="6">
            <ClassificationNode>
              <Disorder id="12889">
                <OrphaCode>97330</OrphaCode>
                <ExpertLink lang="de">http://www.orpha.net/consor/cgi-bin/OC_Exp.php?lng=de&amp;Expert=97330</ExpertLink>
                <Name lang="de">Thoracic-outlet-Syndrom</Name>
                <DisorderType id="21394">
                  <Name lang="de">Krankheit</Name>
                </DisorderType>
              </Disorder>
              <ClassificationNodeChildList count="3">
                <ClassificationNode>
                  <Disorder id="14646">
                    <OrphaCode>100073</OrphaCode>
                    <ExpertLink lang="de">http://www.orpha.net/consor/cgi-bin/OC_Exp.php?lng=de&amp;Expert=100073</ExpertLink>
                    <Name lang="de">Thoracic-outlet-Syndrom, neurogenes</Name>
                    <DisorderType id="21450">
                      <Name lang="de">Klinischer Subtyp</Name>
                    </DisorderType>
                  </Disorder>
                  <ClassificationNodeChildList count="0">
                  </ClassificationNodeChildList>
                </ClassificationNode>
                <ClassificationNode>
                  <Disorder id="22204">
                    <OrphaCode>357107</OrphaCode>
                    <ExpertLink lang="de">http://www.orpha.net/consor/cgi-bin/OC_Exp.php?lng=de&amp;Expert=357107</ExpertLink>
                    <Name lang="de">Thoracic-outlet-Syndrom, arterielles</Name>
                    <DisorderType id="21450">
                      <Name lang="de">Klinischer Subtyp</Name>
                    </DisorderType>
                  </Disorder>
                  <ClassificationNodeChildList count="0">
                  </ClassificationNodeChildList>
                </ClassificationNode>
                <ClassificationNode>
                  <Disorder id="22205">
                    <OrphaCode>357131</OrphaCode>
                    <ExpertLink lang="de">http://www.orpha.net/consor/cgi-bin/OC_Exp.php?lng=de&amp;Expert=357131</ExpertLink>
                    <Name lang="de">Thoracic-outlet-Syndrom, venöses</Name>
                    <DisorderType id="21450">
                      <Name lang="de">Klinischer Subtyp</Name>
                    </DisorderType>
                  </Disorder>
                  <ClassificationNodeChildList count="0">
                  </ClassificationNodeChildList>
                </ClassificationNode>
              </ClassificationNodeChildList>
            </ClassificationNode>
            <ClassificationNode>
              <Disorder id="15028">
                <OrphaCode>108993</OrphaCode>
                <ExpertLink lang="de">http://www.orpha.net/consor/cgi-bin/OC_Exp.php?lng=de&amp;Expert=108993</ExpertLink>
                <Name lang="de">Fehlbildung des respiratorischen Systems oder des Mediastinums, nicht-syndromale</Name>
                <DisorderType id="36561">
                  <Name lang="de">Kategorie</Name>
                </DisorderType>
              </Disorder>
              <ClassificationNodeChildList count="16">
                <ClassificationNode>
                  <Disorder id="597">
                    <OrphaCode>3346</OrphaCode>
                    <ExpertLink lang="de">http://www.orpha.net/consor/cgi-bin/OC_Exp.php?lng=de&amp;Expert=3346</ExpertLink>
                    <Name lang="de">Trachealagenesie</Name>
                    <DisorderType id="21415">
                      <Name lang="de">Morphologische Anomalie</Name>
                    </DisorderType>
                  </Disorder>
                  <ClassificationNodeChildList count="0">
                  </ClassificationNodeChildList>
                </ClassificationNode>
                <ClassificationNode>
                  <Disorder id="802">
                    <OrphaCode>1928</OrphaCode>
                    <ExpertLink lang="de">http://www.orpha.net/consor/cgi-bin/OC_Exp.php?lng=de&amp;Expert=1928</ExpertLink>
                    <Name lang="de">Emphysem, kongenitales lobäres</Name>
                    <DisorderType id="21415">
                      <Name lang="de">Morphologische Anomalie</Name>
                    </DisorderType>
                  </Disorder>
                  <ClassificationNodeChildList count="0">
                  </ClassificationNodeChildList>
                </ClassificationNode>
                <ClassificationNode>
                  <Disorder id="1941">
                    <OrphaCode>2004</OrphaCode>
                    <ExpertLink lang="de">http://www.orpha.net/consor/cgi-bin/OC_Exp.php?lng=de&amp;Expert=2004</ExpertLink>
                    <Name lang="de">Laryngo-tracheo-ösophageale Spalte</Name>
                    <DisorderType id="21415">
                      <Name lang="de">Morphologische Anomalie</Name>
                    </DisorderType>
                  </Disorder>
                  <ClassificationNodeChildList count="5">
                    <ClassificationNode>
                      <Disorder id="12498">
                        <OrphaCode>93938</OrphaCode>
                        <ExpertLink lang="de">http://www.orpha.net/consor/cgi-bin/OC_Exp.php?lng=de&amp;Expert=93938</ExpertLink>
                        <Name lang="de">Laryngo-tracheo-ösophageale Spalte Typ 1</Name>
                        <DisorderType id="21450">
                          <Name lang="de">Klinischer Subtyp</Name>
                        </DisorderType>
                      </Disorder>
                      <ClassificationNodeChildList count="0">
                      </ClassificationNodeChildList>
                    </ClassificationNode>
                    <ClassificationNode>
                      <Disorder id="12499">
                        <OrphaCode>93939</OrphaCode>
                        <ExpertLink lang="de">http://www.orpha.net/consor/cgi-bin/OC_Exp.php?lng=de&amp;Expert=93939</ExpertLink>
                        <Name lang="de">Laryngo-tracheo-ösophageale Spalte Typ 2</Name>
                        <DisorderType id="21450">
                          <Name lang="de">Klinischer Subtyp</Name>
                        </DisorderType>
                      </Disorder>
                      <ClassificationNodeChildList count="0">
                      </ClassificationNodeChildList>
                    </ClassificationNode>
                    <ClassificationNode>
                      <Disorder id="12500">
                        <OrphaCode>93940</OrphaCode>
                        <ExpertLink lang="de">http://www.orpha.net/consor/cgi-bin/OC_Exp.php?lng=de&amp;Expert=93940</ExpertLink>
                        <Name lang="de">Laryngo-tracheo-ösophageale Spalte Typ 3</Name>
                        <DisorderType id="21450">
                          <Name lang="de">Klinischer Subtyp</Name>
                        </DisorderType>
                      </Disorder>
                      <ClassificationNodeChildList count="0">
                      </ClassificationNodeChildList>
                    </ClassificationNode>
                    <ClassificationNode>
                      <Disorder id="12501">
                        <OrphaCode>93941</OrphaCode>
                        <ExpertLink lang="de">http://www.orpha.net/consor/cgi-bin/OC_Exp.php?lng=de&amp;Expert=93941</ExpertLink>
                        <Name lang="de">Laryngo-tracheo-ösophageale Spalte Typ 4</Name>
                        <DisorderType id="21450">
                          <Name lang="de">Klinischer Subtyp</Name>
                        </DisorderType>
                      </Disorder>
                      <ClassificationNodeChildList count="0">
                      </ClassificationNodeChildList>
                    </ClassificationNode>
                    <ClassificationNode>
                      <Disorder id="20437">
                        <OrphaCode>280205</OrphaCode>
                        <ExpertLink lang="de">http://www.orpha.net/consor/cgi-bin/OC_Exp.php?lng=de&amp;Expert=280205</ExpertLink>
                        <Name lang="de">Laryngo-tracheo-ösophageale Spalte Typ 0</Name>
                        <DisorderType id="21450">
                          <Name lang="de">Klinischer Subtyp</Name>
                        </DisorderType>
                      </Disorder>
                      <ClassificationNodeChildList count="0">
                      </ClassificationNodeChildList>
                    </ClassificationNode>
                  </ClassificationNodeChildList>
                </ClassificationNode>
                <ClassificationNode>
                  <Disorder id="534">
                    <OrphaCode>2414</OrphaCode>
                    <ExpertLink lang="de">http://www.orpha.net/consor/cgi-bin/OC_Exp.php?lng=de&amp;Expert=2414</ExpertLink>
                    <Name lang="de">Lymphangiektasie, pulmonale, kongenitale</Name>
                    <DisorderType id="21394">
                      <Name lang="de">Krankheit</Name>
                    </DisorderType>
                  </Disorder>
                  <ClassificationNodeChildList count="0">
                  </ClassificationNodeChildList>
                </ClassificationNode>
                <ClassificationNode>
                  <Disorder id="538">
                    <OrphaCode>2444</OrphaCode>
                    <ExpertLink lang="de">http://www.orpha.net/consor/cgi-bin/OC_Exp.php?lng=de&amp;Expert=2444</ExpertLink>
                    <Name lang="de">Kongenitale Fehlbildung der Atemwege</Name>
                    <DisorderType id="21401">
                      <Name lang="de">Fehlbildungs-Syndrom</Name>
                    </DisorderType>
                  </Disorder>
                  <ClassificationNodeChildList count="5">
                    <ClassificationNode>
                      <Disorder id="20506">
                        <OrphaCode>280827</OrphaCode>
                        <ExpertLink lang="de">http://www.orpha.net/consor/cgi-bin/OC_Exp.php?lng=de&amp;Expert=280827</ExpertLink>
                        <Name lang="de">Kongenitale Fehlbildung der Atemwege Typ 0</Name>
                        <DisorderType id="21450">
                          <Name lang="de">Klinischer Subtyp</Name>
                        </DisorderType>
                      </Disorder>
                      <ClassificationNodeChildList count="0">
                      </ClassificationNodeChildList>
                    </ClassificationNode>
                    <ClassificationNode>
                      <Disorder id="20507">
                        <OrphaCode>280832</OrphaCode>
                        <ExpertLink lang="de">http://www.orpha.net/consor/cgi-bin/OC_Exp.php?lng=de&amp;Expert=280832</ExpertLink>
                        <Name lang="de">Kongenitale Fehlbildung der Atemwege Typ 1</Name>
                        <DisorderType id="21450">
                          <Name lang="de">Klinischer Subtyp</Name>
                        </DisorderType>
                      </Disorder>
                      <ClassificationNodeChildList count="0">
                      </ClassificationNodeChildList>
                    </ClassificationNode>
                    <ClassificationNode>
                      <Disorder id="20508">
                        <OrphaCode>280840</OrphaCode>
                        <ExpertLink lang="de">http://www.orpha.net/consor/cgi-bin/OC_Exp.php?lng=de&amp;Expert=280840</ExpertLink>
                        <Name lang="de">Kongenitale Fehlbildung der Atemwege Typ 2</Name>
                        <DisorderType id="21450">
                          <Name lang="de">Klinischer Subtyp</Name>
                        </DisorderType>
                      </Disorder>
                      <ClassificationNodeChildList count="0">
                      </ClassificationNodeChildList>
                    </ClassificationNode>
                    <ClassificationNode>
                      <Disorder id="20509">
                        <OrphaCode>280847</OrphaCode>
                        <ExpertLink lang="de">http://www.orpha.net/consor/cgi-bin/OC_Exp.php?lng=de&amp;Expert=280847</ExpertLink>
                        <Name lang="de">Kongenitale Fehlbildung der Atemwege Typ 3</Name>
                        <DisorderType id="21450">
                          <Name lang="de">Klinischer Subtyp</Name>
                        </DisorderType>
                      </Disorder>
                      <ClassificationNodeChildList count="0">
                      </ClassificationNodeChildList>
                    </ClassificationNode>
                    <ClassificationNode>
                      <Disorder id="20510">
                        <OrphaCode>280854</OrphaCode>
                        <ExpertLink lang="de">http://www.orpha.net/consor/cgi-bin/OC_Exp.php?lng=de&amp;Expert=280854</ExpertLink>
                        <Name lang="de">Kongenitale Fehlbildung der Atemwege Typ 4</Name>
                        <DisorderType id="21450">
                          <Name lang="de">Klinischer Subtyp</Name>
                        </DisorderType>
                      </Disorder>
                      <ClassificationNodeChildList count="0">
                      </ClassificationNodeChildList>
                    </ClassificationNode>
                  </ClassificationNodeChildList>
                </ClassificationNode>
                <ClassificationNode>
                  <Disorder id="715">
                    <OrphaCode>984</OrphaCode>
                    <ExpertLink lang="de">http://www.orpha.net/consor/cgi-bin/OC_Exp.php?lng=de&amp;Expert=984</ExpertLink>
                    <Name lang="de">Lungenagenesie</Name>
                    <DisorderType id="21415">
                      <Name lang="de">Morphologische Anomalie</Name>
                    </DisorderType>
                  </Disorder>
                  <ClassificationNodeChildList count="0">
                  </ClassificationNodeChildList>
                </ClassificationNode>
                <ClassificationNode>
                  <Disorder id="798">
                    <OrphaCode>2040</OrphaCode>
                    <ExpertLink lang="de">http://www.orpha.net/consor/cgi-bin/OC_Exp.php?lng=de&amp;Expert=2040</ExpertLink>
                    <Name lang="de">Fistel, broncho-biliäre kongenitale</Name>
                    <DisorderType id="21415">
                      <Name lang="de">Morphologische Anomalie</Name>
                    </DisorderType>
                  </Disorder>
                  <ClassificationNodeChildList count="0">
                  </ClassificationNodeChildList>
                </ClassificationNode>
                <ClassificationNode>
                  <Disorder id="2125">
                    <OrphaCode>2257</OrphaCode>
                    <ExpertLink lang="de">http://www.orpha.net/consor/cgi-bin/OC_Exp.php?lng=de&amp;Expert=2257</ExpertLink>
                    <Name lang="de">Pulmonale Hypoplasie, primäre</Name>
                    <DisorderType id="21415">
                      <Name lang="de">Morphologische Anomalie</Name>
                    </DisorderType>
                  </Disorder>
                  <ClassificationNodeChildList count="0">
                  </ClassificationNodeChildList>
                </ClassificationNode>
                <ClassificationNode>
                  <Disorder id="3441">
                    <OrphaCode>2038</OrphaCode>
                    <ExpertLink lang="de">http://www.orpha.net/consor/cgi-bin/OC_Exp.php?lng=de&amp;Expert=2038</ExpertLink>
                    <Name lang="de">Fehlbildung, arteriovenöse pulmonale</Name>
                    <DisorderType id="21415">
                      <Name lang="de">Morphologische Anomalie</Name>
                    </DisorderType>
                  </Disorder>
                  <ClassificationNodeChildList count="0">
                  </ClassificationNodeChildList>
                </ClassificationNode>
                <ClassificationNode>
                  <Disorder id="3457">
                    <OrphaCode>3161</OrphaCode>
                    <ExpertLink lang="de">http://www.orpha.net/consor/cgi-bin/OC_Exp.php?lng=de&amp;Expert=3161</ExpertLink>
                    <Name lang="de">Lungensequestration, kongenitale</Name>
                    <DisorderType id="21401">
                      <Name lang="de">Fehlbildungs-Syndrom</Name>
                    </DisorderType>
                  </Disorder>
                  <ClassificationNodeChildList count="3">
                    <ClassificationNode>
                      <Disorder id="20503">
                        <OrphaCode>280802</OrphaCode>
                        <ExpertLink lang="de">http://www.orpha.net/consor/cgi-bin/OC_Exp.php?lng=de&amp;Expert=280802</ExpertLink>
                        <Name lang="de">Lungensequestration, intralobäre kongenitale</Name>
                        <DisorderType id="21450">
                          <Name lang="de">Klinischer Subtyp</Name>
                        </DisorderType>
                      </Disorder>
                      <ClassificationNodeChildList count="0">
                      </ClassificationNodeChildList>
                    </ClassificationNode>
                    <ClassificationNode>
                      <Disorder id="20504">
                        <OrphaCode>280811</OrphaCode>
                        <ExpertLink lang="de">http://www.orpha.net/consor/cgi-bin/OC_Exp.php?lng=de&amp;Expert=280811</ExpertLink>
                        <Name lang="de">Lungensequestration, extralobäre kongenitale</Name>
                        <DisorderType id="21450">
                          <Name lang="de">Klinischer Subtyp</Name>
                        </DisorderType>
                      </Disorder>
                      <ClassificationNodeChildList count="0">
                      </ClassificationNodeChildList>
                    </ClassificationNode>
                    <ClassificationNode>
                      <Disorder id="20505">
                        <OrphaCode>280821</OrphaCode>
                        <ExpertLink lang="de">http://www.orpha.net/consor/cgi-bin/OC_Exp.php?lng=de&amp;Expert=280821</ExpertLink>
                        <Name lang="de">Kommunizierende kongenitale bronchopulmonale Missbildung des Vorderdarms</Name>
                        <DisorderType id="21450">
                          <Name lang="de">Klinischer Subtyp</Name>
                        </DisorderType>
                      </Disorder>
                      <ClassificationNodeChildList count="0">
                      </ClassificationNodeChildList>
                    </ClassificationNode>
                  </ClassificationNodeChildList>
                </ClassificationNode>
                <ClassificationNode>
                  <Disorder id="10960">
                    <OrphaCode>70589</OrphaCode>
                    <ExpertLink lang="de">http://www.orpha.net/consor/cgi-bin/OC_Exp.php?lng=de&amp;Expert=70589</ExpertLink>
                    <Name lang="de">Dysplasie, bronchopulmonale</Name>
                    <DisorderType id="21401">
                      <Name lang="de">Fehlbildungs-Syndrom</Name>
                    </DisorderType>
                  </Disorder>
                  <ClassificationNodeChildList count="0">
                  </ClassificationNodeChildList>
                </ClassificationNode>
                <ClassificationNode>
                  <Disorder id="12589">
                    <OrphaCode>95430</OrphaCode>
                    <ExpertLink lang="de">http://www.orpha.net/consor/cgi-bin/OC_Exp.php?lng=de&amp;Expert=95430</ExpertLink>
                    <Name lang="de">Tracheomalazie, kongenitale</Name>
                    <DisorderType id="21415">
                      <Name lang="de">Morphologische Anomalie</Name>
                    </DisorderType>
                  </Disorder>
                  <ClassificationNodeChildList count="0">
                  </ClassificationNodeChildList>
                </ClassificationNode>
                <ClassificationNode>
                  <Disorder id="23013">
                    <OrphaCode>411501</OrphaCode>
                    <ExpertLink lang="de">http://www.orpha.net/consor/cgi-bin/OC_Exp.php?lng=de&amp;Expert=411501</ExpertLink>
                    <Name lang="de">Williams-Campbell-Syndrom</Name>
                    <DisorderType id="21415">
                      <Name lang="de">Morphologische Anomalie</Name>
                    </DisorderType>
                  </Disorder>
                  <ClassificationNodeChildList count="0">
                  </ClassificationNodeChildList>
                </ClassificationNode>
                <ClassificationNode>
                  <Disorder id="32457">
                    <OrphaCode>700286</OrphaCode>
                    <ExpertLink lang="de">http://www.orpha.net/consor/cgi-bin/OC_Exp.php?lng=de&amp;Expert=700286</ExpertLink>
                    <Name lang="de">Syndrom des kongenitalen Verschlusses der oberen Atemwege</Name>
                    <DisorderType id="21422">
                      <Name lang="de">Klinisches Syndrom</Name>
                    </DisorderType>
                  </Disorder>
                  <ClassificationNodeChildList count="0">
                  </ClassificationNodeChildList>
                </ClassificationNode>
                <ClassificationNode>
                  <Disorder id="31859">
                    <OrphaCode>649014</OrphaCode>
                    <ExpertLink lang="de">http://www.orpha.net/consor/cgi-bin/OC_Exp.php?lng=de&amp;Expert=649014</ExpertLink>
                    <Name lang="de">Fehlbildung der Bronchien</Name>
                    <DisorderType id="21436">
                      <Name lang="de">Phenom-Gruppe</Name>
                    </DisorderType>
                  </Disorder>
                  <ClassificationNodeChildList count="4">
                    <ClassificationNode>
                      <Disorder id="31856">
                        <OrphaCode>648992</OrphaCode>
                        <ExpertLink lang="de">http://www.orpha.net/consor/cgi-bin/OC_Exp.php?lng=de&amp;Expert=648992</ExpertLink>
                        <Name lang="de">Bridging-Bronchus, nicht syndromaler</Name>
                        <DisorderType id="21415">
                          <Name lang="de">Morphologische Anomalie</Name>
                        </DisorderType>
                      </Disorder>
                      <ClassificationNodeChildList count="0">
                      </ClassificationNodeChildList>
                    </ClassificationNode>
                    <ClassificationNode>
                      <Disorder id="31858">
                        <OrphaCode>649010</OrphaCode>
                        <ExpertLink lang="de">http://www.orpha.net/consor/cgi-bin/OC_Exp.php?lng=de&amp;Expert=649010</ExpertLink>
                        <Name lang="de">Nicht-syndromale kongenitale Bronchialatresie</Name>
                        <DisorderType id="21415">
                          <Name lang="de">Morphologische Anomalie</Name>
                        </DisorderType>
                      </Disorder>
                      <ClassificationNodeChildList count="0">
                      </ClassificationNodeChildList>
                    </ClassificationNode>
                    <ClassificationNode>
                      <Disorder id="31861">
                        <OrphaCode>649029</OrphaCode>
                        <ExpertLink lang="de">http://www.orpha.net/consor/cgi-bin/OC_Exp.php?lng=de&amp;Expert=649029</ExpertLink>
                        <Name lang="de">Isolierte Linksisomerie des Bronchialbaums</Name>
                        <DisorderType id="21415">
                          <Name lang="de">Morphologische Anomalie</Name>
                        </DisorderType>
                      </Disorder>
                      <ClassificationNodeChildList count="0">
                      </ClassificationNodeChildList>
                    </ClassificationNode>
                    <ClassificationNode>
                      <Disorder id="797">
                        <OrphaCode>2357</OrphaCode>
                        <ExpertLink lang="de">http://www.orpha.net/consor/cgi-bin/OC_Exp.php?lng=de&amp;Expert=2357</ExpertLink>
                        <Name lang="de">Bronchogene Zyste</Name>
                        <DisorderType id="21415">
                          <Name lang="de">Morphologische Anomalie</Name>
                        </DisorderType>
                      </Disorder>
                      <ClassificationNodeChildList count="0">
                      </ClassificationNodeChildList>
                    </ClassificationNode>
                  </ClassificationNodeChildList>
                </ClassificationNode>
                <ClassificationNode>
                  <Disorder id="23661">
                    <OrphaCode>454750</OrphaCode>
                    <ExpertLink lang="de">http://www.orpha.net/consor/cgi-bin/OC_Exp.php?lng=de&amp;Expert=454750</ExpertLink>
                    <Name lang="de">Tracheoösophageale Fistel, isolierte</Name>
                    <DisorderType id="21415">
                      <Name lang="de">Morphologische Anomalie</Name>
                    </DisorderType>
                  </Disorder>
                  <ClassificationNodeChildList count="0">
                  </ClassificationNodeChildList>
                </ClassificationNode>
              </ClassificationNodeChildList>
            </ClassificationNode>
            <ClassificationNode>
              <Disorder id="15029">
                <OrphaCode>108995</OrphaCode>
                <ExpertLink lang="de">http://www.orpha.net/consor/cgi-bin/OC_Exp.php?lng=de&amp;Expert=108995</ExpertLink>
                <Name lang="de">Fehlbildung des respiratorischen Systems oder des Mediastinums, syndromale Formen</Name>
                <DisorderType id="36561">
                  <Name lang="de">Kategorie</Name>
                </DisorderType>
              </Disorder>
              <ClassificationNodeChildList count="8">
                <ClassificationNode>
                  <Disorder id="2283">
                    <OrphaCode>2470</OrphaCode>
                    <ExpertLink lang="de">http://www.orpha.net/consor/cgi-bin/OC_Exp.php?lng=de&amp;Expert=2470</ExpertLink>
                    <Name lang="de">Matthew-Wood-Syndrom</Name>
                    <DisorderType id="21401">
                      <Name lang="de">Fehlbildungs-Syndrom</Name>
                    </DisorderType>
                  </Disorder>
                  <ClassificationNodeChildList count="0">
                  </ClassificationNodeChildList>
                </ClassificationNode>
                <ClassificationNode>
                  <Disorder id="1310">
                    <OrphaCode>994</OrphaCode>
                    <ExpertLink lang="de">http://www.orpha.net/consor/cgi-bin/OC_Exp.php?lng=de&amp;Expert=994</ExpertLink>
                    <Name lang="de">Fetale Akinesie/Hypokinesie-Sequenz</Name>
                    <DisorderType id="21401">
                      <Name lang="de">Fehlbildungs-Syndrom</Name>
                    </DisorderType>
                  </Disorder>
                  <ClassificationNodeChildList count="0">
                  </ClassificationNodeChildList>
                </ClassificationNode>
                <ClassificationNode>
                  <Disorder id="1400">
                    <OrphaCode>1120</OrphaCode>
                    <ExpertLink lang="de">http://www.orpha.net/consor/cgi-bin/OC_Exp.php?lng=de&amp;Expert=1120</ExpertLink>
                    <Name lang="de">Lungenagenesie-Herzfehler-Daumenanomalien-Syndrom</Name>
                    <DisorderType id="21401">
                      <Name lang="de">Fehlbildungs-Syndrom</Name>
                    </DisorderType>
                  </Disorder>
                  <ClassificationNodeChildList count="0">
                  </ClassificationNodeChildList>
                </ClassificationNode>
                <ClassificationNode>
                  <Disorder id="3428">
                    <OrphaCode>1132</OrphaCode>
                    <ExpertLink lang="de">http://www.orpha.net/consor/cgi-bin/OC_Exp.php?lng=de&amp;Expert=1132</ExpertLink>
                    <Name lang="de">Aortenbogen-Defekte</Name>
                    <DisorderType id="36561">
                      <Name lang="de">Kategorie</Name>
                    </DisorderType>
                  </Disorder>
                  <ClassificationNodeChildList count="7">
                    <ClassificationNode>
                      <Disorder id="14092">
                        <OrphaCode>99075</OrphaCode>
                        <ExpertLink lang="de">http://www.orpha.net/consor/cgi-bin/OC_Exp.php?lng=de&amp;Expert=99075</ExpertLink>
                        <Name lang="de">Doppelter Aortenbogen mit zirkulärer Einengung von Trachea/Ösophagus</Name>
                        <DisorderType id="21415">
                          <Name lang="de">Morphologische Anomalie</Name>
                        </DisorderType>
                      </Disorder>
                      <ClassificationNodeChildList count="0">
                      </ClassificationNodeChildList>
                    </ClassificationNode>
                    <ClassificationNode>
                      <Disorder id="14093">
                        <OrphaCode>99076</OrphaCode>
                        <ExpertLink lang="de">http://www.orpha.net/consor/cgi-bin/OC_Exp.php?lng=de&amp;Expert=99076</ExpertLink>
                        <Name lang="de">Aortenbogen, fünfter persistierender</Name>
                        <DisorderType id="21415">
                          <Name lang="de">Morphologische Anomalie</Name>
                        </DisorderType>
                      </Disorder>
                      <ClassificationNodeChildList count="0">
                      </ClassificationNodeChildList>
                    </ClassificationNode>
                    <ClassificationNode>
                      <Disorder id="14094">
                        <OrphaCode>99077</OrphaCode>
                        <ExpertLink lang="de">http://www.orpha.net/consor/cgi-bin/OC_Exp.php?lng=de&amp;Expert=99077</ExpertLink>
                        <Name lang="de">Kommerell-Divertikel</Name>
                        <DisorderType id="21415">
                          <Name lang="de">Morphologische Anomalie</Name>
                        </DisorderType>
                      </Disorder>
                      <ClassificationNodeChildList count="0">
                      </ClassificationNodeChildList>
                    </ClassificationNode>
                    <ClassificationNode>
                      <Disorder id="14095">
                        <OrphaCode>99078</OrphaCode>
                        <ExpertLink lang="de">http://www.orpha.net/consor/cgi-bin/OC_Exp.php?lng=de&amp;Expert=99078</ExpertLink>
                        <Name lang="de">Neuhauser-Anomalie</Name>
                        <DisorderType id="21415">
                          <Name lang="de">Morphologische Anomalie</Name>
                        </DisorderType>
                      </Disorder>
                      <ClassificationNodeChildList count="0">
                      </ClassificationNodeChildList>
                    </ClassificationNode>
                    <ClassificationNode>
                      <Disorder id="14096">
                        <OrphaCode>99079</OrphaCode>
                        <ExpertLink lang="de">http://www.orpha.net/consor/cgi-bin/OC_Exp.php?lng=de&amp;Expert=99079</ExpertLink>
                        <Name lang="de">Aortenbogen, zervikaler</Name>
                        <DisorderType id="21415">
                          <Name lang="de">Morphologische Anomalie</Name>
                        </DisorderType>
                      </Disorder>
                      <ClassificationNodeChildList count="0">
                      </ClassificationNodeChildList>
                    </ClassificationNode>
                    <ClassificationNode>
                      <Disorder id="14098">
                        <OrphaCode>99081</OrphaCode>
                        <ExpertLink lang="de">http://www.orpha.net/consor/cgi-bin/OC_Exp.php?lng=de&amp;Expert=99081</ExpertLink>
                        <Name lang="de">Aortenbogen, rechter</Name>
                        <DisorderType id="21415">
                          <Name lang="de">Morphologische Anomalie</Name>
                        </DisorderType>
                      </Disorder>
                      <ClassificationNodeChildList count="0">
                      </ClassificationNodeChildList>
                    </ClassificationNode>
                    <ClassificationNode>
                      <Disorder id="14099">
                        <OrphaCode>99082</OrphaCode>
                        <ExpertLink lang="de">http://www.orpha.net/consor/cgi-bin/OC_Exp.php?lng=de&amp;Expert=99082</ExpertLink>
                        <Name lang="de">Dysphagia lusoria</Name>
                        <DisorderType id="21415">
                          <Name lang="de">Morphologische Anomalie</Name>
                        </DisorderType>
                      </Disorder>
                      <ClassificationNodeChildList count="0">
                      </ClassificationNodeChildList>
                    </ClassificationNode>
                  </ClassificationNodeChildList>
                </ClassificationNode>
                <ClassificationNode>
                  <Disorder id="2729">
                    <OrphaCode>3035</OrphaCode>
                    <ExpertLink lang="de">http://www.orpha.net/consor/cgi-bin/OC_Exp.php?lng=de&amp;Expert=3035</ExpertLink>
                    <Name lang="de">Wachstumsretardierung-Hydrozephalus-Lungenhypoplasie-Syndrom</Name>
                    <DisorderType id="21401">
                      <Name lang="de">Fehlbildungs-Syndrom</Name>
                    </DisorderType>
                  </Disorder>
                  <ClassificationNodeChildList count="0">
                  </ClassificationNodeChildList>
                </ClassificationNode>
                <ClassificationNode>
                  <Disorder id="2233">
                    <OrphaCode>2407</OrphaCode>
                    <ExpertLink lang="de">http://www.orpha.net/consor/cgi-bin/OC_Exp.php?lng=de&amp;Expert=2407</ExpertLink>
                    <Name lang="de">Laryngo-onycho-kutanes Syndrom</Name>
                    <DisorderType id="21394">
                      <Name lang="de">Krankheit</Name>
                    </DisorderType>
                  </Disorder>
                  <ClassificationNodeChildList count="0">
                  </ClassificationNodeChildList>
                </ClassificationNode>
                <ClassificationNode>
                  <Disorder id="3423">
                    <OrphaCode>2745</OrphaCode>
                    <ExpertLink lang="de">http://www.orpha.net/consor/cgi-bin/OC_Exp.php?lng=de&amp;Expert=2745</ExpertLink>
                    <Name lang="de">Opitz G/BBB-Syndrom</Name>
                    <DisorderType id="21401">
                      <Name lang="de">Fehlbildungs-Syndrom</Name>
                    </DisorderType>
                  </Disorder>
                  <ClassificationNodeChildList count="0">
                  </ClassificationNodeChildList>
                </ClassificationNode>
                <ClassificationNode>
                  <Disorder id="1660">
                    <OrphaCode>1486</OrphaCode>
                    <ExpertLink lang="de">http://www.orpha.net/consor/cgi-bin/OC_Exp.php?lng=de&amp;Expert=1486</ExpertLink>
                    <Name lang="de">Syndrom der kongenitalen letalen Kontrakturen Typ 1</Name>
                    <DisorderType id="21401">
                      <Name lang="de">Fehlbildungs-Syndrom</Name>
                    </DisorderType>
                  </Disorder>
                  <ClassificationNodeChildList count="0">
                  </ClassificationNodeChildList>
                </ClassificationNode>
              </ClassificationNodeChildList>
            </ClassificationNode>
            <ClassificationNode>
              <Disorder id="18157">
                <OrphaCode>180776</OrphaCode>
                <ExpertLink lang="de">http://www.orpha.net/consor/cgi-bin/OC_Exp.php?lng=de&amp;Expert=180776</ExpertLink>
                <Name lang="de">Zwerchfell- oder Thorax-Fehlbildung, nicht-syndromale</Name>
                <DisorderType id="36561">
                  <Name lang="de">Kategorie</Name>
                </DisorderType>
              </Disorder>
              <ClassificationNodeChildList count="2">
                <ClassificationNode>
                  <Disorder id="506">
                    <OrphaCode>2140</OrphaCode>
                    <ExpertLink lang="de">http://www.orpha.net/consor/cgi-bin/OC_Exp.php?lng=de&amp;Expert=2140</ExpertLink>
                    <Name lang="de">Zwerchfellhernie, kongenitale</Name>
                    <DisorderType id="21415">
                      <Name lang="de">Morphologische Anomalie</Name>
                    </DisorderType>
                  </Disorder>
                  <ClassificationNodeChildList count="0">
                  </ClassificationNodeChildList>
                </ClassificationNode>
                <ClassificationNode>
                  <Disorder id="1951">
                    <OrphaCode>2017</OrphaCode>
                    <ExpertLink lang="de">http://www.orpha.net/consor/cgi-bin/OC_Exp.php?lng=de&amp;Expert=2017</ExpertLink>
                    <Name lang="de">Sternum-Spalte</Name>
                    <DisorderType id="21415">
                      <Name lang="de">Morphologische Anomalie</Name>
                    </DisorderType>
                  </Disorder>
                  <ClassificationNodeChildList count="0">
                  </ClassificationNodeChildList>
                </ClassificationNode>
              </ClassificationNodeChildList>
            </ClassificationNode>
            <ClassificationNode>
              <Disorder id="18158">
                <OrphaCode>180779</OrphaCode>
                <ExpertLink lang="de">http://www.orpha.net/consor/cgi-bin/OC_Exp.php?lng=de&amp;Expert=180779</ExpertLink>
                <Name lang="de">Zwerchfell- oder Thorax-Fehlbildung, syndromale</Name>
                <DisorderType id="36561">
                  <Name lang="de">Kategorie</Name>
                </DisorderType>
              </Disorder>
              <ClassificationNodeChildList count="17">
                <ClassificationNode>
                  <Disorder id="25843">
                    <OrphaCode>496693</OrphaCode>
                    <ExpertLink lang="de">http://www.orpha.net/consor/cgi-bin/OC_Exp.php?lng=de&amp;Expert=496693</ExpertLink>
                    <Name lang="de">Omphalozele-Diaphragmahernie-kardiovaskuläre Anomalien-Radialstrahlendefekt-Syndrom</Name>
                    <DisorderType id="21401">
                      <Name lang="de">Fehlbildungs-Syndrom</Name>
                    </DisorderType>
                  </Disorder>
                  <ClassificationNodeChildList count="0">
                  </ClassificationNodeChildList>
                </ClassificationNode>
                <ClassificationNode>
                  <Disorder id="25213">
                    <OrphaCode>480528</OrphaCode>
                    <ExpertLink lang="de">http://www.orpha.net/consor/cgi-bin/OC_Exp.php?lng=de&amp;Expert=480528</ExpertLink>
                    <Name lang="de">Letale Hydranenzephalie-Zwerchfellhernie-Syndrom</Name>
                    <DisorderType id="21401">
                      <Name lang="de">Fehlbildungs-Syndrom</Name>
                    </DisorderType>
                  </Disorder>
                  <ClassificationNodeChildList count="0">
                  </ClassificationNodeChildList>
                </ClassificationNode>
                <ClassificationNode>
                  <Disorder id="147">
                    <OrphaCode>280</OrphaCode>
                    <ExpertLink lang="de">http://www.orpha.net/consor/cgi-bin/OC_Exp.php?lng=de&amp;Expert=280</ExpertLink>
                    <Name lang="de">Wolf-Hirschhorn-Syndrom</Name>
                    <DisorderType id="21401">
                      <Name lang="de">Fehlbildungs-Syndrom</Name>
                    </DisorderType>
                  </Disorder>
                  <ClassificationNodeChildList count="0">
                  </ClassificationNodeChildList>
                </ClassificationNode>
                <ClassificationNode>
                  <Disorder id="299">
                    <OrphaCode>199</OrphaCode>
                    <ExpertLink lang="de">http://www.orpha.net/consor/cgi-bin/OC_Exp.php?lng=de&amp;Expert=199</ExpertLink>
                    <Name lang="de">Cornelia de Lange-Syndrom</Name>
                    <DisorderType id="21401">
                      <Name lang="de">Fehlbildungs-Syndrom</Name>
                    </DisorderType>
                  </Disorder>
                  <ClassificationNodeChildList count="0">
                  </ClassificationNodeChildList>
                </ClassificationNode>
                <ClassificationNode>
                  <Disorder id="557">
                    <OrphaCode>884</OrphaCode>
                    <ExpertLink lang="de">http://www.orpha.net/consor/cgi-bin/OC_Exp.php?lng=de&amp;Expert=884</ExpertLink>
                    <Name lang="de">Pallister-Killian-Syndrom</Name>
                    <DisorderType id="21401">
                      <Name lang="de">Fehlbildungs-Syndrom</Name>
                    </DisorderType>
                  </Disorder>
                  <ClassificationNodeChildList count="0">
                  </ClassificationNodeChildList>
                </ClassificationNode>
                <ClassificationNode>
                  <Disorder id="612">
                    <OrphaCode>287</OrphaCode>
                    <ExpertLink lang="de">http://www.orpha.net/consor/cgi-bin/OC_Exp.php?lng=de&amp;Expert=287</ExpertLink>
                    <Name lang="de">Ehlers-Danlos-Syndrom, klassischer Typ</Name>
                    <DisorderType id="21394">
                      <Name lang="de">Krankheit</Name>
                    </DisorderType>
                  </Disorder>
                  <ClassificationNodeChildList count="0">
                  </ClassificationNodeChildList>
                </ClassificationNode>
                <ClassificationNode>
                  <Disorder id="912">
                    <OrphaCode>373</OrphaCode>
                    <ExpertLink lang="de">http://www.orpha.net/consor/cgi-bin/OC_Exp.php?lng=de&amp;Expert=373</ExpertLink>
                    <Name lang="de">Simpson-Golabi-Behmel-Syndrom</Name>
                    <DisorderType id="21401">
                      <Name lang="de">Fehlbildungs-Syndrom</Name>
                    </DisorderType>
                  </Disorder>
                  <ClassificationNodeChildList count="0">
                  </ClassificationNodeChildList>
                </ClassificationNode>
                <ClassificationNode>
                  <Disorder id="1306">
                    <OrphaCode>991</OrphaCode>
                    <ExpertLink lang="de">http://www.orpha.net/consor/cgi-bin/OC_Exp.php?lng=de&amp;Expert=991</ExpertLink>
                    <Name lang="de">PAGOD-Syndrom</Name>
                    <DisorderType id="21401">
                      <Name lang="de">Fehlbildungs-Syndrom</Name>
                    </DisorderType>
                  </Disorder>
                  <ClassificationNodeChildList count="0">
                  </ClassificationNodeChildList>
                </ClassificationNode>
                <ClassificationNode>
                  <Disorder id="1554">
                    <OrphaCode>1335</OrphaCode>
                    <ExpertLink lang="de">http://www.orpha.net/consor/cgi-bin/OC_Exp.php?lng=de&amp;Expert=1335</ExpertLink>
                    <Name lang="de">Cantrell-Pentalogie</Name>
                    <DisorderType id="21401">
                      <Name lang="de">Fehlbildungs-Syndrom</Name>
                    </DisorderType>
                  </Disorder>
                  <ClassificationNodeChildList count="0">
                  </ClassificationNodeChildList>
                </ClassificationNode>
                <ClassificationNode>
                  <Disorder id="2040">
                    <OrphaCode>2141</OrphaCode>
                    <ExpertLink lang="de">http://www.orpha.net/consor/cgi-bin/OC_Exp.php?lng=de&amp;Expert=2141</ExpertLink>
                    <Name lang="de">Zwerchfelldefekt-Extremitätenfehlbildung-Schädelanomalie-Syndrom</Name>
                    <DisorderType id="21401">
                      <Name lang="de">Fehlbildungs-Syndrom</Name>
                    </DisorderType>
                  </Disorder>
                  <ClassificationNodeChildList count="0">
                  </ClassificationNodeChildList>
                </ClassificationNode>
                <ClassificationNode>
                  <Disorder id="2043">
                    <OrphaCode>2143</OrphaCode>
                    <ExpertLink lang="de">http://www.orpha.net/consor/cgi-bin/OC_Exp.php?lng=de&amp;Expert=2143</ExpertLink>
                    <Name lang="de">Donnai-Barrow-Syndrom</Name>
                    <DisorderType id="21401">
                      <Name lang="de">Fehlbildungs-Syndrom</Name>
                    </DisorderType>
                  </Disorder>
                  <ClassificationNodeChildList count="0">
                  </ClassificationNodeChildList>
                </ClassificationNode>
                <ClassificationNode>
                  <Disorder id="2177">
                    <OrphaCode>2322</OrphaCode>
                    <ExpertLink lang="de">http://www.orpha.net/consor/cgi-bin/OC_Exp.php?lng=de&amp;Expert=2322</ExpertLink>
                    <Name lang="de">Kabuki-Syndrom</Name>
                    <DisorderType id="21401">
                      <Name lang="de">Fehlbildungs-Syndrom</Name>
                    </DisorderType>
                  </Disorder>
                  <ClassificationNodeChildList count="0">
                  </ClassificationNodeChildList>
                </ClassificationNode>
                <ClassificationNode>
                  <Disorder id="2283">
                    <OrphaCode>2470</OrphaCode>
                    <ExpertLink lang="de">http://www.orpha.net/consor/cgi-bin/OC_Exp.php?lng=de&amp;Expert=2470</ExpertLink>
                    <Name lang="de">Matthew-Wood-Syndrom</Name>
                    <DisorderType id="21401">
                      <Name lang="de">Fehlbildungs-Syndrom</Name>
                    </DisorderType>
                  </Disorder>
                  <ClassificationNodeChildList count="0">
                  </ClassificationNodeChildList>
                </ClassificationNode>
                <ClassificationNode>
                  <Disorder id="3569">
                    <OrphaCode>209</OrphaCode>
                    <ExpertLink lang="de">http://www.orpha.net/consor/cgi-bin/OC_Exp.php?lng=de&amp;Expert=209</ExpertLink>
                    <Name lang="de">Cutis laxa</Name>
                    <DisorderType id="21436">
                      <Name lang="de">Phenom-Gruppe</Name>
                    </DisorderType>
                  </Disorder>
                  <ClassificationNodeChildList count="12">
                    <ClassificationNode>
                      <Disorder id="1993">
                        <OrphaCode>2078</OrphaCode>
                        <ExpertLink lang="de">http://www.orpha.net/consor/cgi-bin/OC_Exp.php?lng=de&amp;Expert=2078</ExpertLink>
                        <Name lang="de">Geroderma osteodysplastica</Name>
                        <DisorderType id="21401">
                          <Name lang="de">Fehlbildungs-Syndrom</Name>
                        </DisorderType>
                      </Disorder>
                      <ClassificationNodeChildList count="0">
                      </ClassificationNodeChildList>
                    </ClassificationNode>
                    <ClassificationNode>
                      <Disorder id="2673">
                        <OrphaCode>2962</OrphaCode>
                        <ExpertLink lang="de">http://www.orpha.net/consor/cgi-bin/OC_Exp.php?lng=de&amp;Expert=2962</ExpertLink>
                        <Name lang="de">De Barsy-Syndrom</Name>
                        <DisorderType id="21394">
                          <Name lang="de">Krankheit</Name>
                        </DisorderType>
                      </Disorder>
                      <ClassificationNodeChildList count="2">
                        <ClassificationNode>
                          <Disorder id="10381">
                            <OrphaCode>35664</OrphaCode>
                            <ExpertLink lang="de">http://www.orpha.net/consor/cgi-bin/OC_Exp.php?lng=de&amp;Expert=35664</ExpertLink>
                            <Name lang="de">DeBarsy-Syndrom, ALDH18A1-abhängiges</Name>
                            <DisorderType id="21443">
                              <Name lang="de">Ätiologischer Subtyp</Name>
                            </DisorderType>
                          </Disorder>
                          <ClassificationNodeChildList count="0">
                          </ClassificationNodeChildList>
                        </ClassificationNode>
                        <ClassificationNode>
                          <Disorder id="20864">
                            <OrphaCode>293633</OrphaCode>
                            <ExpertLink lang="de">http://www.orpha.net/consor/cgi-bin/OC_Exp.php?lng=de&amp;Expert=293633</ExpertLink>
                            <Name lang="de">PYCR1-assoziiertes De Barsy-Syndrom</Name>
                            <DisorderType id="21443">
                              <Name lang="de">Ätiologischer Subtyp</Name>
                            </DisorderType>
                          </Disorder>
                          <ClassificationNodeChildList count="0">
                          </ClassificationNodeChildList>
                        </ClassificationNode>
                      </ClassificationNodeChildList>
                    </ClassificationNode>
                    <ClassificationNode>
                      <Disorder id="2805">
                        <OrphaCode>3134</OrphaCode>
                        <ExpertLink lang="de">http://www.orpha.net/consor/cgi-bin/OC_Exp.php?lng=de&amp;Expert=3134</ExpertLink>
                        <Name lang="de">SCARF-Syndrom</Name>
                        <DisorderType id="21401">
                          <Name lang="de">Fehlbildungs-Syndrom</Name>
                        </DisorderType>
                      </Disorder>
                      <ClassificationNodeChildList count="0">
                      </ClassificationNodeChildList>
                    </ClassificationNode>
                    <ClassificationNode>
                      <Disorder id="2965">
                        <OrphaCode>3342</OrphaCode>
                        <ExpertLink lang="de">http://www.orpha.net/consor/cgi-bin/OC_Exp.php?lng=de&amp;Expert=3342</ExpertLink>
                        <Name lang="de">Arterial-Tortuosity-Syndrom</Name>
                        <DisorderType id="21401">
                          <Name lang="de">Fehlbildungs-Syndrom</Name>
                        </DisorderType>
                      </Disorder>
                      <ClassificationNodeChildList count="0">
                      </ClassificationNodeChildList>
                    </ClassificationNode>
                    <ClassificationNode>
                      <Disorder id="7035">
                        <OrphaCode>198</OrphaCode>
                        <ExpertLink lang="de">http://www.orpha.net/consor/cgi-bin/OC_Exp.php?lng=de&amp;Expert=198</ExpertLink>
                        <Name lang="de">Okzipitalhorn-Syndrom</Name>
                        <DisorderType id="21394">
                          <Name lang="de">Krankheit</Name>
                        </DisorderType>
                      </Disorder>
                      <ClassificationNodeChildList count="0">
                      </ClassificationNodeChildList>
                    </ClassificationNode>
                    <ClassificationNode>
                      <Disorder id="12024">
                        <OrphaCode>90348</OrphaCode>
                        <ExpertLink lang="de">http://www.orpha.net/consor/cgi-bin/OC_Exp.php?lng=de&amp;Expert=90348</ExpertLink>
                        <Name lang="de">Cutis laxa, autosomal-dominante</Name>
                        <DisorderType id="21394">
                          <Name lang="de">Krankheit</Name>
                        </DisorderType>
                      </Disorder>
                      <ClassificationNodeChildList count="0">
                      </ClassificationNodeChildList>
                    </ClassificationNode>
                    <ClassificationNode>
                      <Disorder id="12025">
                        <OrphaCode>90349</OrphaCode>
                        <ExpertLink lang="de">http://www.orpha.net/consor/cgi-bin/OC_Exp.php?lng=de&amp;Expert=90349</ExpertLink>
                        <Name lang="de">Cutis laxa, autosomal-rezessive, Typ 1</Name>
                        <DisorderType id="21394">
                          <Name lang="de">Krankheit</Name>
                        </DisorderType>
                      </Disorder>
                      <ClassificationNodeChildList count="0">
                      </ClassificationNodeChildList>
                    </ClassificationNode>
                    <ClassificationNode>
                      <Disorder id="12026">
                        <OrphaCode>90350</OrphaCode>
                        <ExpertLink lang="de">http://www.orpha.net/consor/cgi-bin/OC_Exp.php?lng=de&amp;Expert=90350</ExpertLink>
                        <Name lang="de">Cutis laxa, autosomal-rezessive, Typ 2</Name>
                        <DisorderType id="21436">
                          <Name lang="de">Phenom-Gruppe</Name>
                        </DisorderType>
                      </Disorder>
                      <ClassificationNodeChildList count="2">
                        <ClassificationNode>
                          <Disorder id="22201">
                            <OrphaCode>357058</OrphaCode>
                            <ExpertLink lang="de">http://www.orpha.net/consor/cgi-bin/OC_Exp.php?lng=de&amp;Expert=357058</ExpertLink>
                            <Name lang="de">Cutis laxa, autosomal-rezessive, Typ 2A</Name>
                            <DisorderType id="21394">
                              <Name lang="de">Krankheit</Name>
                            </DisorderType>
                          </Disorder>
                          <ClassificationNodeChildList count="2">
                            <ClassificationNode>
                              <Disorder id="2571">
                                <OrphaCode>2834</OrphaCode>
                                <ExpertLink lang="de">http://www.orpha.net/consor/cgi-bin/OC_Exp.php?lng=de&amp;Expert=2834</ExpertLink>
                                <Name lang="de">Wrinkly-Skin-Syndrom</Name>
                                <DisorderType id="21450">
                                  <Name lang="de">Klinischer Subtyp</Name>
                                </DisorderType>
                              </Disorder>
                              <ClassificationNodeChildList count="0">
                              </ClassificationNodeChildList>
                            </ClassificationNode>
                            <ClassificationNode>
                              <Disorder id="22203">
                                <OrphaCode>357074</OrphaCode>
                                <ExpertLink lang="de">http://www.orpha.net/consor/cgi-bin/OC_Exp.php?lng=de&amp;Expert=357074</ExpertLink>
                                <Name lang="de">Cutis laxa, autosomal-rezessive, Typ 2, klassische</Name>
                                <DisorderType id="21450">
                                  <Name lang="de">Klinischer Subtyp</Name>
                                </DisorderType>
                              </Disorder>
                              <ClassificationNodeChildList count="0">
                              </ClassificationNodeChildList>
                            </ClassificationNode>
                          </ClassificationNodeChildList>
                        </ClassificationNode>
                        <ClassificationNode>
                          <Disorder id="22202">
                            <OrphaCode>357064</OrphaCode>
                            <ExpertLink lang="de">http://www.orpha.net/consor/cgi-bin/OC_Exp.php?lng=de&amp;Expert=357064</ExpertLink>
                            <Name lang="de">Cutis laxa, autosomal-rezessive, Typ 2B</Name>
                            <DisorderType id="21394">
                              <Name lang="de">Krankheit</Name>
                            </DisorderType>
                          </Disorder>
                          <ClassificationNodeChildList count="0">
                          </ClassificationNodeChildList>
                        </ClassificationNode>
                      </ClassificationNodeChildList>
                    </ClassificationNode>
                    <ClassificationNode>
                      <Disorder id="18846">
                        <OrphaCode>217335</OrphaCode>
                        <ExpertLink lang="de">http://www.orpha.net/consor/cgi-bin/OC_Exp.php?lng=de&amp;Expert=217335</ExpertLink>
                        <Name lang="de">RIN2-Syndrom</Name>
                        <DisorderType id="21401">
                          <Name lang="de">Fehlbildungs-Syndrom</Name>
                        </DisorderType>
                      </Disorder>
                      <ClassificationNodeChildList count="0">
                      </ClassificationNodeChildList>
                    </ClassificationNode>
                    <ClassificationNode>
                      <Disorder id="18949">
                        <OrphaCode>221145</OrphaCode>
                        <ExpertLink lang="de">http://www.orpha.net/consor/cgi-bin/OC_Exp.php?lng=de&amp;Expert=221145</ExpertLink>
                        <Name lang="de">Cutis laxa mit schweren Lungen-, Magen-, Darm- und Harnwegs-Anomalien</Name>
                        <DisorderType id="21401">
                          <Name lang="de">Fehlbildungs-Syndrom</Name>
                        </DisorderType>
                      </Disorder>
                      <ClassificationNodeChildList count="0">
                      </ClassificationNodeChildList>
                    </ClassificationNode>
                    <ClassificationNode>
                      <Disorder id="21520">
                        <OrphaCode>314718</OrphaCode>
                        <ExpertLink lang="de">http://www.orpha.net/consor/cgi-bin/OC_Exp.php?lng=de&amp;Expert=314718</ExpertLink>
                        <Name lang="de">Letales Arteriopathie-Syndrom durch Fibulin-4-Mangel</Name>
                        <DisorderType id="21394">
                          <Name lang="de">Krankheit</Name>
                        </DisorderType>
                      </Disorder>
                      <ClassificationNodeChildList count="0">
                      </ClassificationNodeChildList>
                    </ClassificationNode>
                    <ClassificationNode>
                      <Disorder id="22342">
                        <OrphaCode>363705</OrphaCode>
                        <ExpertLink lang="de">http://www.orpha.net/consor/cgi-bin/OC_Exp.php?lng=de&amp;Expert=363705</ExpertLink>
                        <Name lang="de">Kranio-fazio-fronto-digitales Syndrom</Name>
                        <DisorderType id="21394">
                          <Name lang="de">Krankheit</Name>
                        </DisorderType>
                      </Disorder>
                      <ClassificationNodeChildList count="0">
                      </ClassificationNodeChildList>
                    </ClassificationNode>
                  </ClassificationNodeChildList>
                </ClassificationNode>
                <ClassificationNode>
                  <Disorder id="12794">
                    <OrphaCode>96170</OrphaCode>
                    <ExpertLink lang="de">http://www.orpha.net/consor/cgi-bin/OC_Exp.php?lng=de&amp;Expert=96170</ExpertLink>
                    <Name lang="de">Emanuel-Syndrom</Name>
                    <DisorderType id="21401">
                      <Name lang="de">Fehlbildungs-Syndrom</Name>
                    </DisorderType>
                  </Disorder>
                  <ClassificationNodeChildList count="0">
                  </ClassificationNodeChildList>
                </ClassificationNode>
                <ClassificationNode>
                  <Disorder id="19142">
                    <OrphaCode>230839</OrphaCode>
                    <ExpertLink lang="de">http://www.orpha.net/consor/cgi-bin/OC_Exp.php?lng=de&amp;Expert=230839</ExpertLink>
                    <Name lang="de">Ehlers-Danlos-Syndrom, klassisch-ähnlicher Typ 1</Name>
                    <DisorderType id="21394">
                      <Name lang="de">Krankheit</Name>
                    </DisorderType>
                  </Disorder>
                  <ClassificationNodeChildList count="0">
                  </ClassificationNodeChildList>
                </ClassificationNode>
                <ClassificationNode>
                  <Disorder id="27458">
                    <OrphaCode>527468</OrphaCode>
                    <ExpertLink lang="de">http://www.orpha.net/consor/cgi-bin/OC_Exp.php?lng=de&amp;Expert=527468</ExpertLink>
                    <Name lang="de">Zwerchfellhernie-Kurzdarm-Asplenie-Syndrom</Name>
                    <DisorderType id="21401">
                      <Name lang="de">Fehlbildungs-Syndrom</Name>
                    </DisorderType>
                  </Disorder>
                  <ClassificationNodeChildList count="0">
                  </ClassificationNodeChildList>
                </ClassificationNode>
              </ClassificationNodeChildList>
            </ClassificationNode>
            <ClassificationNode>
              <Disorder id="20633">
                <OrphaCode>285014</OrphaCode>
                <ExpertLink lang="de">http://www.orpha.net/consor/cgi-bin/OC_Exp.php?lng=de&amp;Expert=285014</ExpertLink>
                <Name lang="de">Seltene Krankheit mit thorakalem Aortenaneurysma und Aortendissektion</Name>
                <DisorderType id="36561">
                  <Name lang="de">Kategorie</Name>
                </DisorderType>
              </Disorder>
              <ClassificationNodeChildList count="11">
                <ClassificationNode>
                  <Disorder id="31460">
                    <OrphaCode>622925</OrphaCode>
                    <ExpertLink lang="de">http://www.orpha.net/consor/cgi-bin/OC_Exp.php?lng=de&amp;Expert=622925</ExpertLink>
                    <Name lang="de">X-chromosomales schweres thorakales Aortenaneurysma mit Dissektion</Name>
                    <DisorderType id="21401">
                      <Name lang="de">Fehlbildungs-Syndrom</Name>
                    </DisorderType>
                  </Disorder>
                  <ClassificationNodeChildList count="0">
                  </ClassificationNodeChildList>
                </ClassificationNode>
                <ClassificationNode>
                  <Disorder id="109">
                    <OrphaCode>558</OrphaCode>
                    <ExpertLink lang="de">http://www.orpha.net/consor/cgi-bin/OC_Exp.php?lng=de&amp;Expert=558</ExpertLink>
                    <Name lang="de">Marfan-Syndrom</Name>
                    <DisorderType id="21394">
                      <Name lang="de">Krankheit</Name>
                    </DisorderType>
                  </Disorder>
                  <ClassificationNodeChildList count="2">
                    <ClassificationNode>
                      <Disorder id="20628">
                        <OrphaCode>284963</OrphaCode>
                        <ExpertLink lang="de">http://www.orpha.net/consor/cgi-bin/OC_Exp.php?lng=de&amp;Expert=284963</ExpertLink>
                        <Name lang="de">Marfan-Syndrom Typ 1</Name>
                        <DisorderType id="21450">
                          <Name lang="de">Klinischer Subtyp</Name>
                        </DisorderType>
                      </Disorder>
                      <ClassificationNodeChildList count="0">
                      </ClassificationNodeChildList>
                    </ClassificationNode>
                    <ClassificationNode>
                      <Disorder id="20629">
                        <OrphaCode>284973</OrphaCode>
                        <ExpertLink lang="de">http://www.orpha.net/consor/cgi-bin/OC_Exp.php?lng=de&amp;Expert=284973</ExpertLink>
                        <Name lang="de">Marfan-Syndrom Typ 2</Name>
                        <DisorderType id="21450">
                          <Name lang="de">Klinischer Subtyp</Name>
                        </DisorderType>
                      </Disorder>
                      <ClassificationNodeChildList count="0">
                      </ClassificationNodeChildList>
                    </ClassificationNode>
                  </ClassificationNodeChildList>
                </ClassificationNode>
                <ClassificationNode>
                  <Disorder id="2965">
                    <OrphaCode>3342</OrphaCode>
                    <ExpertLink lang="de">http://www.orpha.net/consor/cgi-bin/OC_Exp.php?lng=de&amp;Expert=3342</ExpertLink>
                    <Name lang="de">Arterial-Tortuosity-Syndrom</Name>
                    <DisorderType id="21401">
                      <Name lang="de">Fehlbildungs-Syndrom</Name>
                    </DisorderType>
                  </Disorder>
                  <ClassificationNodeChildList count="0">
                  </ClassificationNodeChildList>
                </ClassificationNode>
                <ClassificationNode>
                  <Disorder id="4042">
                    <OrphaCode>286</OrphaCode>
                    <ExpertLink lang="de">http://www.orpha.net/consor/cgi-bin/OC_Exp.php?lng=de&amp;Expert=286</ExpertLink>
                    <Name lang="de">Ehlers-Danlos-Syndrom, vaskulärer Typ</Name>
                    <DisorderType id="21394">
                      <Name lang="de">Krankheit</Name>
                    </DisorderType>
                  </Disorder>
                  <ClassificationNodeChildList count="0">
                  </ClassificationNodeChildList>
                </ClassificationNode>
                <ClassificationNode>
                  <Disorder id="10799">
                    <OrphaCode>60030</OrphaCode>
                    <ExpertLink lang="de">http://www.orpha.net/consor/cgi-bin/OC_Exp.php?lng=de&amp;Expert=60030</ExpertLink>
                    <Name lang="de">Loeys-Dietz-Syndrom</Name>
                    <DisorderType id="21401">
                      <Name lang="de">Fehlbildungs-Syndrom</Name>
                    </DisorderType>
                  </Disorder>
                  <ClassificationNodeChildList count="0">
                  </ClassificationNodeChildList>
                </ClassificationNode>
                <ClassificationNode>
                  <Disorder id="12138">
                    <OrphaCode>91387</OrphaCode>
                    <ExpertLink lang="de">http://www.orpha.net/consor/cgi-bin/OC_Exp.php?lng=de&amp;Expert=91387</ExpertLink>
                    <Name lang="de">Familiäres thorakales Aortenaneurysma und Aortendissektion</Name>
                    <DisorderType id="21394">
                      <Name lang="de">Krankheit</Name>
                    </DisorderType>
                  </Disorder>
                  <ClassificationNodeChildList count="0">
                  </ClassificationNodeChildList>
                </ClassificationNode>
                <ClassificationNode>
                  <Disorder id="20630">
                    <OrphaCode>284979</OrphaCode>
                    <ExpertLink lang="de">http://www.orpha.net/consor/cgi-bin/OC_Exp.php?lng=de&amp;Expert=284979</ExpertLink>
                    <Name lang="de">Marfan-Syndrom, neonatales</Name>
                    <DisorderType id="21394">
                      <Name lang="de">Krankheit</Name>
                    </DisorderType>
                  </Disorder>
                  <ClassificationNodeChildList count="0">
                  </ClassificationNodeChildList>
                </ClassificationNode>
                <ClassificationNode>
                  <Disorder id="20631">
                    <OrphaCode>284984</OrphaCode>
                    <ExpertLink lang="de">http://www.orpha.net/consor/cgi-bin/OC_Exp.php?lng=de&amp;Expert=284984</ExpertLink>
                    <Name lang="de">Aneurysma-Osteoarthritis-Syndrom</Name>
                    <DisorderType id="21394">
                      <Name lang="de">Krankheit</Name>
                    </DisorderType>
                  </Disorder>
                  <ClassificationNodeChildList count="0">
                  </ClassificationNodeChildList>
                </ClassificationNode>
                <ClassificationNode>
                  <Disorder id="22877">
                    <OrphaCode>402075</OrphaCode>
                    <ExpertLink lang="de">http://www.orpha.net/consor/cgi-bin/OC_Exp.php?lng=de&amp;Expert=402075</ExpertLink>
                    <Name lang="de">Bikuspide Aortenklappe, familiäre Form</Name>
                    <DisorderType id="21415">
                      <Name lang="de">Morphologische Anomalie</Name>
                    </DisorderType>
                  </Disorder>
                  <ClassificationNodeChildList count="0">
                  </ClassificationNodeChildList>
                </ClassificationNode>
                <ClassificationNode>
                  <Disorder id="3258">
                    <OrphaCode>229</OrphaCode>
                    <ExpertLink lang="de">http://www.orpha.net/consor/cgi-bin/OC_Exp.php?lng=de&amp;Expert=229</ExpertLink>
                    <Name lang="de">Aortendissektion, familiäre</Name>
                    <DisorderType id="21394">
                      <Name lang="de">Krankheit</Name>
                    </DisorderType>
                  </Disorder>
                  <ClassificationNodeChildList count="0">
                  </ClassificationNodeChildList>
                </ClassificationNode>
                <ClassificationNode>
                  <Disorder id="22924">
                    <OrphaCode>404463</OrphaCode>
                    <ExpertLink lang="de">http://www.orpha.net/consor/cgi-bin/OC_Exp.php?lng=de&amp;Expert=404463</ExpertLink>
                    <Name lang="de">Multisystemische Dysfunktion der glatten Muskeln</Name>
                    <DisorderType id="21394">
                      <Name lang="de">Krankheit</Name>
                    </DisorderType>
                  </Disorder>
                  <ClassificationNodeChildList count="0">
                  </ClassificationNodeChildList>
                </ClassificationNode>
              </ClassificationNodeChildList>
            </ClassificationNode>
          </ClassificationNodeChildList>
        </ClassificationNode>
      </ClassificationNodeRootList>
    </Classification>
  </ClassificationList>
</JDBOR>
