<?xml version="1.0" encoding="UTF-8"?>
<JDBOR ExtractionDate="2025-06-24 07:59:19" version="1.3.42 / 4.1.8 [2025-03-03]" copyright="Orphanet (c) 2025" dbserver="jdbc:sybase:Tds:canard.orpha.net:2020">
  <Availability> 
    <Licence>
      <FullName lang="en">Creative Commons Attribution 4.0 International</FullName>
      <ShortIdentifier>CC-BY-4.0</ShortIdentifier>
      <LegalCode>https://creativecommons.org/licenses/by/4.0/legalcode</LegalCode>
    </Licence>
  </Availability>
  <ClassificationList count="1">
    <Classification id="231">
      <OrphaNumber>280338</OrphaNumber>
      <Name lang="de">Orphanet Klassifikation der seltenen systematischen und rheumatologischen Krankheiten im Kindesalter</Name>
      <ClassificationNodeRootList count="1">
        <ClassificationNode>
          <Disorder id="20456">
            <OrphaCode>280342</OrphaCode>
            <ExpertLink lang="de">http://www.orpha.net/consor/cgi-bin/OC_Exp.php?lng=de&amp;Expert=280342</ExpertLink>
            <Name lang="de">Seltene systemische oder rheumatologische Krankheit der Kindheit</Name>
            <DisorderType id="36561">
              <Name lang="de">Kategorie</Name>
            </DisorderType>
          </Disorder>
          <ClassificationNodeChildList count="3">
            <ClassificationNode>
              <Disorder id="20461">
                <OrphaCode>280369</OrphaCode>
                <ExpertLink lang="de">http://www.orpha.net/consor/cgi-bin/OC_Exp.php?lng=de&amp;Expert=280369</ExpertLink>
                <Name lang="de">Seltene Vaskulitis des Kindes</Name>
                <DisorderType id="36561">
                  <Name lang="de">Kategorie</Name>
                </DisorderType>
              </Disorder>
              <ClassificationNodeChildList count="12">
                <ClassificationNode>
                  <Disorder id="749">
                    <OrphaCode>761</OrphaCode>
                    <ExpertLink lang="de">http://www.orpha.net/consor/cgi-bin/OC_Exp.php?lng=de&amp;Expert=761</ExpertLink>
                    <Name lang="de">Immunoglobulin A-Vaskulitis</Name>
                    <DisorderType id="21394">
                      <Name lang="de">Krankheit</Name>
                    </DisorderType>
                  </Disorder>
                  <ClassificationNodeChildList count="0">
                  </ClassificationNodeChildList>
                </ClassificationNode>
                <ClassificationNode>
                  <Disorder id="788">
                    <OrphaCode>2331</OrphaCode>
                    <ExpertLink lang="de">http://www.orpha.net/consor/cgi-bin/OC_Exp.php?lng=de&amp;Expert=2331</ExpertLink>
                    <Name lang="de">Kawasaki-Krankheit</Name>
                    <DisorderType id="21394">
                      <Name lang="de">Krankheit</Name>
                    </DisorderType>
                  </Disorder>
                  <ClassificationNodeChildList count="0">
                  </ClassificationNodeChildList>
                </ClassificationNode>
                <ClassificationNode>
                  <Disorder id="806">
                    <OrphaCode>3287</OrphaCode>
                    <ExpertLink lang="de">http://www.orpha.net/consor/cgi-bin/OC_Exp.php?lng=de&amp;Expert=3287</ExpertLink>
                    <Name lang="de">Takayasu-Arteriitis</Name>
                    <DisorderType id="21394">
                      <Name lang="de">Krankheit</Name>
                    </DisorderType>
                  </Disorder>
                  <ClassificationNodeChildList count="0">
                  </ClassificationNodeChildList>
                </ClassificationNode>
                <ClassificationNode>
                  <Disorder id="3403">
                    <OrphaCode>767</OrphaCode>
                    <ExpertLink lang="de">http://www.orpha.net/consor/cgi-bin/OC_Exp.php?lng=de&amp;Expert=767</ExpertLink>
                    <Name lang="de">Polyarteriitis nodosa</Name>
                    <DisorderType id="21394">
                      <Name lang="de">Krankheit</Name>
                    </DisorderType>
                  </Disorder>
                  <ClassificationNodeChildList count="2">
                    <ClassificationNode>
                      <Disorder id="23387">
                        <OrphaCode>439737</OrphaCode>
                        <ExpertLink lang="de">http://www.orpha.net/consor/cgi-bin/OC_Exp.php?lng=de&amp;Expert=439737</ExpertLink>
                        <Name lang="de">Primäre Polyarteriitis nodosa</Name>
                        <DisorderType id="21450">
                          <Name lang="de">Klinischer Subtyp</Name>
                        </DisorderType>
                      </Disorder>
                      <ClassificationNodeChildList count="3">
                        <ClassificationNode>
                          <Disorder id="23386">
                            <OrphaCode>439729</OrphaCode>
                            <ExpertLink lang="de">http://www.orpha.net/consor/cgi-bin/OC_Exp.php?lng=de&amp;Expert=439729</ExpertLink>
                            <Name lang="de">Kutane Polyarteriitis nodosa</Name>
                            <DisorderType id="21450">
                              <Name lang="de">Klinischer Subtyp</Name>
                            </DisorderType>
                          </Disorder>
                          <ClassificationNodeChildList count="0">
                          </ClassificationNodeChildList>
                        </ClassificationNode>
                        <ClassificationNode>
                          <Disorder id="23389">
                            <OrphaCode>439755</OrphaCode>
                            <ExpertLink lang="de">http://www.orpha.net/consor/cgi-bin/OC_Exp.php?lng=de&amp;Expert=439755</ExpertLink>
                            <Name lang="de">Isolierte Organvaskulitis vom Typ der Polyarteriitis nodosa</Name>
                            <DisorderType id="21450">
                              <Name lang="de">Klinischer Subtyp</Name>
                            </DisorderType>
                          </Disorder>
                          <ClassificationNodeChildList count="0">
                          </ClassificationNodeChildList>
                        </ClassificationNode>
                        <ClassificationNode>
                          <Disorder id="23390">
                            <OrphaCode>439762</OrphaCode>
                            <ExpertLink lang="de">http://www.orpha.net/consor/cgi-bin/OC_Exp.php?lng=de&amp;Expert=439762</ExpertLink>
                            <Name lang="de">Systemische Polyarteriitis nodosa</Name>
                            <DisorderType id="21450">
                              <Name lang="de">Klinischer Subtyp</Name>
                            </DisorderType>
                          </Disorder>
                          <ClassificationNodeChildList count="0">
                          </ClassificationNodeChildList>
                        </ClassificationNode>
                      </ClassificationNodeChildList>
                    </ClassificationNode>
                    <ClassificationNode>
                      <Disorder id="23388">
                        <OrphaCode>439746</OrphaCode>
                        <ExpertLink lang="de">http://www.orpha.net/consor/cgi-bin/OC_Exp.php?lng=de&amp;Expert=439746</ExpertLink>
                        <Name lang="de">Sekundäre Polyarteriitis nodosa</Name>
                        <DisorderType id="21450">
                          <Name lang="de">Klinischer Subtyp</Name>
                        </DisorderType>
                      </Disorder>
                      <ClassificationNodeChildList count="0">
                      </ClassificationNodeChildList>
                    </ClassificationNode>
                  </ClassificationNodeChildList>
                </ClassificationNode>
                <ClassificationNode>
                  <Disorder id="3333">
                    <OrphaCode>1467</OrphaCode>
                    <ExpertLink lang="de">http://www.orpha.net/consor/cgi-bin/OC_Exp.php?lng=de&amp;Expert=1467</ExpertLink>
                    <Name lang="de">Cogan-Syndrom</Name>
                    <DisorderType id="21394">
                      <Name lang="de">Krankheit</Name>
                    </DisorderType>
                  </Disorder>
                  <ClassificationNodeChildList count="0">
                  </ClassificationNodeChildList>
                </ClassificationNode>
                <ClassificationNode>
                  <Disorder id="10428">
                    <OrphaCode>36412</OrphaCode>
                    <ExpertLink lang="de">http://www.orpha.net/consor/cgi-bin/OC_Exp.php?lng=de&amp;Expert=36412</ExpertLink>
                    <Name lang="de">Vaskulitis, hypokomplementämische urtikarielle</Name>
                    <DisorderType id="21394">
                      <Name lang="de">Krankheit</Name>
                    </DisorderType>
                  </Disorder>
                  <ClassificationNodeChildList count="0">
                  </ClassificationNodeChildList>
                </ClassificationNode>
                <ClassificationNode>
                  <Disorder id="12115">
                    <OrphaCode>91138</OrphaCode>
                    <ExpertLink lang="de">http://www.orpha.net/consor/cgi-bin/OC_Exp.php?lng=de&amp;Expert=91138</ExpertLink>
                    <Name lang="de">Kryoglobulinämische Vaskulitis</Name>
                    <DisorderType id="21394">
                      <Name lang="de">Krankheit</Name>
                    </DisorderType>
                  </Disorder>
                  <ClassificationNodeChildList count="2">
                    <ClassificationNode>
                      <Disorder id="12396">
                        <OrphaCode>93554</OrphaCode>
                        <ExpertLink lang="de">http://www.orpha.net/consor/cgi-bin/OC_Exp.php?lng=de&amp;Expert=93554</ExpertLink>
                        <Name lang="de">Kryoglobulinämie, gemischte, Typ II</Name>
                        <DisorderType id="21443">
                          <Name lang="de">Ätiologischer Subtyp</Name>
                        </DisorderType>
                      </Disorder>
                      <ClassificationNodeChildList count="0">
                      </ClassificationNodeChildList>
                    </ClassificationNode>
                    <ClassificationNode>
                      <Disorder id="12397">
                        <OrphaCode>93555</OrphaCode>
                        <ExpertLink lang="de">http://www.orpha.net/consor/cgi-bin/OC_Exp.php?lng=de&amp;Expert=93555</ExpertLink>
                        <Name lang="de">Kryoglobulinämie, gemischte, Typ III</Name>
                        <DisorderType id="21443">
                          <Name lang="de">Ätiologischer Subtyp</Name>
                        </DisorderType>
                      </Disorder>
                      <ClassificationNodeChildList count="0">
                      </ClassificationNodeChildList>
                    </ClassificationNode>
                  </ClassificationNodeChildList>
                </ClassificationNode>
                <ClassificationNode>
                  <Disorder id="17099">
                    <OrphaCode>156152</OrphaCode>
                    <ExpertLink lang="de">http://www.orpha.net/consor/cgi-bin/OC_Exp.php?lng=de&amp;Expert=156152</ExpertLink>
                    <Name lang="de">Vaskulitis mit assoziierten antineutrophilen zytoplasmatischen Antikörpern</Name>
                    <DisorderType id="21436">
                      <Name lang="de">Phenom-Gruppe</Name>
                    </DisorderType>
                  </Disorder>
                  <ClassificationNodeChildList count="3">
                    <ClassificationNode>
                      <Disorder id="745">
                        <OrphaCode>183</OrphaCode>
                        <ExpertLink lang="de">http://www.orpha.net/consor/cgi-bin/OC_Exp.php?lng=de&amp;Expert=183</ExpertLink>
                        <Name lang="de">Eosinophile Granulomatose mit Polyangiitis</Name>
                        <DisorderType id="21394">
                          <Name lang="de">Krankheit</Name>
                        </DisorderType>
                      </Disorder>
                      <ClassificationNodeChildList count="0">
                      </ClassificationNodeChildList>
                    </ClassificationNode>
                    <ClassificationNode>
                      <Disorder id="753">
                        <OrphaCode>727</OrphaCode>
                        <ExpertLink lang="de">http://www.orpha.net/consor/cgi-bin/OC_Exp.php?lng=de&amp;Expert=727</ExpertLink>
                        <Name lang="de">Polyangiitis, mikroskopische</Name>
                        <DisorderType id="21394">
                          <Name lang="de">Krankheit</Name>
                        </DisorderType>
                      </Disorder>
                      <ClassificationNodeChildList count="0">
                      </ClassificationNodeChildList>
                    </ClassificationNode>
                    <ClassificationNode>
                      <Disorder id="759">
                        <OrphaCode>900</OrphaCode>
                        <ExpertLink lang="de">http://www.orpha.net/consor/cgi-bin/OC_Exp.php?lng=de&amp;Expert=900</ExpertLink>
                        <Name lang="de">Granulomatose mit Polyangiitis</Name>
                        <DisorderType id="21394">
                          <Name lang="de">Krankheit</Name>
                        </DisorderType>
                      </Disorder>
                      <ClassificationNodeChildList count="0">
                      </ClassificationNodeChildList>
                    </ClassificationNode>
                  </ClassificationNodeChildList>
                </ClassificationNode>
                <ClassificationNode>
                  <Disorder id="19629">
                    <OrphaCode>251328</OrphaCode>
                    <ExpertLink lang="de">http://www.orpha.net/consor/cgi-bin/OC_Exp.php?lng=de&amp;Expert=251328</ExpertLink>
                    <Name lang="de">Vaskulitis, unklassifizierte</Name>
                    <DisorderType id="21394">
                      <Name lang="de">Krankheit</Name>
                    </DisorderType>
                  </Disorder>
                  <ClassificationNodeChildList count="0">
                  </ClassificationNodeChildList>
                </ClassificationNode>
                <ClassificationNode>
                  <Disorder id="23521">
                    <OrphaCode>445197</OrphaCode>
                    <ExpertLink lang="de">http://www.orpha.net/consor/cgi-bin/OC_Exp.php?lng=de&amp;Expert=445197</ExpertLink>
                    <Name lang="de">Vaskulitis, sekundäre</Name>
                    <DisorderType id="36561">
                      <Name lang="de">Kategorie</Name>
                    </DisorderType>
                  </Disorder>
                  <ClassificationNodeChildList count="2">
                    <ClassificationNode>
                      <Disorder id="10626">
                        <OrphaCode>48435</OrphaCode>
                        <ExpertLink lang="de">http://www.orpha.net/consor/cgi-bin/OC_Exp.php?lng=de&amp;Expert=48435</ExpertLink>
                        <Name lang="de">Vaskulitis, postinfektiöse</Name>
                        <DisorderType id="21394">
                          <Name lang="de">Krankheit</Name>
                        </DisorderType>
                      </Disorder>
                      <ClassificationNodeChildList count="0">
                      </ClassificationNodeChildList>
                    </ClassificationNode>
                    <ClassificationNode>
                      <Disorder id="19628">
                        <OrphaCode>251325</OrphaCode>
                        <ExpertLink lang="de">http://www.orpha.net/consor/cgi-bin/OC_Exp.php?lng=de&amp;Expert=251325</ExpertLink>
                        <Name lang="de">Vaskulitis, Medikamenten-induzierte</Name>
                        <DisorderType id="21394">
                          <Name lang="de">Krankheit</Name>
                        </DisorderType>
                      </Disorder>
                      <ClassificationNodeChildList count="0">
                      </ClassificationNodeChildList>
                    </ClassificationNode>
                  </ClassificationNodeChildList>
                </ClassificationNode>
                <ClassificationNode>
                  <Disorder id="22938">
                    <OrphaCode>404553</OrphaCode>
                    <ExpertLink lang="de">http://www.orpha.net/consor/cgi-bin/OC_Exp.php?lng=de&amp;Expert=404553</ExpertLink>
                    <Name lang="de">Adenosin-Desaminase 2-Mangel</Name>
                    <DisorderType id="21394">
                      <Name lang="de">Krankheit</Name>
                    </DisorderType>
                  </Disorder>
                  <ClassificationNodeChildList count="0">
                  </ClassificationNodeChildList>
                </ClassificationNode>
                <ClassificationNode>
                  <Disorder id="23209">
                    <OrphaCode>425120</OrphaCode>
                    <ExpertLink lang="de">http://www.orpha.net/consor/cgi-bin/OC_Exp.php?lng=de&amp;Expert=425120</ExpertLink>
                    <Name lang="de">STING-assoziierte Vaskulopathie mit Beginn in der Kindheit</Name>
                    <DisorderType id="21394">
                      <Name lang="de">Krankheit</Name>
                    </DisorderType>
                  </Disorder>
                  <ClassificationNodeChildList count="0">
                  </ClassificationNodeChildList>
                </ClassificationNode>
              </ClassificationNodeChildList>
            </ClassificationNode>
            <ClassificationNode>
              <Disorder id="20462">
                <OrphaCode>280373</OrphaCode>
                <ExpertLink lang="de">http://www.orpha.net/consor/cgi-bin/OC_Exp.php?lng=de&amp;Expert=280373</ExpertLink>
                <Name lang="de">Seltene systemische Krankheit des Kindes</Name>
                <DisorderType id="36561">
                  <Name lang="de">Kategorie</Name>
                </DisorderType>
              </Disorder>
              <ClassificationNodeChildList count="14">
                <ClassificationNode>
                  <Disorder id="12002">
                    <OrphaCode>90291</OrphaCode>
                    <ExpertLink lang="de">http://www.orpha.net/consor/cgi-bin/OC_Exp.php?lng=de&amp;Expert=90291</ExpertLink>
                    <Name lang="de">Systemische Sklerodermie</Name>
                    <DisorderType id="21394">
                      <Name lang="de">Krankheit</Name>
                    </DisorderType>
                  </Disorder>
                  <ClassificationNodeChildList count="3">
                    <ClassificationNode>
                      <Disorder id="18906">
                        <OrphaCode>220402</OrphaCode>
                        <ExpertLink lang="de">http://www.orpha.net/consor/cgi-bin/OC_Exp.php?lng=de&amp;Expert=220402</ExpertLink>
                        <Name lang="de">Systemische Sklerose, kutane limitierte</Name>
                        <DisorderType id="21450">
                          <Name lang="de">Klinischer Subtyp</Name>
                        </DisorderType>
                      </Disorder>
                      <ClassificationNodeChildList count="0">
                      </ClassificationNodeChildList>
                    </ClassificationNode>
                    <ClassificationNode>
                      <Disorder id="18907">
                        <OrphaCode>220407</OrphaCode>
                        <ExpertLink lang="de">http://www.orpha.net/consor/cgi-bin/OC_Exp.php?lng=de&amp;Expert=220407</ExpertLink>
                        <Name lang="de">Systemische Sklerose, limitierte</Name>
                        <DisorderType id="21450">
                          <Name lang="de">Klinischer Subtyp</Name>
                        </DisorderType>
                      </Disorder>
                      <ClassificationNodeChildList count="0">
                      </ClassificationNodeChildList>
                    </ClassificationNode>
                    <ClassificationNode>
                      <Disorder id="18905">
                        <OrphaCode>220393</OrphaCode>
                        <ExpertLink lang="de">http://www.orpha.net/consor/cgi-bin/OC_Exp.php?lng=de&amp;Expert=220393</ExpertLink>
                        <Name lang="de">Systemische Sklerose, diffuse kutane</Name>
                        <DisorderType id="21450">
                          <Name lang="de">Klinischer Subtyp</Name>
                        </DisorderType>
                      </Disorder>
                      <ClassificationNodeChildList count="0">
                      </ClassificationNodeChildList>
                    </ClassificationNode>
                  </ClassificationNodeChildList>
                </ClassificationNode>
                <ClassificationNode>
                  <Disorder id="19630">
                    <OrphaCode>251332</OrphaCode>
                    <ExpertLink lang="de">http://www.orpha.net/consor/cgi-bin/OC_Exp.php?lng=de&amp;Expert=251332</ExpertLink>
                    <Name lang="de">Fieber-Syndrom, langanhaltendes unerklärbares</Name>
                    <DisorderType id="21394">
                      <Name lang="de">Krankheit</Name>
                    </DisorderType>
                  </Disorder>
                  <ClassificationNodeChildList count="0">
                  </ClassificationNodeChildList>
                </ClassificationNode>
                <ClassificationNode>
                  <Disorder id="735">
                    <OrphaCode>797</OrphaCode>
                    <ExpertLink lang="de">http://www.orpha.net/consor/cgi-bin/OC_Exp.php?lng=de&amp;Expert=797</ExpertLink>
                    <Name lang="de">Sarkoidose</Name>
                    <DisorderType id="21394">
                      <Name lang="de">Krankheit</Name>
                    </DisorderType>
                  </Disorder>
                  <ClassificationNodeChildList count="0">
                  </ClassificationNodeChildList>
                </ClassificationNode>
                <ClassificationNode>
                  <Disorder id="755">
                    <OrphaCode>3165</OrphaCode>
                    <ExpertLink lang="de">http://www.orpha.net/consor/cgi-bin/OC_Exp.php?lng=de&amp;Expert=3165</ExpertLink>
                    <Name lang="de">Fasziitis, eosinophile</Name>
                    <DisorderType id="21394">
                      <Name lang="de">Krankheit</Name>
                    </DisorderType>
                  </Disorder>
                  <ClassificationNodeChildList count="0">
                  </ClassificationNodeChildList>
                </ClassificationNode>
                <ClassificationNode>
                  <Disorder id="12394">
                    <OrphaCode>93552</OrphaCode>
                    <ExpertLink lang="de">http://www.orpha.net/consor/cgi-bin/OC_Exp.php?lng=de&amp;Expert=93552</ExpertLink>
                    <Name lang="de">Lupus erythematodes, systemischer, des Kindesalters</Name>
                    <DisorderType id="21394">
                      <Name lang="de">Krankheit</Name>
                    </DisorderType>
                  </Disorder>
                  <ClassificationNodeChildList count="0">
                  </ClassificationNodeChildList>
                </ClassificationNode>
                <ClassificationNode>
                  <Disorder id="12410">
                    <OrphaCode>93568</OrphaCode>
                    <ExpertLink lang="de">http://www.orpha.net/consor/cgi-bin/OC_Exp.php?lng=de&amp;Expert=93568</ExpertLink>
                    <Name lang="de">Polymyositis, juvenile</Name>
                    <DisorderType id="21394">
                      <Name lang="de">Krankheit</Name>
                    </DisorderType>
                  </Disorder>
                  <ClassificationNodeChildList count="0">
                  </ClassificationNodeChildList>
                </ClassificationNode>
                <ClassificationNode>
                  <Disorder id="12464">
                    <OrphaCode>93672</OrphaCode>
                    <ExpertLink lang="de">http://www.orpha.net/consor/cgi-bin/OC_Exp.php?lng=de&amp;Expert=93672</ExpertLink>
                    <Name lang="de">Dermatomyositis, juvenile</Name>
                    <DisorderType id="21394">
                      <Name lang="de">Krankheit</Name>
                    </DisorderType>
                  </Disorder>
                  <ClassificationNodeChildList count="0">
                  </ClassificationNodeChildList>
                </ClassificationNode>
                <ClassificationNode>
                  <Disorder id="19626">
                    <OrphaCode>251312</OrphaCode>
                    <ExpertLink lang="de">http://www.orpha.net/consor/cgi-bin/OC_Exp.php?lng=de&amp;Expert=251312</ExpertLink>
                    <Name lang="de">Mischkollagenose, überlappende</Name>
                    <DisorderType id="21436">
                      <Name lang="de">Phenom-Gruppe</Name>
                    </DisorderType>
                  </Disorder>
                  <ClassificationNodeChildList count="1">
                    <ClassificationNode>
                      <Disorder id="3631">
                        <OrphaCode>809</OrphaCode>
                        <ExpertLink lang="de">http://www.orpha.net/consor/cgi-bin/OC_Exp.php?lng=de&amp;Expert=809</ExpertLink>
                        <Name lang="de">Mischkollagenose</Name>
                        <DisorderType id="21394">
                          <Name lang="de">Krankheit</Name>
                        </DisorderType>
                      </Disorder>
                      <ClassificationNodeChildList count="0">
                      </ClassificationNodeChildList>
                    </ClassificationNode>
                  </ClassificationNodeChildList>
                </ClassificationNode>
                <ClassificationNode>
                  <Disorder id="21115">
                    <OrphaCode>300359</OrphaCode>
                    <ExpertLink lang="de">http://www.orpha.net/consor/cgi-bin/OC_Exp.php?lng=de&amp;Expert=300359</ExpertLink>
                    <Name lang="de">PLCG2-associated antibody deficiency and immune dysregulation</Name>
                    <DisorderType id="21394">
                      <Name lang="de">Krankheit</Name>
                    </DisorderType>
                  </Disorder>
                  <ClassificationNodeChildList count="0">
                  </ClassificationNodeChildList>
                </ClassificationNode>
                <ClassificationNode>
                  <Disorder id="29878">
                    <OrphaCode>598363</OrphaCode>
                    <ExpertLink lang="de">http://www.orpha.net/consor/cgi-bin/OC_Exp.php?lng=de&amp;Expert=598363</ExpertLink>
                    <Name lang="de">Multisystemisches inflammatorisches Syndrom bei Kindern und Jugendlichen</Name>
                    <DisorderType id="21394">
                      <Name lang="de">Krankheit</Name>
                    </DisorderType>
                  </Disorder>
                  <ClassificationNodeChildList count="0">
                  </ClassificationNodeChildList>
                </ClassificationNode>
                <ClassificationNode>
                  <Disorder id="22724">
                    <OrphaCode>398091</OrphaCode>
                    <ExpertLink lang="de">http://www.orpha.net/consor/cgi-bin/OC_Exp.php?lng=de&amp;Expert=398091</ExpertLink>
                    <Name lang="de">Sekundäre neonatale autoimmune Krankheit</Name>
                    <DisorderType id="36561">
                      <Name lang="de">Kategorie</Name>
                    </DisorderType>
                  </Disorder>
                  <ClassificationNodeChildList count="6">
                    <ClassificationNode>
                      <Disorder id="22631">
                        <OrphaCode>391504</OrphaCode>
                        <ExpertLink lang="de">http://www.orpha.net/consor/cgi-bin/OC_Exp.php?lng=de&amp;Expert=391504</ExpertLink>
                        <Name lang="de">Transiente neonatale Myasthenia gravis</Name>
                        <DisorderType id="21450">
                          <Name lang="de">Klinischer Subtyp</Name>
                        </DisorderType>
                      </Disorder>
                      <ClassificationNodeChildList count="0">
                      </ClassificationNodeChildList>
                    </ClassificationNode>
                    <ClassificationNode>
                      <Disorder id="22725">
                        <OrphaCode>398097</OrphaCode>
                        <ExpertLink lang="de">http://www.orpha.net/consor/cgi-bin/OC_Exp.php?lng=de&amp;Expert=398097</ExpertLink>
                        <Name lang="de">Anti-Phospholipid-Syndrom, neonatales</Name>
                        <DisorderType id="21394">
                          <Name lang="de">Krankheit</Name>
                        </DisorderType>
                      </Disorder>
                      <ClassificationNodeChildList count="0">
                      </ClassificationNodeChildList>
                    </ClassificationNode>
                    <ClassificationNode>
                      <Disorder id="22726">
                        <OrphaCode>398109</OrphaCode>
                        <ExpertLink lang="de">http://www.orpha.net/consor/cgi-bin/OC_Exp.php?lng=de&amp;Expert=398109</ExpertLink>
                        <Name lang="de">Neonatale autoimmune hämolytische Anämie</Name>
                        <DisorderType id="21394">
                          <Name lang="de">Krankheit</Name>
                        </DisorderType>
                      </Disorder>
                      <ClassificationNodeChildList count="0">
                      </ClassificationNodeChildList>
                    </ClassificationNode>
                    <ClassificationNode>
                      <Disorder id="22727">
                        <OrphaCode>398117</OrphaCode>
                        <ExpertLink lang="de">http://www.orpha.net/consor/cgi-bin/OC_Exp.php?lng=de&amp;Expert=398117</ExpertLink>
                        <Name lang="de">Dermatomyositis, neonatale</Name>
                        <DisorderType id="21394">
                          <Name lang="de">Krankheit</Name>
                        </DisorderType>
                      </Disorder>
                      <ClassificationNodeChildList count="0">
                      </ClassificationNodeChildList>
                    </ClassificationNode>
                    <ClassificationNode>
                      <Disorder id="22728">
                        <OrphaCode>398124</OrphaCode>
                        <ExpertLink lang="de">http://www.orpha.net/consor/cgi-bin/OC_Exp.php?lng=de&amp;Expert=398124</ExpertLink>
                        <Name lang="de">Lupus erythematosus, neonataler</Name>
                        <DisorderType id="21394">
                          <Name lang="de">Krankheit</Name>
                        </DisorderType>
                      </Disorder>
                      <ClassificationNodeChildList count="0">
                      </ClassificationNodeChildList>
                    </ClassificationNode>
                    <ClassificationNode>
                      <Disorder id="22729">
                        <OrphaCode>398127</OrphaCode>
                        <ExpertLink lang="de">http://www.orpha.net/consor/cgi-bin/OC_Exp.php?lng=de&amp;Expert=398127</ExpertLink>
                        <Name lang="de">Neonatale Sklerodermie</Name>
                        <DisorderType id="21394">
                          <Name lang="de">Krankheit</Name>
                        </DisorderType>
                      </Disorder>
                      <ClassificationNodeChildList count="0">
                      </ClassificationNodeChildList>
                    </ClassificationNode>
                  </ClassificationNodeChildList>
                </ClassificationNode>
                <ClassificationNode>
                  <Disorder id="23366">
                    <OrphaCode>438159</OrphaCode>
                    <ExpertLink lang="de">http://www.orpha.net/consor/cgi-bin/OC_Exp.php?lng=de&amp;Expert=438159</ExpertLink>
                    <Name lang="de">STAT3-assoziierte früh beginnende multisystemische Autoimmunkrankheit</Name>
                    <DisorderType id="21394">
                      <Name lang="de">Krankheit</Name>
                    </DisorderType>
                  </Disorder>
                  <ClassificationNodeChildList count="0">
                  </ClassificationNodeChildList>
                </ClassificationNode>
                <ClassificationNode>
                  <Disorder id="23481">
                    <OrphaCode>444092</OrphaCode>
                    <ExpertLink lang="de">http://www.orpha.net/consor/cgi-bin/OC_Exp.php?lng=de&amp;Expert=444092</ExpertLink>
                    <Name lang="de">Autoimmune interstitielle Lungenerkrankung-Arthritis-Syndrom</Name>
                    <DisorderType id="21394">
                      <Name lang="de">Krankheit</Name>
                    </DisorderType>
                  </Disorder>
                  <ClassificationNodeChildList count="0">
                  </ClassificationNodeChildList>
                </ClassificationNode>
                <ClassificationNode>
                  <Disorder id="23490">
                    <OrphaCode>444463</OrphaCode>
                    <ExpertLink lang="de">http://www.orpha.net/consor/cgi-bin/OC_Exp.php?lng=de&amp;Expert=444463</ExpertLink>
                    <Name lang="de">Syndrom der autoimmunen hämolytischen Anämie mit autoimmuner Thrombozytopenie und primärem Immundefekt</Name>
                    <DisorderType id="21394">
                      <Name lang="de">Krankheit</Name>
                    </DisorderType>
                  </Disorder>
                  <ClassificationNodeChildList count="0">
                  </ClassificationNodeChildList>
                </ClassificationNode>
              </ClassificationNodeChildList>
            </ClassificationNode>
            <ClassificationNode>
              <Disorder id="25345">
                <OrphaCode>486955</OrphaCode>
                <ExpertLink lang="de">http://www.orpha.net/consor/cgi-bin/OC_Exp.php?lng=de&amp;Expert=486955</ExpertLink>
                <Name lang="de">Seltene pädiatrische rheumatologische Krankheit</Name>
                <DisorderType id="36561">
                  <Name lang="de">Kategorie</Name>
                </DisorderType>
              </Disorder>
              <ClassificationNodeChildList count="9">
                <ClassificationNode>
                  <Disorder id="6523">
                    <OrphaCode>793</OrphaCode>
                    <ExpertLink lang="de">http://www.orpha.net/consor/cgi-bin/OC_Exp.php?lng=de&amp;Expert=793</ExpertLink>
                    <Name lang="de">SAPHO-Syndrom</Name>
                    <DisorderType id="21394">
                      <Name lang="de">Krankheit</Name>
                    </DisorderType>
                  </Disorder>
                  <ClassificationNodeChildList count="0">
                  </ClassificationNodeChildList>
                </ClassificationNode>
                <ClassificationNode>
                  <Disorder id="720">
                    <OrphaCode>92</OrphaCode>
                    <ExpertLink lang="de">http://www.orpha.net/consor/cgi-bin/OC_Exp.php?lng=de&amp;Expert=92</ExpertLink>
                    <Name lang="de">Arthritis, idiopathische juvenile</Name>
                    <DisorderType id="21436">
                      <Name lang="de">Phenom-Gruppe</Name>
                    </DisorderType>
                  </Disorder>
                  <ClassificationNodeChildList count="6">
                    <ClassificationNode>
                      <Disorder id="11710">
                        <OrphaCode>85410</OrphaCode>
                        <ExpertLink lang="de">http://www.orpha.net/consor/cgi-bin/OC_Exp.php?lng=de&amp;Expert=85410</ExpertLink>
                        <Name lang="de">Arthritis, idiopathische juvenile, oligoartikuläre</Name>
                        <DisorderType id="21394">
                          <Name lang="de">Krankheit</Name>
                        </DisorderType>
                      </Disorder>
                      <ClassificationNodeChildList count="0">
                      </ClassificationNodeChildList>
                    </ClassificationNode>
                    <ClassificationNode>
                      <Disorder id="11711">
                        <OrphaCode>85414</OrphaCode>
                        <ExpertLink lang="de">http://www.orpha.net/consor/cgi-bin/OC_Exp.php?lng=de&amp;Expert=85414</ExpertLink>
                        <Name lang="de">Arthritis, idiopathische juvenile, systemische</Name>
                        <DisorderType id="21394">
                          <Name lang="de">Krankheit</Name>
                        </DisorderType>
                      </Disorder>
                      <ClassificationNodeChildList count="0">
                      </ClassificationNodeChildList>
                    </ClassificationNode>
                    <ClassificationNode>
                      <Disorder id="11713">
                        <OrphaCode>85436</OrphaCode>
                        <ExpertLink lang="de">http://www.orpha.net/consor/cgi-bin/OC_Exp.php?lng=de&amp;Expert=85436</ExpertLink>
                        <Name lang="de">Arthritis, idiopathische juvenile, Psoriasis-assoziierte</Name>
                        <DisorderType id="21394">
                          <Name lang="de">Krankheit</Name>
                        </DisorderType>
                      </Disorder>
                      <ClassificationNodeChildList count="0">
                      </ClassificationNodeChildList>
                    </ClassificationNode>
                    <ClassificationNode>
                      <Disorder id="11715">
                        <OrphaCode>85438</OrphaCode>
                        <ExpertLink lang="de">http://www.orpha.net/consor/cgi-bin/OC_Exp.php?lng=de&amp;Expert=85438</ExpertLink>
                        <Name lang="de">Arthritis, idiopathische juvenile, Enthesitis-assoziierte</Name>
                        <DisorderType id="21394">
                          <Name lang="de">Krankheit</Name>
                        </DisorderType>
                      </Disorder>
                      <ClassificationNodeChildList count="0">
                      </ClassificationNodeChildList>
                    </ClassificationNode>
                    <ClassificationNode>
                      <Disorder id="12117">
                        <OrphaCode>91140</OrphaCode>
                        <ExpertLink lang="de">http://www.orpha.net/consor/cgi-bin/OC_Exp.php?lng=de&amp;Expert=91140</ExpertLink>
                        <Name lang="de">Arthritis, idiopathische juvenile, unklassifizierte</Name>
                        <DisorderType id="21394">
                          <Name lang="de">Krankheit</Name>
                        </DisorderType>
                      </Disorder>
                      <ClassificationNodeChildList count="0">
                      </ClassificationNodeChildList>
                    </ClassificationNode>
                    <ClassificationNode>
                      <Disorder id="22944">
                        <OrphaCode>404580</OrphaCode>
                        <ExpertLink lang="de">http://www.orpha.net/consor/cgi-bin/OC_Exp.php?lng=de&amp;Expert=404580</ExpertLink>
                        <Name lang="de">Arthritis, idiopathische juvenile, polyartikuläre</Name>
                        <DisorderType id="21436">
                          <Name lang="de">Phenom-Gruppe</Name>
                        </DisorderType>
                      </Disorder>
                      <ClassificationNodeChildList count="2">
                        <ClassificationNode>
                          <Disorder id="11709">
                            <OrphaCode>85408</OrphaCode>
                            <ExpertLink lang="de">http://www.orpha.net/consor/cgi-bin/OC_Exp.php?lng=de&amp;Expert=85408</ExpertLink>
                            <Name lang="de">Arthritis, idiopathische juvenile polyartikuläre, Rheumafaktor-negative</Name>
                            <DisorderType id="21394">
                              <Name lang="de">Krankheit</Name>
                            </DisorderType>
                          </Disorder>
                          <ClassificationNodeChildList count="0">
                          </ClassificationNodeChildList>
                        </ClassificationNode>
                        <ClassificationNode>
                          <Disorder id="11712">
                            <OrphaCode>85435</OrphaCode>
                            <ExpertLink lang="de">http://www.orpha.net/consor/cgi-bin/OC_Exp.php?lng=de&amp;Expert=85435</ExpertLink>
                            <Name lang="de">Arthritis, idiopathische juvenile polyartikuläre, Rheumafaktor-positive</Name>
                            <DisorderType id="21394">
                              <Name lang="de">Krankheit</Name>
                            </DisorderType>
                          </Disorder>
                          <ClassificationNodeChildList count="0">
                          </ClassificationNodeChildList>
                        </ClassificationNode>
                      </ClassificationNodeChildList>
                    </ClassificationNode>
                  </ClassificationNodeChildList>
                </ClassificationNode>
                <ClassificationNode>
                  <Disorder id="1276">
                    <OrphaCode>955</OrphaCode>
                    <ExpertLink lang="de">http://www.orpha.net/consor/cgi-bin/OC_Exp.php?lng=de&amp;Expert=955</ExpertLink>
                    <Name lang="de">Hajdu-Cheney-Syndrom</Name>
                    <DisorderType id="21401">
                      <Name lang="de">Fehlbildungs-Syndrom</Name>
                    </DisorderType>
                  </Disorder>
                  <ClassificationNodeChildList count="0">
                  </ClassificationNodeChildList>
                </ClassificationNode>
                <ClassificationNode>
                  <Disorder id="8684">
                    <OrphaCode>73</OrphaCode>
                    <ExpertLink lang="de">http://www.orpha.net/consor/cgi-bin/OC_Exp.php?lng=de&amp;Expert=73</ExpertLink>
                    <Name lang="de">Gorham-Stout-Krankheit</Name>
                    <DisorderType id="21401">
                      <Name lang="de">Fehlbildungs-Syndrom</Name>
                    </DisorderType>
                  </Disorder>
                  <ClassificationNodeChildList count="0">
                  </ClassificationNodeChildList>
                </ClassificationNode>
                <ClassificationNode>
                  <Disorder id="8778">
                    <OrphaCode>29207</OrphaCode>
                    <ExpertLink lang="de">http://www.orpha.net/consor/cgi-bin/OC_Exp.php?lng=de&amp;Expert=29207</ExpertLink>
                    <Name lang="de">Arthritis, reaktive</Name>
                    <DisorderType id="21394">
                      <Name lang="de">Krankheit</Name>
                    </DisorderType>
                  </Disorder>
                  <ClassificationNodeChildList count="0">
                  </ClassificationNodeChildList>
                </ClassificationNode>
                <ClassificationNode>
                  <Disorder id="11651">
                    <OrphaCode>85193</OrphaCode>
                    <ExpertLink lang="de">http://www.orpha.net/consor/cgi-bin/OC_Exp.php?lng=de&amp;Expert=85193</ExpertLink>
                    <Name lang="de">Osteoporose, idiopathische juvenile</Name>
                    <DisorderType id="21401">
                      <Name lang="de">Fehlbildungs-Syndrom</Name>
                    </DisorderType>
                  </Disorder>
                  <ClassificationNodeChildList count="0">
                  </ClassificationNodeChildList>
                </ClassificationNode>
                <ClassificationNode>
                  <Disorder id="21699">
                    <OrphaCode>319719</OrphaCode>
                    <ExpertLink lang="de">http://www.orpha.net/consor/cgi-bin/OC_Exp.php?lng=de&amp;Expert=319719</ExpertLink>
                    <Name lang="de">Autoinflammatorisches Syndrom der Kindheit</Name>
                    <DisorderType id="36561">
                      <Name lang="de">Kategorie</Name>
                    </DisorderType>
                  </Disorder>
                  <ClassificationNodeChildList count="7">
                    <ClassificationNode>
                      <Disorder id="21810">
                        <OrphaCode>324933</OrphaCode>
                        <ExpertLink lang="de">http://www.orpha.net/consor/cgi-bin/OC_Exp.php?lng=de&amp;Expert=324933</ExpertLink>
                        <Name lang="de">Autoinflammatorisches und autoimmunes Syndrom, gemischtes</Name>
                        <DisorderType id="36561">
                          <Name lang="de">Kategorie</Name>
                        </DisorderType>
                      </Disorder>
                      <ClassificationNodeChildList count="6">
                        <ClassificationNode>
                          <Disorder id="31418">
                            <OrphaCode>619948</OrphaCode>
                            <ExpertLink lang="de">http://www.orpha.net/consor/cgi-bin/OC_Exp.php?lng=de&amp;Expert=619948</ExpertLink>
                            <Name lang="de">Syndrom der früh einsetzenden Autoimmunität mit Autoinflammation und Immundefekt durch SOCS1-Haploinsuffizienz</Name>
                            <DisorderType id="21394">
                              <Name lang="de">Krankheit</Name>
                            </DisorderType>
                          </Disorder>
                          <ClassificationNodeChildList count="0">
                          </ClassificationNodeChildList>
                        </ClassificationNode>
                        <ClassificationNode>
                          <Disorder id="31951">
                            <OrphaCode>658946</OrphaCode>
                            <ExpertLink lang="de">http://www.orpha.net/consor/cgi-bin/OC_Exp.php?lng=de&amp;Expert=658946</ExpertLink>
                            <Name lang="de">Früh einsetzende Immundysregulation mit Autoimmunität durch partiellen DOCK11-Mangel</Name>
                            <DisorderType id="21394">
                              <Name lang="de">Krankheit</Name>
                            </DisorderType>
                          </Disorder>
                          <ClassificationNodeChildList count="0">
                          </ClassificationNodeChildList>
                        </ClassificationNode>
                        <ClassificationNode>
                          <Disorder id="32305">
                            <OrphaCode>695807</OrphaCode>
                            <ExpertLink lang="de">http://www.orpha.net/consor/cgi-bin/OC_Exp.php?lng=de&amp;Expert=695807</ExpertLink>
                            <Name lang="de">Syndromaler Immundefekt mit systemischer Inflammation und Lymphom-Prädisposition</Name>
                            <DisorderType id="21394">
                              <Name lang="de">Krankheit</Name>
                            </DisorderType>
                          </Disorder>
                          <ClassificationNodeChildList count="0">
                          </ClassificationNodeChildList>
                        </ClassificationNode>
                        <ClassificationNode>
                          <Disorder id="21782">
                            <OrphaCode>324530</OrphaCode>
                            <ExpertLink lang="de">http://www.orpha.net/consor/cgi-bin/OC_Exp.php?lng=de&amp;Expert=324530</ExpertLink>
                            <Name lang="de">Autoinflammation mit PLCG2-assoziiertem Antikörper-Mangel und Immundysregulation</Name>
                            <DisorderType id="21394">
                              <Name lang="de">Krankheit</Name>
                            </DisorderType>
                          </Disorder>
                          <ClassificationNodeChildList count="0">
                          </ClassificationNodeChildList>
                        </ClassificationNode>
                        <ClassificationNode>
                          <Disorder id="21903">
                            <OrphaCode>329173</OrphaCode>
                            <ExpertLink lang="de">http://www.orpha.net/consor/cgi-bin/OC_Exp.php?lng=de&amp;Expert=329173</ExpertLink>
                            <Name lang="de">Autoinflammatorisches Syndrom mit pyogener Bakterieninfektion und Amylopektinose</Name>
                            <DisorderType id="21394">
                              <Name lang="de">Krankheit</Name>
                            </DisorderType>
                          </Disorder>
                          <ClassificationNodeChildList count="0">
                          </ClassificationNodeChildList>
                        </ClassificationNode>
                        <ClassificationNode>
                          <Disorder id="21115">
                            <OrphaCode>300359</OrphaCode>
                            <ExpertLink lang="de">http://www.orpha.net/consor/cgi-bin/OC_Exp.php?lng=de&amp;Expert=300359</ExpertLink>
                            <Name lang="de">PLCG2-associated antibody deficiency and immune dysregulation</Name>
                            <DisorderType id="21394">
                              <Name lang="de">Krankheit</Name>
                            </DisorderType>
                          </Disorder>
                          <ClassificationNodeChildList count="0">
                          </ClassificationNodeChildList>
                        </ClassificationNode>
                      </ClassificationNodeChildList>
                    </ClassificationNode>
                    <ClassificationNode>
                      <Disorder id="21812">
                        <OrphaCode>324939</OrphaCode>
                        <ExpertLink lang="de">http://www.orpha.net/consor/cgi-bin/OC_Exp.php?lng=de&amp;Expert=324939</ExpertLink>
                        <Name lang="de">Periodisches Fiebersyndrom der Kindheit</Name>
                        <DisorderType id="36561">
                          <Name lang="de">Kategorie</Name>
                        </DisorderType>
                      </Disorder>
                      <ClassificationNodeChildList count="2">
                        <ClassificationNode>
                          <Disorder id="21807">
                            <OrphaCode>324924</OrphaCode>
                            <ExpertLink lang="de">http://www.orpha.net/consor/cgi-bin/OC_Exp.php?lng=de&amp;Expert=324924</ExpertLink>
                            <Name lang="de">Hereditäres periodisches Fiebersyndrom</Name>
                            <DisorderType id="36561">
                              <Name lang="de">Kategorie</Name>
                            </DisorderType>
                          </Disorder>
                          <ClassificationNodeChildList count="11">
                            <ClassificationNode>
                              <Disorder id="28477">
                                <OrphaCode>566067</OrphaCode>
                                <ExpertLink lang="de">http://www.orpha.net/consor/cgi-bin/OC_Exp.php?lng=de&amp;Expert=566067</ExpertLink>
                                <Name lang="de">CEBPE-assoziierte Autoinflammation-Immundefekt-neutrophile Funktionsstörung-Syndrom</Name>
                                <DisorderType id="21394">
                                  <Name lang="de">Krankheit</Name>
                                </DisorderType>
                              </Disorder>
                              <ClassificationNodeChildList count="0">
                              </ClassificationNodeChildList>
                            </ClassificationNode>
                            <ClassificationNode>
                              <Disorder id="25994">
                                <OrphaCode>500062</OrphaCode>
                                <ExpertLink lang="de">http://www.orpha.net/consor/cgi-bin/OC_Exp.php?lng=de&amp;Expert=500062</ExpertLink>
                                <Name lang="de">Periodisches Fieber mit Beginn im Kindesalter-Pannikulitis-Dermatose-Syndrom</Name>
                                <DisorderType id="21394">
                                  <Name lang="de">Krankheit</Name>
                                </DisorderType>
                              </Disorder>
                              <ClassificationNodeChildList count="0">
                              </ClassificationNodeChildList>
                            </ClassificationNode>
                            <ClassificationNode>
                              <Disorder id="920">
                                <OrphaCode>342</OrphaCode>
                                <ExpertLink lang="de">http://www.orpha.net/consor/cgi-bin/OC_Exp.php?lng=de&amp;Expert=342</ExpertLink>
                                <Name lang="de">Mittelmeerfieber, familiäres</Name>
                                <DisorderType id="21394">
                                  <Name lang="de">Krankheit</Name>
                                </DisorderType>
                              </Disorder>
                              <ClassificationNodeChildList count="0">
                              </ClassificationNodeChildList>
                            </ClassificationNode>
                            <ClassificationNode>
                              <Disorder id="10303">
                                <OrphaCode>32960</OrphaCode>
                                <ExpertLink lang="de">http://www.orpha.net/consor/cgi-bin/OC_Exp.php?lng=de&amp;Expert=32960</ExpertLink>
                                <Name lang="de">Tumornekrosefaktor-Rezeptor 1-assoziiertes periodisches Fieber-Syndrom</Name>
                                <DisorderType id="21394">
                                  <Name lang="de">Krankheit</Name>
                                </DisorderType>
                              </Disorder>
                              <ClassificationNodeChildList count="0">
                              </ClassificationNodeChildList>
                            </ClassificationNode>
                            <ClassificationNode>
                              <Disorder id="18613">
                                <OrphaCode>208650</OrphaCode>
                                <ExpertLink lang="de">http://www.orpha.net/consor/cgi-bin/OC_Exp.php?lng=de&amp;Expert=208650</ExpertLink>
                                <Name lang="de">NLRP3-assoziierte autoinflammatorische Krankheit</Name>
                                <DisorderType id="21436">
                                  <Name lang="de">Phenom-Gruppe</Name>
                                </DisorderType>
                              </Disorder>
                              <ClassificationNodeChildList count="4">
                                <ClassificationNode>
                                  <Disorder id="2375">
                                    <OrphaCode>575</OrphaCode>
                                    <ExpertLink lang="de">http://www.orpha.net/consor/cgi-bin/OC_Exp.php?lng=de&amp;Expert=575</ExpertLink>
                                    <Name lang="de">Muckle-Wells-Syndrom</Name>
                                    <DisorderType id="21394">
                                      <Name lang="de">Krankheit</Name>
                                    </DisorderType>
                                  </Disorder>
                                  <ClassificationNodeChildList count="0">
                                  </ClassificationNodeChildList>
                                </ClassificationNode>
                                <ClassificationNode>
                                  <Disorder id="3395">
                                    <OrphaCode>1451</OrphaCode>
                                    <ExpertLink lang="de">http://www.orpha.net/consor/cgi-bin/OC_Exp.php?lng=de&amp;Expert=1451</ExpertLink>
                                    <Name lang="de">CINCA-Syndrom</Name>
                                    <DisorderType id="21394">
                                      <Name lang="de">Krankheit</Name>
                                    </DisorderType>
                                  </Disorder>
                                  <ClassificationNodeChildList count="0">
                                  </ClassificationNodeChildList>
                                </ClassificationNode>
                                <ClassificationNode>
                                  <Disorder id="10608">
                                    <OrphaCode>47045</OrphaCode>
                                    <ExpertLink lang="de">http://www.orpha.net/consor/cgi-bin/OC_Exp.php?lng=de&amp;Expert=47045</ExpertLink>
                                    <Name lang="de">Kälte-Urtikaria, familiäre</Name>
                                    <DisorderType id="21394">
                                      <Name lang="de">Krankheit</Name>
                                    </DisorderType>
                                  </Disorder>
                                  <ClassificationNodeChildList count="0">
                                  </ClassificationNodeChildList>
                                </ClassificationNode>
                                <ClassificationNode>
                                  <Disorder id="31819">
                                    <OrphaCode>647815</OrphaCode>
                                    <ExpertLink lang="de">http://www.orpha.net/consor/cgi-bin/OC_Exp.php?lng=de&amp;Expert=647815</ExpertLink>
                                    <Name lang="de">Keratoendotheliitis fugax hereditaria</Name>
                                    <DisorderType id="21394">
                                      <Name lang="de">Krankheit</Name>
                                    </DisorderType>
                                  </Disorder>
                                  <ClassificationNodeChildList count="0">
                                  </ClassificationNodeChildList>
                                </ClassificationNode>
                              </ClassificationNodeChildList>
                            </ClassificationNode>
                            <ClassificationNode>
                              <Disorder id="19559">
                                <OrphaCode>247868</OrphaCode>
                                <ExpertLink lang="de">http://www.orpha.net/consor/cgi-bin/OC_Exp.php?lng=de&amp;Expert=247868</ExpertLink>
                                <Name lang="de">NLRP12-assoziiertes hereditäres Periodisches Fiebersyndrom</Name>
                                <DisorderType id="21394">
                                  <Name lang="de">Krankheit</Name>
                                </DisorderType>
                              </Disorder>
                              <ClassificationNodeChildList count="0">
                              </ClassificationNodeChildList>
                            </ClassificationNode>
                            <ClassificationNode>
                              <Disorder id="21338">
                                <OrphaCode>309025</OrphaCode>
                                <ExpertLink lang="de">http://www.orpha.net/consor/cgi-bin/OC_Exp.php?lng=de&amp;Expert=309025</ExpertLink>
                                <Name lang="de">Mevalonatkinase-Mangel</Name>
                                <DisorderType id="21394">
                                  <Name lang="de">Krankheit</Name>
                                </DisorderType>
                              </Disorder>
                              <ClassificationNodeChildList count="2">
                                <ClassificationNode>
                                  <Disorder id="403">
                                    <OrphaCode>29</OrphaCode>
                                    <ExpertLink lang="de">http://www.orpha.net/consor/cgi-bin/OC_Exp.php?lng=de&amp;Expert=29</ExpertLink>
                                    <Name lang="de">Mevalonazidurie</Name>
                                    <DisorderType id="21450">
                                      <Name lang="de">Klinischer Subtyp</Name>
                                    </DisorderType>
                                  </Disorder>
                                  <ClassificationNodeChildList count="0">
                                  </ClassificationNodeChildList>
                                </ClassificationNode>
                                <ClassificationNode>
                                  <Disorder id="3276">
                                    <OrphaCode>343</OrphaCode>
                                    <ExpertLink lang="de">http://www.orpha.net/consor/cgi-bin/OC_Exp.php?lng=de&amp;Expert=343</ExpertLink>
                                    <Name lang="de">Hyperimmunglobulinämie D mit Rückfallfieber</Name>
                                    <DisorderType id="21450">
                                      <Name lang="de">Klinischer Subtyp</Name>
                                    </DisorderType>
                                  </Disorder>
                                  <ClassificationNodeChildList count="0">
                                  </ClassificationNodeChildList>
                                </ClassificationNode>
                              </ClassificationNodeChildList>
                            </ClassificationNode>
                            <ClassificationNode>
                              <Disorder id="23330">
                                <OrphaCode>436166</OrphaCode>
                                <ExpertLink lang="de">http://www.orpha.net/consor/cgi-bin/OC_Exp.php?lng=de&amp;Expert=436166</ExpertLink>
                                <Name lang="de">Periodisches Fieber-infantile Enterocolitis-autoinflammatorisches Syndrom</Name>
                                <DisorderType id="21394">
                                  <Name lang="de">Krankheit</Name>
                                </DisorderType>
                              </Disorder>
                              <ClassificationNodeChildList count="0">
                              </ClassificationNodeChildList>
                            </ClassificationNode>
                            <ClassificationNode>
                              <Disorder id="28852">
                                <OrphaCode>576349</OrphaCode>
                                <ExpertLink lang="de">http://www.orpha.net/consor/cgi-bin/OC_Exp.php?lng=de&amp;Expert=576349</ExpertLink>
                                <Name lang="de">NLRC4-assoziiertes familiäres kälteinduziertes autoinflammatorisches Syndrom</Name>
                                <DisorderType id="21394">
                                  <Name lang="de">Krankheit</Name>
                                </DisorderType>
                              </Disorder>
                              <ClassificationNodeChildList count="0">
                              </ClassificationNodeChildList>
                            </ClassificationNode>
                            <ClassificationNode>
                              <Disorder id="31896">
                                <OrphaCode>652522</OrphaCode>
                                <ExpertLink lang="de">http://www.orpha.net/consor/cgi-bin/OC_Exp.php?lng=de&amp;Expert=652522</ExpertLink>
                                <Name lang="de">Periodisches Fieber-Immundefekt-Thrombozytopenie-Syndrom</Name>
                                <DisorderType id="21394">
                                  <Name lang="de">Krankheit</Name>
                                </DisorderType>
                              </Disorder>
                              <ClassificationNodeChildList count="0">
                              </ClassificationNodeChildList>
                            </ClassificationNode>
                            <ClassificationNode>
                              <Disorder id="31372">
                                <OrphaCode>617919</OrphaCode>
                                <ExpertLink lang="de">http://www.orpha.net/consor/cgi-bin/OC_Exp.php?lng=de&amp;Expert=617919</ExpertLink>
                                <Name lang="de">F12-assoziiertes familiäres kälteinduziertes autoinflammatorisches Syndrom</Name>
                                <DisorderType id="21394">
                                  <Name lang="de">Krankheit</Name>
                                </DisorderType>
                              </Disorder>
                              <ClassificationNodeChildList count="0">
                              </ClassificationNodeChildList>
                            </ClassificationNode>
                          </ClassificationNodeChildList>
                        </ClassificationNode>
                        <ClassificationNode>
                          <Disorder id="21816">
                            <OrphaCode>324960</OrphaCode>
                            <ExpertLink lang="de">http://www.orpha.net/consor/cgi-bin/OC_Exp.php?lng=de&amp;Expert=324960</ExpertLink>
                            <Name lang="de">Unerklärliches periodisches Fierbersyndrom der Kindheit</Name>
                            <DisorderType id="36561">
                              <Name lang="de">Kategorie</Name>
                            </DisorderType>
                          </Disorder>
                          <ClassificationNodeChildList count="1">
                            <ClassificationNode>
                              <Disorder id="10573">
                                <OrphaCode>42642</OrphaCode>
                                <ExpertLink lang="de">http://www.orpha.net/consor/cgi-bin/OC_Exp.php?lng=de&amp;Expert=42642</ExpertLink>
                                <Name lang="de">PFAPA-Syndrom</Name>
                                <DisorderType id="21394">
                                  <Name lang="de">Krankheit</Name>
                                </DisorderType>
                              </Disorder>
                              <ClassificationNodeChildList count="0">
                              </ClassificationNodeChildList>
                            </ClassificationNode>
                          </ClassificationNodeChildList>
                        </ClassificationNode>
                      </ClassificationNodeChildList>
                    </ClassificationNode>
                    <ClassificationNode>
                      <Disorder id="21813">
                        <OrphaCode>324942</OrphaCode>
                        <ExpertLink lang="de">http://www.orpha.net/consor/cgi-bin/OC_Exp.php?lng=de&amp;Expert=324942</ExpertLink>
                        <Name lang="de">Autoinflammatorisches Syndrom, pyogenes, der Kindheit</Name>
                        <DisorderType id="36561">
                          <Name lang="de">Kategorie</Name>
                        </DisorderType>
                      </Disorder>
                      <ClassificationNodeChildList count="7">
                        <ClassificationNode>
                          <Disorder id="21817">
                            <OrphaCode>324964</OrphaCode>
                            <ExpertLink lang="de">http://www.orpha.net/consor/cgi-bin/OC_Exp.php?lng=de&amp;Expert=324964</ExpertLink>
                            <Name lang="de">Chronische nicht-bakterielle Osteomyelitis/rezidivierende multifokale Osteomyelitis</Name>
                            <DisorderType id="21394">
                              <Name lang="de">Krankheit</Name>
                            </DisorderType>
                          </Disorder>
                          <ClassificationNodeChildList count="0">
                          </ClassificationNodeChildList>
                        </ClassificationNode>
                        <ClassificationNode>
                          <Disorder id="10924">
                            <OrphaCode>69126</OrphaCode>
                            <ExpertLink lang="de">http://www.orpha.net/consor/cgi-bin/OC_Exp.php?lng=de&amp;Expert=69126</ExpertLink>
                            <Name lang="de">PAPA-Syndrom</Name>
                            <DisorderType id="21394">
                              <Name lang="de">Krankheit</Name>
                            </DisorderType>
                          </Disorder>
                          <ClassificationNodeChildList count="0">
                          </ClassificationNodeChildList>
                        </ClassificationNode>
                        <ClassificationNode>
                          <Disorder id="11109">
                            <OrphaCode>77297</OrphaCode>
                            <ExpertLink lang="de">http://www.orpha.net/consor/cgi-bin/OC_Exp.php?lng=de&amp;Expert=77297</ExpertLink>
                            <Name lang="de">Majeed-Syndrom</Name>
                            <DisorderType id="21394">
                              <Name lang="de">Krankheit</Name>
                            </DisorderType>
                          </Disorder>
                          <ClassificationNodeChildList count="0">
                          </ClassificationNodeChildList>
                        </ClassificationNode>
                        <ClassificationNode>
                          <Disorder id="18683">
                            <OrphaCode>210115</OrphaCode>
                            <ExpertLink lang="de">http://www.orpha.net/consor/cgi-bin/OC_Exp.php?lng=de&amp;Expert=210115</ExpertLink>
                            <Name lang="de">Sterile multifokale Osteomyelitis mit Periostitis und Pustulose</Name>
                            <DisorderType id="21394">
                              <Name lang="de">Krankheit</Name>
                            </DisorderType>
                          </Disorder>
                          <ClassificationNodeChildList count="0">
                          </ClassificationNodeChildList>
                        </ClassificationNode>
                        <ClassificationNode>
                          <Disorder id="20902">
                            <OrphaCode>294023</OrphaCode>
                            <ExpertLink lang="de">http://www.orpha.net/consor/cgi-bin/OC_Exp.php?lng=de&amp;Expert=294023</ExpertLink>
                            <Name lang="de">Neonatale Haut- und Darmerkrankung, entzündliche</Name>
                            <DisorderType id="21394">
                              <Name lang="de">Krankheit</Name>
                            </DisorderType>
                          </Disorder>
                          <ClassificationNodeChildList count="0">
                          </ClassificationNodeChildList>
                        </ClassificationNode>
                        <ClassificationNode>
                          <Disorder id="22937">
                            <OrphaCode>404546</OrphaCode>
                            <ExpertLink lang="de">http://www.orpha.net/consor/cgi-bin/OC_Exp.php?lng=de&amp;Expert=404546</ExpertLink>
                            <Name lang="de">DITRA</Name>
                            <DisorderType id="21394">
                              <Name lang="de">Krankheit</Name>
                            </DisorderType>
                          </Disorder>
                          <ClassificationNodeChildList count="0">
                          </ClassificationNodeChildList>
                        </ClassificationNode>
                        <ClassificationNode>
                          <Disorder id="19644">
                            <OrphaCode>251523</OrphaCode>
                            <ExpertLink lang="de">http://www.orpha.net/consor/cgi-bin/OC_Exp.php?lng=de&amp;Expert=251523</ExpertLink>
                            <Name lang="de">Hyperzinkämie und Hypercalprotectinämie</Name>
                            <DisorderType id="21394">
                              <Name lang="de">Krankheit</Name>
                            </DisorderType>
                          </Disorder>
                          <ClassificationNodeChildList count="0">
                          </ClassificationNodeChildList>
                        </ClassificationNode>
                      </ClassificationNodeChildList>
                    </ClassificationNode>
                    <ClassificationNode>
                      <Disorder id="21814">
                        <OrphaCode>324950</OrphaCode>
                        <ExpertLink lang="de">http://www.orpha.net/consor/cgi-bin/OC_Exp.php?lng=de&amp;Expert=324950</ExpertLink>
                        <Name lang="de">Autoinflammatorisches Syndrom, granulomatöses, der Kindheit</Name>
                        <DisorderType id="36561">
                          <Name lang="de">Kategorie</Name>
                        </DisorderType>
                      </Disorder>
                      <ClassificationNodeChildList count="2">
                        <ClassificationNode>
                          <Disorder id="12018">
                            <OrphaCode>90340</OrphaCode>
                            <ExpertLink lang="de">http://www.orpha.net/consor/cgi-bin/OC_Exp.php?lng=de&amp;Expert=90340</ExpertLink>
                            <Name lang="de">Blau-Syndrom</Name>
                            <DisorderType id="21394">
                              <Name lang="de">Krankheit</Name>
                            </DisorderType>
                          </Disorder>
                          <ClassificationNodeChildList count="0">
                          </ClassificationNodeChildList>
                        </ClassificationNode>
                        <ClassificationNode>
                          <Disorder id="19624">
                            <OrphaCode>251304</OrphaCode>
                            <ExpertLink lang="de">http://www.orpha.net/consor/cgi-bin/OC_Exp.php?lng=de&amp;Expert=251304</ExpertLink>
                            <Name lang="de">Pannikulitis mit Uveitis und systemischer Granulomatose, infantile Form</Name>
                            <DisorderType id="21394">
                              <Name lang="de">Krankheit</Name>
                            </DisorderType>
                          </Disorder>
                          <ClassificationNodeChildList count="0">
                          </ClassificationNodeChildList>
                        </ClassificationNode>
                      </ClassificationNodeChildList>
                    </ClassificationNode>
                    <ClassificationNode>
                      <Disorder id="21815">
                        <OrphaCode>324953</OrphaCode>
                        <ExpertLink lang="de">http://www.orpha.net/consor/cgi-bin/OC_Exp.php?lng=de&amp;Expert=324953</ExpertLink>
                        <Name lang="de">Autoinflammatorisches Syndrom, unklassifiziertes, der Kindheit</Name>
                        <DisorderType id="36561">
                          <Name lang="de">Kategorie</Name>
                        </DisorderType>
                      </Disorder>
                      <ClassificationNodeChildList count="4">
                        <ClassificationNode>
                          <Disorder id="703">
                            <OrphaCode>117</OrphaCode>
                            <ExpertLink lang="de">http://www.orpha.net/consor/cgi-bin/OC_Exp.php?lng=de&amp;Expert=117</ExpertLink>
                            <Name lang="de">Behçet-Syndrom</Name>
                            <DisorderType id="21394">
                              <Name lang="de">Krankheit</Name>
                            </DisorderType>
                          </Disorder>
                          <ClassificationNodeChildList count="0">
                          </ClassificationNodeChildList>
                        </ClassificationNode>
                        <ClassificationNode>
                          <Disorder id="19625">
                            <OrphaCode>251307</OrphaCode>
                            <ExpertLink lang="de">http://www.orpha.net/consor/cgi-bin/OC_Exp.php?lng=de&amp;Expert=251307</ExpertLink>
                            <Name lang="de">Perikarditis, idiopathische rekurrente</Name>
                            <DisorderType id="21394">
                              <Name lang="de">Krankheit</Name>
                            </DisorderType>
                          </Disorder>
                          <ClassificationNodeChildList count="0">
                          </ClassificationNodeChildList>
                        </ClassificationNode>
                        <ClassificationNode>
                          <Disorder id="32094">
                            <OrphaCode>674762</OrphaCode>
                            <ExpertLink lang="de">http://www.orpha.net/consor/cgi-bin/OC_Exp.php?lng=de&amp;Expert=674762</ExpertLink>
                            <Name lang="de">Früh einsetzendes autoinflammatorisches Syndrom durch A20-Haploinsuffizienz</Name>
                            <DisorderType id="21394">
                              <Name lang="de">Krankheit</Name>
                            </DisorderType>
                          </Disorder>
                          <ClassificationNodeChildList count="0">
                          </ClassificationNodeChildList>
                        </ClassificationNode>
                        <ClassificationNode>
                          <Disorder id="996">
                            <OrphaCode>184</OrphaCode>
                            <ExpertLink lang="de">http://www.orpha.net/consor/cgi-bin/OC_Exp.php?lng=de&amp;Expert=184</ExpertLink>
                            <Name lang="de">Cherubismus</Name>
                            <DisorderType id="21401">
                              <Name lang="de">Fehlbildungs-Syndrom</Name>
                            </DisorderType>
                          </Disorder>
                          <ClassificationNodeChildList count="0">
                          </ClassificationNodeChildList>
                        </ClassificationNode>
                      </ClassificationNodeChildList>
                    </ClassificationNode>
                    <ClassificationNode>
                      <Disorder id="3057">
                        <OrphaCode>3243</OrphaCode>
                        <ExpertLink lang="de">http://www.orpha.net/consor/cgi-bin/OC_Exp.php?lng=de&amp;Expert=3243</ExpertLink>
                        <Name lang="de">Sweet-Syndrom</Name>
                        <DisorderType id="21394">
                          <Name lang="de">Krankheit</Name>
                        </DisorderType>
                      </Disorder>
                      <ClassificationNodeChildList count="0">
                      </ClassificationNodeChildList>
                    </ClassificationNode>
                    <ClassificationNode>
                      <Disorder id="25241">
                        <OrphaCode>481671</OrphaCode>
                        <ExpertLink lang="de">http://www.orpha.net/consor/cgi-bin/OC_Exp.php?lng=de&amp;Expert=481671</ExpertLink>
                        <Name lang="de">Typ-1-Interferonopathie des Kindesalters</Name>
                        <DisorderType id="36561">
                          <Name lang="de">Kategorie</Name>
                        </DisorderType>
                      </Disorder>
                      <ClassificationNodeChildList count="14">
                        <ClassificationNode>
                          <Disorder id="1309">
                            <OrphaCode>51</OrphaCode>
                            <ExpertLink lang="de">http://www.orpha.net/consor/cgi-bin/OC_Exp.php?lng=de&amp;Expert=51</ExpertLink>
                            <Name lang="de">Aicardi-Goutières-Syndrom</Name>
                            <DisorderType id="21394">
                              <Name lang="de">Krankheit</Name>
                            </DisorderType>
                          </Disorder>
                          <ClassificationNodeChildList count="0">
                          </ClassificationNodeChildList>
                        </ClassificationNode>
                        <ClassificationNode>
                          <Disorder id="25239">
                            <OrphaCode>481662</OrphaCode>
                            <ExpertLink lang="de">http://www.orpha.net/consor/cgi-bin/OC_Exp.php?lng=de&amp;Expert=481662</ExpertLink>
                            <Name lang="de">Chilblain-Lupus, familiärer</Name>
                            <DisorderType id="21394">
                              <Name lang="de">Krankheit</Name>
                            </DisorderType>
                          </Disorder>
                          <ClassificationNodeChildList count="0">
                          </ClassificationNodeChildList>
                        </ClassificationNode>
                        <ClassificationNode>
                          <Disorder id="2842">
                            <OrphaCode>1855</OrphaCode>
                            <ExpertLink lang="de">http://www.orpha.net/consor/cgi-bin/OC_Exp.php?lng=de&amp;Expert=1855</ExpertLink>
                            <Name lang="de">Spondyloenchondrodysplasie</Name>
                            <DisorderType id="21401">
                              <Name lang="de">Fehlbildungs-Syndrom</Name>
                            </DisorderType>
                          </Disorder>
                          <ClassificationNodeChildList count="0">
                          </ClassificationNodeChildList>
                        </ClassificationNode>
                        <ClassificationNode>
                          <Disorder id="21114">
                            <OrphaCode>300345</OrphaCode>
                            <ExpertLink lang="de">http://www.orpha.net/consor/cgi-bin/OC_Exp.php?lng=de&amp;Expert=300345</ExpertLink>
                            <Name lang="de">Lupus erythematodes, systemischer, autosomal-rezessiver</Name>
                            <DisorderType id="21394">
                              <Name lang="de">Krankheit</Name>
                            </DisorderType>
                          </Disorder>
                          <ClassificationNodeChildList count="0">
                          </ClassificationNodeChildList>
                        </ClassificationNode>
                        <ClassificationNode>
                          <Disorder id="21819">
                            <OrphaCode>324977</OrphaCode>
                            <ExpertLink lang="de">http://www.orpha.net/consor/cgi-bin/OC_Exp.php?lng=de&amp;Expert=324977</ExpertLink>
                            <Name lang="de">Proteasom-assoziiertes autoinflammatorisches Syndrom</Name>
                            <DisorderType id="21394">
                              <Name lang="de">Krankheit</Name>
                            </DisorderType>
                          </Disorder>
                          <ClassificationNodeChildList count="0">
                          </ClassificationNodeChildList>
                        </ClassificationNode>
                        <ClassificationNode>
                          <Disorder id="11649">
                            <OrphaCode>85191</OrphaCode>
                            <ExpertLink lang="de">http://www.orpha.net/consor/cgi-bin/OC_Exp.php?lng=de&amp;Expert=85191</ExpertLink>
                            <Name lang="de">Singleton-Merten-Dysplasie</Name>
                            <DisorderType id="21401">
                              <Name lang="de">Fehlbildungs-Syndrom</Name>
                            </DisorderType>
                          </Disorder>
                          <ClassificationNodeChildList count="0">
                          </ClassificationNodeChildList>
                        </ClassificationNode>
                        <ClassificationNode>
                          <Disorder id="21674">
                            <OrphaCode>319563</OrphaCode>
                            <ExpertLink lang="de">http://www.orpha.net/consor/cgi-bin/OC_Exp.php?lng=de&amp;Expert=319563</ExpertLink>
                            <Name lang="de">Suszeptibilität für Mykobakteriosen durch kompletten ISG15-Defekt</Name>
                            <DisorderType id="21394">
                              <Name lang="de">Krankheit</Name>
                            </DisorderType>
                          </Disorder>
                          <ClassificationNodeChildList count="0">
                          </ClassificationNodeChildList>
                        </ClassificationNode>
                        <ClassificationNode>
                          <Disorder id="11605">
                            <OrphaCode>84064</OrphaCode>
                            <ExpertLink lang="de">http://www.orpha.net/consor/cgi-bin/OC_Exp.php?lng=de&amp;Expert=84064</ExpertLink>
                            <Name lang="de">Diarrhoe, syndromale</Name>
                            <DisorderType id="21394">
                              <Name lang="de">Krankheit</Name>
                            </DisorderType>
                          </Disorder>
                          <ClassificationNodeChildList count="0">
                          </ClassificationNodeChildList>
                        </ClassificationNode>
                        <ClassificationNode>
                          <Disorder id="23209">
                            <OrphaCode>425120</OrphaCode>
                            <ExpertLink lang="de">http://www.orpha.net/consor/cgi-bin/OC_Exp.php?lng=de&amp;Expert=425120</ExpertLink>
                            <Name lang="de">STING-assoziierte Vaskulopathie mit Beginn in der Kindheit</Name>
                            <DisorderType id="21394">
                              <Name lang="de">Krankheit</Name>
                            </DisorderType>
                          </Disorder>
                          <ClassificationNodeChildList count="0">
                          </ClassificationNodeChildList>
                        </ClassificationNode>
                        <ClassificationNode>
                          <Disorder id="11724">
                            <OrphaCode>85453</OrphaCode>
                            <ExpertLink lang="de">http://www.orpha.net/consor/cgi-bin/OC_Exp.php?lng=de&amp;Expert=85453</ExpertLink>
                            <Name lang="de">X-chromosomale retikuläre Pigmentierungsstörung</Name>
                            <DisorderType id="21394">
                              <Name lang="de">Krankheit</Name>
                            </DisorderType>
                          </Disorder>
                          <ClassificationNodeChildList count="0">
                          </ClassificationNodeChildList>
                        </ClassificationNode>
                        <ClassificationNode>
                          <Disorder id="22938">
                            <OrphaCode>404553</OrphaCode>
                            <ExpertLink lang="de">http://www.orpha.net/consor/cgi-bin/OC_Exp.php?lng=de&amp;Expert=404553</ExpertLink>
                            <Name lang="de">Adenosin-Desaminase 2-Mangel</Name>
                            <DisorderType id="21394">
                              <Name lang="de">Krankheit</Name>
                            </DisorderType>
                          </Disorder>
                          <ClassificationNodeChildList count="0">
                          </ClassificationNodeChildList>
                        </ClassificationNode>
                        <ClassificationNode>
                          <Disorder id="25240">
                            <OrphaCode>481665</OrphaCode>
                            <ExpertLink lang="de">http://www.orpha.net/consor/cgi-bin/OC_Exp.php?lng=de&amp;Expert=481665</ExpertLink>
                            <Name lang="de">USP18-Mangel</Name>
                            <DisorderType id="21394">
                              <Name lang="de">Krankheit</Name>
                            </DisorderType>
                          </Disorder>
                          <ClassificationNodeChildList count="0">
                          </ClassificationNodeChildList>
                        </ClassificationNode>
                        <ClassificationNode>
                          <Disorder id="31416">
                            <OrphaCode>619367</OrphaCode>
                            <ExpertLink lang="de">http://www.orpha.net/consor/cgi-bin/OC_Exp.php?lng=de&amp;Expert=619367</ExpertLink>
                            <Name lang="de">SAMD9L-assoziiertes autoinflammatorisches Syndrom</Name>
                            <DisorderType id="21394">
                              <Name lang="de">Krankheit</Name>
                            </DisorderType>
                          </Disorder>
                          <ClassificationNodeChildList count="0">
                          </ClassificationNodeChildList>
                        </ClassificationNode>
                        <ClassificationNode>
                          <Disorder id="32407">
                            <OrphaCode>699605</OrphaCode>
                            <ExpertLink lang="de">http://www.orpha.net/consor/cgi-bin/OC_Exp.php?lng=de&amp;Expert=699605</ExpertLink>
                            <Name lang="de">Autoinflammatorisches Syndrom mit assoziierter Exon 5-Deletion in NEMO</Name>
                            <DisorderType id="21394">
                              <Name lang="de">Krankheit</Name>
                            </DisorderType>
                          </Disorder>
                          <ClassificationNodeChildList count="0">
                          </ClassificationNodeChildList>
                        </ClassificationNode>
                      </ClassificationNodeChildList>
                    </ClassificationNode>
                  </ClassificationNodeChildList>
                </ClassificationNode>
                <ClassificationNode>
                  <Disorder id="21950">
                    <OrphaCode>329967</OrphaCode>
                    <ExpertLink lang="de">http://www.orpha.net/consor/cgi-bin/OC_Exp.php?lng=de&amp;Expert=329967</ExpertLink>
                    <Name lang="de">Hydarthrose, intermittierende</Name>
                    <DisorderType id="21394">
                      <Name lang="de">Krankheit</Name>
                    </DisorderType>
                  </Disorder>
                  <ClassificationNodeChildList count="0">
                  </ClassificationNodeChildList>
                </ClassificationNode>
                <ClassificationNode>
                  <Disorder id="25135">
                    <OrphaCode>477650</OrphaCode>
                    <ExpertLink lang="de">http://www.orpha.net/consor/cgi-bin/OC_Exp.php?lng=de&amp;Expert=477650</ExpertLink>
                    <Name lang="de">Rheumatismus, fibroblastischer</Name>
                    <DisorderType id="21394">
                      <Name lang="de">Krankheit</Name>
                    </DisorderType>
                  </Disorder>
                  <ClassificationNodeChildList count="0">
                  </ClassificationNodeChildList>
                </ClassificationNode>
              </ClassificationNodeChildList>
            </ClassificationNode>
          </ClassificationNodeChildList>
        </ClassificationNode>
      </ClassificationNodeRootList>
    </Classification>
  </ClassificationList>
</JDBOR>
