<?xml version="1.0" encoding="UTF-8"?>
<JDBOR ExtractionDate="2025-06-24 07:59:50" version="1.3.42 / 4.1.8 [2025-03-03]" copyright="Orphanet (c) 2025" dbserver="jdbc:sybase:Tds:canard.orpha.net:2020">
  <Availability> 
    <Licence>
      <FullName lang="en">Creative Commons Attribution 4.0 International</FullName>
      <ShortIdentifier>CC-BY-4.0</ShortIdentifier>
      <LegalCode>https://creativecommons.org/licenses/by/4.0/legalcode</LegalCode>
    </Licence>
  </Availability>
  <ClassificationList count="1">
    <Classification id="231">
      <OrphaNumber>280338</OrphaNumber>
      <Name lang="pt">Classification of rare rheumatologic diseases of childhood</Name>
      <ClassificationNodeRootList count="1">
        <ClassificationNode>
          <Disorder id="20456">
            <OrphaCode>280342</OrphaCode>
            <ExpertLink lang="pt">http://www.orpha.net/consor/cgi-bin/OC_Exp.php?lng=pt&amp;Expert=280342</ExpertLink>
            <Name lang="pt">Doença reumatológica rara da infância</Name>
            <DisorderType id="36561">
              <Name lang="pt">Category</Name>
            </DisorderType>
          </Disorder>
          <ClassificationNodeChildList count="3">
            <ClassificationNode>
              <Disorder id="20461">
                <OrphaCode>280369</OrphaCode>
                <ExpertLink lang="pt">http://www.orpha.net/consor/cgi-bin/OC_Exp.php?lng=pt&amp;Expert=280369</ExpertLink>
                <Name lang="pt">Vasculite pediátrica rara</Name>
                <DisorderType id="36561">
                  <Name lang="pt">Category</Name>
                </DisorderType>
              </Disorder>
              <ClassificationNodeChildList count="12">
                <ClassificationNode>
                  <Disorder id="749">
                    <OrphaCode>761</OrphaCode>
                    <ExpertLink lang="pt">http://www.orpha.net/consor/cgi-bin/OC_Exp.php?lng=pt&amp;Expert=761</ExpertLink>
                    <Name lang="pt">Vasculite Imunoglobulina A</Name>
                    <DisorderType id="21394">
                      <Name lang="pt">Doença</Name>
                    </DisorderType>
                  </Disorder>
                  <ClassificationNodeChildList count="0">
                  </ClassificationNodeChildList>
                </ClassificationNode>
                <ClassificationNode>
                  <Disorder id="788">
                    <OrphaCode>2331</OrphaCode>
                    <ExpertLink lang="pt">http://www.orpha.net/consor/cgi-bin/OC_Exp.php?lng=pt&amp;Expert=2331</ExpertLink>
                    <Name lang="pt">Doença de Kawasaki</Name>
                    <DisorderType id="21394">
                      <Name lang="pt">Doença</Name>
                    </DisorderType>
                  </Disorder>
                  <ClassificationNodeChildList count="0">
                  </ClassificationNodeChildList>
                </ClassificationNode>
                <ClassificationNode>
                  <Disorder id="806">
                    <OrphaCode>3287</OrphaCode>
                    <ExpertLink lang="pt">http://www.orpha.net/consor/cgi-bin/OC_Exp.php?lng=pt&amp;Expert=3287</ExpertLink>
                    <Name lang="pt">Arterite de Takayasu</Name>
                    <DisorderType id="21394">
                      <Name lang="pt">Doença</Name>
                    </DisorderType>
                  </Disorder>
                  <ClassificationNodeChildList count="0">
                  </ClassificationNodeChildList>
                </ClassificationNode>
                <ClassificationNode>
                  <Disorder id="3403">
                    <OrphaCode>767</OrphaCode>
                    <ExpertLink lang="pt">http://www.orpha.net/consor/cgi-bin/OC_Exp.php?lng=pt&amp;Expert=767</ExpertLink>
                    <Name lang="pt">Poliarterite nodosa</Name>
                    <DisorderType id="21394">
                      <Name lang="pt">Doença</Name>
                    </DisorderType>
                  </Disorder>
                  <ClassificationNodeChildList count="2">
                    <ClassificationNode>
                      <Disorder id="23387">
                        <OrphaCode>439737</OrphaCode>
                        <ExpertLink lang="pt">http://www.orpha.net/consor/cgi-bin/OC_Exp.php?lng=pt&amp;Expert=439737</ExpertLink>
                        <Name lang="pt">Poliarterite nodosa primária</Name>
                        <DisorderType id="21450">
                          <Name lang="pt">Subtipo clínico</Name>
                        </DisorderType>
                      </Disorder>
                      <ClassificationNodeChildList count="3">
                        <ClassificationNode>
                          <Disorder id="23386">
                            <OrphaCode>439729</OrphaCode>
                            <ExpertLink lang="pt">http://www.orpha.net/consor/cgi-bin/OC_Exp.php?lng=pt&amp;Expert=439729</ExpertLink>
                            <Name lang="pt">Poliarterite nodosa cutânea</Name>
                            <DisorderType id="21450">
                              <Name lang="pt">Subtipo clínico</Name>
                            </DisorderType>
                          </Disorder>
                          <ClassificationNodeChildList count="0">
                          </ClassificationNodeChildList>
                        </ClassificationNode>
                        <ClassificationNode>
                          <Disorder id="23389">
                            <OrphaCode>439755</OrphaCode>
                            <ExpertLink lang="pt">http://www.orpha.net/consor/cgi-bin/OC_Exp.php?lng=pt&amp;Expert=439755</ExpertLink>
                            <Name lang="pt">Poliarterite nodosa, orgão - único</Name>
                            <DisorderType id="21450">
                              <Name lang="pt">Subtipo clínico</Name>
                            </DisorderType>
                          </Disorder>
                          <ClassificationNodeChildList count="0">
                          </ClassificationNodeChildList>
                        </ClassificationNode>
                        <ClassificationNode>
                          <Disorder id="23390">
                            <OrphaCode>439762</OrphaCode>
                            <ExpertLink lang="pt">http://www.orpha.net/consor/cgi-bin/OC_Exp.php?lng=pt&amp;Expert=439762</ExpertLink>
                            <Name lang="pt">Poliarterite nodosa sistémica</Name>
                            <DisorderType id="21450">
                              <Name lang="pt">Subtipo clínico</Name>
                            </DisorderType>
                          </Disorder>
                          <ClassificationNodeChildList count="0">
                          </ClassificationNodeChildList>
                        </ClassificationNode>
                      </ClassificationNodeChildList>
                    </ClassificationNode>
                    <ClassificationNode>
                      <Disorder id="23388">
                        <OrphaCode>439746</OrphaCode>
                        <ExpertLink lang="pt">http://www.orpha.net/consor/cgi-bin/OC_Exp.php?lng=pt&amp;Expert=439746</ExpertLink>
                        <Name lang="pt">Poliarterite nodosa secundária</Name>
                        <DisorderType id="21450">
                          <Name lang="pt">Subtipo clínico</Name>
                        </DisorderType>
                      </Disorder>
                      <ClassificationNodeChildList count="0">
                      </ClassificationNodeChildList>
                    </ClassificationNode>
                  </ClassificationNodeChildList>
                </ClassificationNode>
                <ClassificationNode>
                  <Disorder id="3333">
                    <OrphaCode>1467</OrphaCode>
                    <ExpertLink lang="pt">http://www.orpha.net/consor/cgi-bin/OC_Exp.php?lng=pt&amp;Expert=1467</ExpertLink>
                    <Name lang="pt">Síndrome Cogan</Name>
                    <DisorderType id="21394">
                      <Name lang="pt">Doença</Name>
                    </DisorderType>
                  </Disorder>
                  <ClassificationNodeChildList count="0">
                  </ClassificationNodeChildList>
                </ClassificationNode>
                <ClassificationNode>
                  <Disorder id="10428">
                    <OrphaCode>36412</OrphaCode>
                    <ExpertLink lang="pt">http://www.orpha.net/consor/cgi-bin/OC_Exp.php?lng=pt&amp;Expert=36412</ExpertLink>
                    <Name lang="pt">Vasculite urticariforme hipocomplementémica</Name>
                    <DisorderType id="21394">
                      <Name lang="pt">Doença</Name>
                    </DisorderType>
                  </Disorder>
                  <ClassificationNodeChildList count="0">
                  </ClassificationNodeChildList>
                </ClassificationNode>
                <ClassificationNode>
                  <Disorder id="12115">
                    <OrphaCode>91138</OrphaCode>
                    <ExpertLink lang="pt">http://www.orpha.net/consor/cgi-bin/OC_Exp.php?lng=pt&amp;Expert=91138</ExpertLink>
                    <Name lang="pt">Crioglobulinemia mista</Name>
                    <DisorderType id="21394">
                      <Name lang="pt">Doença</Name>
                    </DisorderType>
                  </Disorder>
                  <ClassificationNodeChildList count="2">
                    <ClassificationNode>
                      <Disorder id="12396">
                        <OrphaCode>93554</OrphaCode>
                        <ExpertLink lang="pt">http://www.orpha.net/consor/cgi-bin/OC_Exp.php?lng=pt&amp;Expert=93554</ExpertLink>
                        <Name lang="pt">Crioglobulinemia mista tipo II</Name>
                        <DisorderType id="21443">
                          <Name lang="pt">Subtipo etiologico</Name>
                        </DisorderType>
                      </Disorder>
                      <ClassificationNodeChildList count="0">
                      </ClassificationNodeChildList>
                    </ClassificationNode>
                    <ClassificationNode>
                      <Disorder id="12397">
                        <OrphaCode>93555</OrphaCode>
                        <ExpertLink lang="pt">http://www.orpha.net/consor/cgi-bin/OC_Exp.php?lng=pt&amp;Expert=93555</ExpertLink>
                        <Name lang="pt">Crioglobulinemia mista tipo III</Name>
                        <DisorderType id="21443">
                          <Name lang="pt">Subtipo etiologico</Name>
                        </DisorderType>
                      </Disorder>
                      <ClassificationNodeChildList count="0">
                      </ClassificationNodeChildList>
                    </ClassificationNode>
                  </ClassificationNodeChildList>
                </ClassificationNode>
                <ClassificationNode>
                  <Disorder id="17099">
                    <OrphaCode>156152</OrphaCode>
                    <ExpertLink lang="pt">http://www.orpha.net/consor/cgi-bin/OC_Exp.php?lng=pt&amp;Expert=156152</ExpertLink>
                    <Name lang="pt">Vasculite associada a anticorpos anti-neutrofilo citoplasmáticos (ANCA)</Name>
                    <DisorderType id="21436">
                      <Name lang="pt">Grupo de fenótipos</Name>
                    </DisorderType>
                  </Disorder>
                  <ClassificationNodeChildList count="3">
                    <ClassificationNode>
                      <Disorder id="745">
                        <OrphaCode>183</OrphaCode>
                        <ExpertLink lang="pt">http://www.orpha.net/consor/cgi-bin/OC_Exp.php?lng=pt&amp;Expert=183</ExpertLink>
                        <Name lang="pt">Granulomatose eosinofílica com poliangeíte</Name>
                        <DisorderType id="21394">
                          <Name lang="pt">Doença</Name>
                        </DisorderType>
                      </Disorder>
                      <ClassificationNodeChildList count="0">
                      </ClassificationNodeChildList>
                    </ClassificationNode>
                    <ClassificationNode>
                      <Disorder id="753">
                        <OrphaCode>727</OrphaCode>
                        <ExpertLink lang="pt">http://www.orpha.net/consor/cgi-bin/OC_Exp.php?lng=pt&amp;Expert=727</ExpertLink>
                        <Name lang="pt">Poliangeíte microscópica</Name>
                        <DisorderType id="21394">
                          <Name lang="pt">Doença</Name>
                        </DisorderType>
                      </Disorder>
                      <ClassificationNodeChildList count="0">
                      </ClassificationNodeChildList>
                    </ClassificationNode>
                    <ClassificationNode>
                      <Disorder id="759">
                        <OrphaCode>900</OrphaCode>
                        <ExpertLink lang="pt">http://www.orpha.net/consor/cgi-bin/OC_Exp.php?lng=pt&amp;Expert=900</ExpertLink>
                        <Name lang="pt">Granulomatose com poliangeíte</Name>
                        <DisorderType id="21394">
                          <Name lang="pt">Doença</Name>
                        </DisorderType>
                      </Disorder>
                      <ClassificationNodeChildList count="0">
                      </ClassificationNodeChildList>
                    </ClassificationNode>
                  </ClassificationNodeChildList>
                </ClassificationNode>
                <ClassificationNode>
                  <Disorder id="19629">
                    <OrphaCode>251328</OrphaCode>
                    <ExpertLink lang="pt">http://www.orpha.net/consor/cgi-bin/OC_Exp.php?lng=pt&amp;Expert=251328</ExpertLink>
                    <Name lang="pt">Vasculite não-classificada</Name>
                    <DisorderType id="21394">
                      <Name lang="pt">Doença</Name>
                    </DisorderType>
                  </Disorder>
                  <ClassificationNodeChildList count="0">
                  </ClassificationNodeChildList>
                </ClassificationNode>
                <ClassificationNode>
                  <Disorder id="23521">
                    <OrphaCode>445197</OrphaCode>
                    <ExpertLink lang="pt">http://www.orpha.net/consor/cgi-bin/OC_Exp.php?lng=pt&amp;Expert=445197</ExpertLink>
                    <Name lang="pt">Vasculite secundária</Name>
                    <DisorderType id="36561">
                      <Name lang="pt">Category</Name>
                    </DisorderType>
                  </Disorder>
                  <ClassificationNodeChildList count="2">
                    <ClassificationNode>
                      <Disorder id="10626">
                        <OrphaCode>48435</OrphaCode>
                        <ExpertLink lang="pt">http://www.orpha.net/consor/cgi-bin/OC_Exp.php?lng=pt&amp;Expert=48435</ExpertLink>
                        <Name lang="pt">Vasculite vírica não HBV não HCV</Name>
                        <DisorderType id="21394">
                          <Name lang="pt">Doença</Name>
                        </DisorderType>
                      </Disorder>
                      <ClassificationNodeChildList count="0">
                      </ClassificationNodeChildList>
                    </ClassificationNode>
                    <ClassificationNode>
                      <Disorder id="19628">
                        <OrphaCode>251325</OrphaCode>
                        <ExpertLink lang="pt">http://www.orpha.net/consor/cgi-bin/OC_Exp.php?lng=pt&amp;Expert=251325</ExpertLink>
                        <Name lang="pt">Vasculite induzida por fármacos</Name>
                        <DisorderType id="21394">
                          <Name lang="pt">Doença</Name>
                        </DisorderType>
                      </Disorder>
                      <ClassificationNodeChildList count="0">
                      </ClassificationNodeChildList>
                    </ClassificationNode>
                  </ClassificationNodeChildList>
                </ClassificationNode>
                <ClassificationNode>
                  <Disorder id="22938">
                    <OrphaCode>404553</OrphaCode>
                    <ExpertLink lang="pt">http://www.orpha.net/consor/cgi-bin/OC_Exp.php?lng=pt&amp;Expert=404553</ExpertLink>
                    <Name lang="pt">Deficiência de adenosina deaminase 2</Name>
                    <DisorderType id="21394">
                      <Name lang="pt">Doença</Name>
                    </DisorderType>
                  </Disorder>
                  <ClassificationNodeChildList count="0">
                  </ClassificationNodeChildList>
                </ClassificationNode>
                <ClassificationNode>
                  <Disorder id="23209">
                    <OrphaCode>425120</OrphaCode>
                    <ExpertLink lang="pt">http://www.orpha.net/consor/cgi-bin/OC_Exp.php?lng=pt&amp;Expert=425120</ExpertLink>
                    <Name lang="pt">Vasculopatia STING-associada com início na infância</Name>
                    <DisorderType id="21394">
                      <Name lang="pt">Doença</Name>
                    </DisorderType>
                  </Disorder>
                  <ClassificationNodeChildList count="0">
                  </ClassificationNodeChildList>
                </ClassificationNode>
              </ClassificationNodeChildList>
            </ClassificationNode>
            <ClassificationNode>
              <Disorder id="20462">
                <OrphaCode>280373</OrphaCode>
                <ExpertLink lang="pt">http://www.orpha.net/consor/cgi-bin/OC_Exp.php?lng=pt&amp;Expert=280373</ExpertLink>
                <Name lang="pt">Doença sistémica pediátrica rara</Name>
                <DisorderType id="36561">
                  <Name lang="pt">Category</Name>
                </DisorderType>
              </Disorder>
              <ClassificationNodeChildList count="14">
                <ClassificationNode>
                  <Disorder id="12002">
                    <OrphaCode>90291</OrphaCode>
                    <ExpertLink lang="pt">http://www.orpha.net/consor/cgi-bin/OC_Exp.php?lng=pt&amp;Expert=90291</ExpertLink>
                    <Name lang="pt">Esclerose sistémica</Name>
                    <DisorderType id="21394">
                      <Name lang="pt">Doença</Name>
                    </DisorderType>
                  </Disorder>
                  <ClassificationNodeChildList count="3">
                    <ClassificationNode>
                      <Disorder id="18906">
                        <OrphaCode>220402</OrphaCode>
                        <ExpertLink lang="pt">http://www.orpha.net/consor/cgi-bin/OC_Exp.php?lng=pt&amp;Expert=220402</ExpertLink>
                        <Name lang="pt">Esclerose sistémica cutânea limitada</Name>
                        <DisorderType id="21450">
                          <Name lang="pt">Subtipo clínico</Name>
                        </DisorderType>
                      </Disorder>
                      <ClassificationNodeChildList count="0">
                      </ClassificationNodeChildList>
                    </ClassificationNode>
                    <ClassificationNode>
                      <Disorder id="18907">
                        <OrphaCode>220407</OrphaCode>
                        <ExpertLink lang="pt">http://www.orpha.net/consor/cgi-bin/OC_Exp.php?lng=pt&amp;Expert=220407</ExpertLink>
                        <Name lang="pt">Esclerose sistémica limitada</Name>
                        <DisorderType id="21450">
                          <Name lang="pt">Subtipo clínico</Name>
                        </DisorderType>
                      </Disorder>
                      <ClassificationNodeChildList count="0">
                      </ClassificationNodeChildList>
                    </ClassificationNode>
                    <ClassificationNode>
                      <Disorder id="18905">
                        <OrphaCode>220393</OrphaCode>
                        <ExpertLink lang="pt">http://www.orpha.net/consor/cgi-bin/OC_Exp.php?lng=pt&amp;Expert=220393</ExpertLink>
                        <Name lang="pt">Esclerose sistémica cutânea difusa</Name>
                        <DisorderType id="21450">
                          <Name lang="pt">Subtipo clínico</Name>
                        </DisorderType>
                      </Disorder>
                      <ClassificationNodeChildList count="0">
                      </ClassificationNodeChildList>
                    </ClassificationNode>
                  </ClassificationNodeChildList>
                </ClassificationNode>
                <ClassificationNode>
                  <Disorder id="19630">
                    <OrphaCode>251332</OrphaCode>
                    <ExpertLink lang="pt">http://www.orpha.net/consor/cgi-bin/OC_Exp.php?lng=pt&amp;Expert=251332</ExpertLink>
                    <Name lang="pt">Síndrome inflamatório/febre de longa duração, não explicado</Name>
                    <DisorderType id="21394">
                      <Name lang="pt">Doença</Name>
                    </DisorderType>
                  </Disorder>
                  <ClassificationNodeChildList count="0">
                  </ClassificationNodeChildList>
                </ClassificationNode>
                <ClassificationNode>
                  <Disorder id="735">
                    <OrphaCode>797</OrphaCode>
                    <ExpertLink lang="pt">http://www.orpha.net/consor/cgi-bin/OC_Exp.php?lng=pt&amp;Expert=797</ExpertLink>
                    <Name lang="pt">Sarcoidose</Name>
                    <DisorderType id="21394">
                      <Name lang="pt">Doença</Name>
                    </DisorderType>
                  </Disorder>
                  <ClassificationNodeChildList count="0">
                  </ClassificationNodeChildList>
                </ClassificationNode>
                <ClassificationNode>
                  <Disorder id="755">
                    <OrphaCode>3165</OrphaCode>
                    <ExpertLink lang="pt">http://www.orpha.net/consor/cgi-bin/OC_Exp.php?lng=pt&amp;Expert=3165</ExpertLink>
                    <Name lang="pt">Fasceíte eosinofílica</Name>
                    <DisorderType id="21394">
                      <Name lang="pt">Doença</Name>
                    </DisorderType>
                  </Disorder>
                  <ClassificationNodeChildList count="0">
                  </ClassificationNodeChildList>
                </ClassificationNode>
                <ClassificationNode>
                  <Disorder id="12394">
                    <OrphaCode>93552</OrphaCode>
                    <ExpertLink lang="pt">http://www.orpha.net/consor/cgi-bin/OC_Exp.php?lng=pt&amp;Expert=93552</ExpertLink>
                    <Name lang="pt">Lúpus eritematoso sistémico de início na idade pediátrica</Name>
                    <DisorderType id="21394">
                      <Name lang="pt">Doença</Name>
                    </DisorderType>
                  </Disorder>
                  <ClassificationNodeChildList count="0">
                  </ClassificationNodeChildList>
                </ClassificationNode>
                <ClassificationNode>
                  <Disorder id="12410">
                    <OrphaCode>93568</OrphaCode>
                    <ExpertLink lang="pt">http://www.orpha.net/consor/cgi-bin/OC_Exp.php?lng=pt&amp;Expert=93568</ExpertLink>
                    <Name lang="pt">Polimiosite juvenil</Name>
                    <DisorderType id="21394">
                      <Name lang="pt">Doença</Name>
                    </DisorderType>
                  </Disorder>
                  <ClassificationNodeChildList count="0">
                  </ClassificationNodeChildList>
                </ClassificationNode>
                <ClassificationNode>
                  <Disorder id="12464">
                    <OrphaCode>93672</OrphaCode>
                    <ExpertLink lang="pt">http://www.orpha.net/consor/cgi-bin/OC_Exp.php?lng=pt&amp;Expert=93672</ExpertLink>
                    <Name lang="pt">Dermatomiosite juvenil</Name>
                    <DisorderType id="21394">
                      <Name lang="pt">Doença</Name>
                    </DisorderType>
                  </Disorder>
                  <ClassificationNodeChildList count="0">
                  </ClassificationNodeChildList>
                </ClassificationNode>
                <ClassificationNode>
                  <Disorder id="19626">
                    <OrphaCode>251312</OrphaCode>
                    <ExpertLink lang="pt">http://www.orpha.net/consor/cgi-bin/OC_Exp.php?lng=pt&amp;Expert=251312</ExpertLink>
                    <Name lang="pt">Doença sobreposta do tecido conjuntivo</Name>
                    <DisorderType id="21436">
                      <Name lang="pt">Grupo de fenótipos</Name>
                    </DisorderType>
                  </Disorder>
                  <ClassificationNodeChildList count="1">
                    <ClassificationNode>
                      <Disorder id="3631">
                        <OrphaCode>809</OrphaCode>
                        <ExpertLink lang="pt">http://www.orpha.net/consor/cgi-bin/OC_Exp.php?lng=pt&amp;Expert=809</ExpertLink>
                        <Name lang="pt">Doença mista do tecido conjuntivo</Name>
                        <DisorderType id="21394">
                          <Name lang="pt">Doença</Name>
                        </DisorderType>
                      </Disorder>
                      <ClassificationNodeChildList count="0">
                      </ClassificationNodeChildList>
                    </ClassificationNode>
                  </ClassificationNodeChildList>
                </ClassificationNode>
                <ClassificationNode>
                  <Disorder id="21115">
                    <OrphaCode>300359</OrphaCode>
                    <ExpertLink lang="pt">http://www.orpha.net/consor/cgi-bin/OC_Exp.php?lng=pt&amp;Expert=300359</ExpertLink>
                    <Name lang="pt">Deficiência de anticorpos PLCG2-associada e imunodesregulação</Name>
                    <DisorderType id="21394">
                      <Name lang="pt">Doença</Name>
                    </DisorderType>
                  </Disorder>
                  <ClassificationNodeChildList count="0">
                  </ClassificationNodeChildList>
                </ClassificationNode>
                <ClassificationNode>
                  <Disorder id="29878">
                    <OrphaCode>598363</OrphaCode>
                    <ExpertLink lang="pt">http://www.orpha.net/consor/cgi-bin/OC_Exp.php?lng=pt&amp;Expert=598363</ExpertLink>
                    <Name lang="pt">Síndrome inflamatório multissistémico em crianças e adultos</Name>
                    <DisorderType id="21394">
                      <Name lang="pt">Doença</Name>
                    </DisorderType>
                  </Disorder>
                  <ClassificationNodeChildList count="0">
                  </ClassificationNodeChildList>
                </ClassificationNode>
                <ClassificationNode>
                  <Disorder id="22724">
                    <OrphaCode>398091</OrphaCode>
                    <ExpertLink lang="pt">http://www.orpha.net/consor/cgi-bin/OC_Exp.php?lng=pt&amp;Expert=398091</ExpertLink>
                    <Name lang="pt">Doença autoimune neonatal secundária</Name>
                    <DisorderType id="36561">
                      <Name lang="pt">Category</Name>
                    </DisorderType>
                  </Disorder>
                  <ClassificationNodeChildList count="6">
                    <ClassificationNode>
                      <Disorder id="22631">
                        <OrphaCode>391504</OrphaCode>
                        <ExpertLink lang="pt">http://www.orpha.net/consor/cgi-bin/OC_Exp.php?lng=pt&amp;Expert=391504</ExpertLink>
                        <Name lang="pt">Miastenia gravis neonatal transitória</Name>
                        <DisorderType id="21450">
                          <Name lang="pt">Subtipo clínico</Name>
                        </DisorderType>
                      </Disorder>
                      <ClassificationNodeChildList count="0">
                      </ClassificationNodeChildList>
                    </ClassificationNode>
                    <ClassificationNode>
                      <Disorder id="22725">
                        <OrphaCode>398097</OrphaCode>
                        <ExpertLink lang="pt">http://www.orpha.net/consor/cgi-bin/OC_Exp.php?lng=pt&amp;Expert=398097</ExpertLink>
                        <Name lang="pt">Síndrome antifosfolipídico neonatal</Name>
                        <DisorderType id="21394">
                          <Name lang="pt">Doença</Name>
                        </DisorderType>
                      </Disorder>
                      <ClassificationNodeChildList count="0">
                      </ClassificationNodeChildList>
                    </ClassificationNode>
                    <ClassificationNode>
                      <Disorder id="22726">
                        <OrphaCode>398109</OrphaCode>
                        <ExpertLink lang="pt">http://www.orpha.net/consor/cgi-bin/OC_Exp.php?lng=pt&amp;Expert=398109</ExpertLink>
                        <Name lang="pt">Anemia hemolítica autoimune neonatal</Name>
                        <DisorderType id="21394">
                          <Name lang="pt">Doença</Name>
                        </DisorderType>
                      </Disorder>
                      <ClassificationNodeChildList count="0">
                      </ClassificationNodeChildList>
                    </ClassificationNode>
                    <ClassificationNode>
                      <Disorder id="22727">
                        <OrphaCode>398117</OrphaCode>
                        <ExpertLink lang="pt">http://www.orpha.net/consor/cgi-bin/OC_Exp.php?lng=pt&amp;Expert=398117</ExpertLink>
                        <Name lang="pt">Dermatomiosite neonatal</Name>
                        <DisorderType id="21394">
                          <Name lang="pt">Doença</Name>
                        </DisorderType>
                      </Disorder>
                      <ClassificationNodeChildList count="0">
                      </ClassificationNodeChildList>
                    </ClassificationNode>
                    <ClassificationNode>
                      <Disorder id="22728">
                        <OrphaCode>398124</OrphaCode>
                        <ExpertLink lang="pt">http://www.orpha.net/consor/cgi-bin/OC_Exp.php?lng=pt&amp;Expert=398124</ExpertLink>
                        <Name lang="pt">Lupus eritomatoso neonatal</Name>
                        <DisorderType id="21394">
                          <Name lang="pt">Doença</Name>
                        </DisorderType>
                      </Disorder>
                      <ClassificationNodeChildList count="0">
                      </ClassificationNodeChildList>
                    </ClassificationNode>
                    <ClassificationNode>
                      <Disorder id="22729">
                        <OrphaCode>398127</OrphaCode>
                        <ExpertLink lang="pt">http://www.orpha.net/consor/cgi-bin/OC_Exp.php?lng=pt&amp;Expert=398127</ExpertLink>
                        <Name lang="pt">Esclerodermia neonatal</Name>
                        <DisorderType id="21394">
                          <Name lang="pt">Doença</Name>
                        </DisorderType>
                      </Disorder>
                      <ClassificationNodeChildList count="0">
                      </ClassificationNodeChildList>
                    </ClassificationNode>
                  </ClassificationNodeChildList>
                </ClassificationNode>
                <ClassificationNode>
                  <Disorder id="23366">
                    <OrphaCode>438159</OrphaCode>
                    <ExpertLink lang="pt">http://www.orpha.net/consor/cgi-bin/OC_Exp.php?lng=pt&amp;Expert=438159</ExpertLink>
                    <Name lang="pt">Doença autoimune multissitémica com início precoce STAT3-relacionada</Name>
                    <DisorderType id="21394">
                      <Name lang="pt">Doença</Name>
                    </DisorderType>
                  </Disorder>
                  <ClassificationNodeChildList count="0">
                  </ClassificationNodeChildList>
                </ClassificationNode>
                <ClassificationNode>
                  <Disorder id="23481">
                    <OrphaCode>444092</OrphaCode>
                    <ExpertLink lang="pt">http://www.orpha.net/consor/cgi-bin/OC_Exp.php?lng=pt&amp;Expert=444092</ExpertLink>
                    <Name lang="pt">Síndrome de doença pulmonar intersticial autoimune-artrite</Name>
                    <DisorderType id="21394">
                      <Name lang="pt">Doença</Name>
                    </DisorderType>
                  </Disorder>
                  <ClassificationNodeChildList count="0">
                  </ClassificationNodeChildList>
                </ClassificationNode>
                <ClassificationNode>
                  <Disorder id="23490">
                    <OrphaCode>444463</OrphaCode>
                    <ExpertLink lang="pt">http://www.orpha.net/consor/cgi-bin/OC_Exp.php?lng=pt&amp;Expert=444463</ExpertLink>
                    <Name lang="pt">Síndrome de anemia hemolítica autoimune-trombocitopenia autoimune-imunodeficiência primária por deficiência TPP2</Name>
                    <DisorderType id="21394">
                      <Name lang="pt">Doença</Name>
                    </DisorderType>
                  </Disorder>
                  <ClassificationNodeChildList count="0">
                  </ClassificationNodeChildList>
                </ClassificationNode>
              </ClassificationNodeChildList>
            </ClassificationNode>
            <ClassificationNode>
              <Disorder id="25345">
                <OrphaCode>486955</OrphaCode>
                <ExpertLink lang="pt">http://www.orpha.net/consor/cgi-bin/OC_Exp.php?lng=pt&amp;Expert=486955</ExpertLink>
                <Name lang="pt">Doença reumatológica pediátrica rara</Name>
                <DisorderType id="36561">
                  <Name lang="pt">Category</Name>
                </DisorderType>
              </Disorder>
              <ClassificationNodeChildList count="9">
                <ClassificationNode>
                  <Disorder id="6523">
                    <OrphaCode>793</OrphaCode>
                    <ExpertLink lang="pt">http://www.orpha.net/consor/cgi-bin/OC_Exp.php?lng=pt&amp;Expert=793</ExpertLink>
                    <Name lang="pt">Síndrome SAPHO</Name>
                    <DisorderType id="21394">
                      <Name lang="pt">Doença</Name>
                    </DisorderType>
                  </Disorder>
                  <ClassificationNodeChildList count="0">
                  </ClassificationNodeChildList>
                </ClassificationNode>
                <ClassificationNode>
                  <Disorder id="720">
                    <OrphaCode>92</OrphaCode>
                    <ExpertLink lang="pt">http://www.orpha.net/consor/cgi-bin/OC_Exp.php?lng=pt&amp;Expert=92</ExpertLink>
                    <Name lang="pt">Artrite juvenil idiopática</Name>
                    <DisorderType id="21436">
                      <Name lang="pt">Grupo de fenótipos</Name>
                    </DisorderType>
                  </Disorder>
                  <ClassificationNodeChildList count="6">
                    <ClassificationNode>
                      <Disorder id="11710">
                        <OrphaCode>85410</OrphaCode>
                        <ExpertLink lang="pt">http://www.orpha.net/consor/cgi-bin/OC_Exp.php?lng=pt&amp;Expert=85410</ExpertLink>
                        <Name lang="pt">Artrite oligoarticular juvenil</Name>
                        <DisorderType id="21394">
                          <Name lang="pt">Doença</Name>
                        </DisorderType>
                      </Disorder>
                      <ClassificationNodeChildList count="0">
                      </ClassificationNodeChildList>
                    </ClassificationNode>
                    <ClassificationNode>
                      <Disorder id="11711">
                        <OrphaCode>85414</OrphaCode>
                        <ExpertLink lang="pt">http://www.orpha.net/consor/cgi-bin/OC_Exp.php?lng=pt&amp;Expert=85414</ExpertLink>
                        <Name lang="pt">Artrite juvenil idiopática de início sistémico</Name>
                        <DisorderType id="21394">
                          <Name lang="pt">Doença</Name>
                        </DisorderType>
                      </Disorder>
                      <ClassificationNodeChildList count="0">
                      </ClassificationNodeChildList>
                    </ClassificationNode>
                    <ClassificationNode>
                      <Disorder id="11713">
                        <OrphaCode>85436</OrphaCode>
                        <ExpertLink lang="pt">http://www.orpha.net/consor/cgi-bin/OC_Exp.php?lng=pt&amp;Expert=85436</ExpertLink>
                        <Name lang="pt">Artrite idiopática juvenil psoríase-relacionada</Name>
                        <DisorderType id="21394">
                          <Name lang="pt">Doença</Name>
                        </DisorderType>
                      </Disorder>
                      <ClassificationNodeChildList count="0">
                      </ClassificationNodeChildList>
                    </ClassificationNode>
                    <ClassificationNode>
                      <Disorder id="11715">
                        <OrphaCode>85438</OrphaCode>
                        <ExpertLink lang="pt">http://www.orpha.net/consor/cgi-bin/OC_Exp.php?lng=pt&amp;Expert=85438</ExpertLink>
                        <Name lang="pt">Artrite relacionada com entesite</Name>
                        <DisorderType id="21394">
                          <Name lang="pt">Doença</Name>
                        </DisorderType>
                      </Disorder>
                      <ClassificationNodeChildList count="0">
                      </ClassificationNodeChildList>
                    </ClassificationNode>
                    <ClassificationNode>
                      <Disorder id="12117">
                        <OrphaCode>91140</OrphaCode>
                        <ExpertLink lang="pt">http://www.orpha.net/consor/cgi-bin/OC_Exp.php?lng=pt&amp;Expert=91140</ExpertLink>
                        <Name lang="pt">Artrite idiopática juvenil, não-classificada</Name>
                        <DisorderType id="21394">
                          <Name lang="pt">Doença</Name>
                        </DisorderType>
                      </Disorder>
                      <ClassificationNodeChildList count="0">
                      </ClassificationNodeChildList>
                    </ClassificationNode>
                    <ClassificationNode>
                      <Disorder id="22944">
                        <OrphaCode>404580</OrphaCode>
                        <ExpertLink lang="pt">http://www.orpha.net/consor/cgi-bin/OC_Exp.php?lng=pt&amp;Expert=404580</ExpertLink>
                        <Name lang="pt">Poliartrite juvenil</Name>
                        <DisorderType id="21436">
                          <Name lang="pt">Grupo de fenótipos</Name>
                        </DisorderType>
                      </Disorder>
                      <ClassificationNodeChildList count="2">
                        <ClassificationNode>
                          <Disorder id="11709">
                            <OrphaCode>85408</OrphaCode>
                            <ExpertLink lang="pt">http://www.orpha.net/consor/cgi-bin/OC_Exp.php?lng=pt&amp;Expert=85408</ExpertLink>
                            <Name lang="pt">Poliartrite sem fator reumatóide</Name>
                            <DisorderType id="21394">
                              <Name lang="pt">Doença</Name>
                            </DisorderType>
                          </Disorder>
                          <ClassificationNodeChildList count="0">
                          </ClassificationNodeChildList>
                        </ClassificationNode>
                        <ClassificationNode>
                          <Disorder id="11712">
                            <OrphaCode>85435</OrphaCode>
                            <ExpertLink lang="pt">http://www.orpha.net/consor/cgi-bin/OC_Exp.php?lng=pt&amp;Expert=85435</ExpertLink>
                            <Name lang="pt">Poliartrite com fator reumatóide</Name>
                            <DisorderType id="21394">
                              <Name lang="pt">Doença</Name>
                            </DisorderType>
                          </Disorder>
                          <ClassificationNodeChildList count="0">
                          </ClassificationNodeChildList>
                        </ClassificationNode>
                      </ClassificationNodeChildList>
                    </ClassificationNode>
                  </ClassificationNodeChildList>
                </ClassificationNode>
                <ClassificationNode>
                  <Disorder id="1276">
                    <OrphaCode>955</OrphaCode>
                    <ExpertLink lang="pt">http://www.orpha.net/consor/cgi-bin/OC_Exp.php?lng=pt&amp;Expert=955</ExpertLink>
                    <Name lang="pt">Síndrome Hajdu-Cheney</Name>
                    <DisorderType id="21401">
                      <Name lang="pt">Síndrome malformativo</Name>
                    </DisorderType>
                  </Disorder>
                  <ClassificationNodeChildList count="0">
                  </ClassificationNodeChildList>
                </ClassificationNode>
                <ClassificationNode>
                  <Disorder id="8684">
                    <OrphaCode>73</OrphaCode>
                    <ExpertLink lang="pt">http://www.orpha.net/consor/cgi-bin/OC_Exp.php?lng=pt&amp;Expert=73</ExpertLink>
                    <Name lang="pt">Doença Gorham-Stout</Name>
                    <DisorderType id="21401">
                      <Name lang="pt">Síndrome malformativo</Name>
                    </DisorderType>
                  </Disorder>
                  <ClassificationNodeChildList count="0">
                  </ClassificationNodeChildList>
                </ClassificationNode>
                <ClassificationNode>
                  <Disorder id="8778">
                    <OrphaCode>29207</OrphaCode>
                    <ExpertLink lang="pt">http://www.orpha.net/consor/cgi-bin/OC_Exp.php?lng=pt&amp;Expert=29207</ExpertLink>
                    <Name lang="pt">Artrite reativa</Name>
                    <DisorderType id="21394">
                      <Name lang="pt">Doença</Name>
                    </DisorderType>
                  </Disorder>
                  <ClassificationNodeChildList count="0">
                  </ClassificationNodeChildList>
                </ClassificationNode>
                <ClassificationNode>
                  <Disorder id="11651">
                    <OrphaCode>85193</OrphaCode>
                    <ExpertLink lang="pt">http://www.orpha.net/consor/cgi-bin/OC_Exp.php?lng=pt&amp;Expert=85193</ExpertLink>
                    <Name lang="pt">Osteoporose juvenil</Name>
                    <DisorderType id="21401">
                      <Name lang="pt">Síndrome malformativo</Name>
                    </DisorderType>
                  </Disorder>
                  <ClassificationNodeChildList count="0">
                  </ClassificationNodeChildList>
                </ClassificationNode>
                <ClassificationNode>
                  <Disorder id="21699">
                    <OrphaCode>319719</OrphaCode>
                    <ExpertLink lang="pt">http://www.orpha.net/consor/cgi-bin/OC_Exp.php?lng=pt&amp;Expert=319719</ExpertLink>
                    <Name lang="pt">Síndrome autoinflamatória da infância</Name>
                    <DisorderType id="36561">
                      <Name lang="pt">Category</Name>
                    </DisorderType>
                  </Disorder>
                  <ClassificationNodeChildList count="7">
                    <ClassificationNode>
                      <Disorder id="21810">
                        <OrphaCode>324933</OrphaCode>
                        <ExpertLink lang="pt">http://www.orpha.net/consor/cgi-bin/OC_Exp.php?lng=pt&amp;Expert=324933</ExpertLink>
                        <Name lang="pt">Síndrome autoinflamatória e autoimune mista</Name>
                        <DisorderType id="36561">
                          <Name lang="pt">Category</Name>
                        </DisorderType>
                      </Disorder>
                      <ClassificationNodeChildList count="6">
                        <ClassificationNode>
                          <Disorder id="31418">
                            <OrphaCode>619948</OrphaCode>
                            <ExpertLink lang="pt">http://www.orpha.net/consor/cgi-bin/OC_Exp.php?lng=pt&amp;Expert=619948</ExpertLink>
                            <Name lang="pt">Síndrome de autoimunidade-autoinflamação-imunodeficiência de início precoce por haploinsuficiência de SOCS1</Name>
                            <DisorderType id="21394">
                              <Name lang="pt">Doença</Name>
                            </DisorderType>
                          </Disorder>
                          <ClassificationNodeChildList count="0">
                          </ClassificationNodeChildList>
                        </ClassificationNode>
                        <ClassificationNode>
                          <Disorder id="31951">
                            <OrphaCode>658946</OrphaCode>
                            <ExpertLink lang="pt">http://www.orpha.net/consor/cgi-bin/OC_Exp.php?lng=pt&amp;Expert=658946</ExpertLink>
                            <Name lang="pt">Disregulação imune de início precoce com autoimunidade por deficiência parcial de DOCK11</Name>
                            <DisorderType id="21394">
                              <Name lang="pt">Doença</Name>
                            </DisorderType>
                          </Disorder>
                          <ClassificationNodeChildList count="0">
                          </ClassificationNodeChildList>
                        </ClassificationNode>
                        <ClassificationNode>
                          <Disorder id="32305">
                            <OrphaCode>695807</OrphaCode>
                            <ExpertLink lang="pt">http://www.orpha.net/consor/cgi-bin/OC_Exp.php?lng=pt&amp;Expert=695807</ExpertLink>
                            <Name lang="pt">Immunodeficiency-systemic inflammation-lymphoma predisposition syndrome</Name>
                            <DisorderType id="21394">
                              <Name lang="pt">Doença</Name>
                            </DisorderType>
                          </Disorder>
                          <ClassificationNodeChildList count="0">
                          </ClassificationNodeChildList>
                        </ClassificationNode>
                        <ClassificationNode>
                          <Disorder id="21782">
                            <OrphaCode>324530</OrphaCode>
                            <ExpertLink lang="pt">http://www.orpha.net/consor/cgi-bin/OC_Exp.php?lng=pt&amp;Expert=324530</ExpertLink>
                            <Name lang="pt">Auto-inflamação-deficiência de anticorpos PLCG2-associados-imunodesregulação</Name>
                            <DisorderType id="21394">
                              <Name lang="pt">Doença</Name>
                            </DisorderType>
                          </Disorder>
                          <ClassificationNodeChildList count="0">
                          </ClassificationNodeChildList>
                        </ClassificationNode>
                        <ClassificationNode>
                          <Disorder id="21903">
                            <OrphaCode>329173</OrphaCode>
                            <ExpertLink lang="pt">http://www.orpha.net/consor/cgi-bin/OC_Exp.php?lng=pt&amp;Expert=329173</ExpertLink>
                            <Name lang="pt">Síndrome autoinflamatório com infeções bacterianas piogénicas e amilopectinose</Name>
                            <DisorderType id="21394">
                              <Name lang="pt">Doença</Name>
                            </DisorderType>
                          </Disorder>
                          <ClassificationNodeChildList count="0">
                          </ClassificationNodeChildList>
                        </ClassificationNode>
                        <ClassificationNode>
                          <Disorder id="21115">
                            <OrphaCode>300359</OrphaCode>
                            <ExpertLink lang="pt">http://www.orpha.net/consor/cgi-bin/OC_Exp.php?lng=pt&amp;Expert=300359</ExpertLink>
                            <Name lang="pt">Deficiência de anticorpos PLCG2-associada e imunodesregulação</Name>
                            <DisorderType id="21394">
                              <Name lang="pt">Doença</Name>
                            </DisorderType>
                          </Disorder>
                          <ClassificationNodeChildList count="0">
                          </ClassificationNodeChildList>
                        </ClassificationNode>
                      </ClassificationNodeChildList>
                    </ClassificationNode>
                    <ClassificationNode>
                      <Disorder id="21812">
                        <OrphaCode>324939</OrphaCode>
                        <ExpertLink lang="pt">http://www.orpha.net/consor/cgi-bin/OC_Exp.php?lng=pt&amp;Expert=324939</ExpertLink>
                        <Name lang="pt">Síndrome da febre periódica da infância</Name>
                        <DisorderType id="36561">
                          <Name lang="pt">Category</Name>
                        </DisorderType>
                      </Disorder>
                      <ClassificationNodeChildList count="2">
                        <ClassificationNode>
                          <Disorder id="21807">
                            <OrphaCode>324924</OrphaCode>
                            <ExpertLink lang="pt">http://www.orpha.net/consor/cgi-bin/OC_Exp.php?lng=pt&amp;Expert=324924</ExpertLink>
                            <Name lang="pt">Síndrome da febre periódica hereditária</Name>
                            <DisorderType id="36561">
                              <Name lang="pt">Category</Name>
                            </DisorderType>
                          </Disorder>
                          <ClassificationNodeChildList count="11">
                            <ClassificationNode>
                              <Disorder id="28477">
                                <OrphaCode>566067</OrphaCode>
                                <ExpertLink lang="pt">http://www.orpha.net/consor/cgi-bin/OC_Exp.php?lng=pt&amp;Expert=566067</ExpertLink>
                                <Name lang="pt">Síndrome autoinflamatório CEBPE-associado-imunodeficiência-disfunção neutrofílica</Name>
                                <DisorderType id="21394">
                                  <Name lang="pt">Doença</Name>
                                </DisorderType>
                              </Disorder>
                              <ClassificationNodeChildList count="0">
                              </ClassificationNodeChildList>
                            </ClassificationNode>
                            <ClassificationNode>
                              <Disorder id="25994">
                                <OrphaCode>500062</OrphaCode>
                                <ExpertLink lang="pt">http://www.orpha.net/consor/cgi-bin/OC_Exp.php?lng=pt&amp;Expert=500062</ExpertLink>
                                <Name lang="pt">Síndrome febre periódica-paniculite-dermatose de início na infância</Name>
                                <DisorderType id="21394">
                                  <Name lang="pt">Doença</Name>
                                </DisorderType>
                              </Disorder>
                              <ClassificationNodeChildList count="0">
                              </ClassificationNodeChildList>
                            </ClassificationNode>
                            <ClassificationNode>
                              <Disorder id="920">
                                <OrphaCode>342</OrphaCode>
                                <ExpertLink lang="pt">http://www.orpha.net/consor/cgi-bin/OC_Exp.php?lng=pt&amp;Expert=342</ExpertLink>
                                <Name lang="pt">Febre mediterrânica familiar</Name>
                                <DisorderType id="21394">
                                  <Name lang="pt">Doença</Name>
                                </DisorderType>
                              </Disorder>
                              <ClassificationNodeChildList count="0">
                              </ClassificationNodeChildList>
                            </ClassificationNode>
                            <ClassificationNode>
                              <Disorder id="10303">
                                <OrphaCode>32960</OrphaCode>
                                <ExpertLink lang="pt">http://www.orpha.net/consor/cgi-bin/OC_Exp.php?lng=pt&amp;Expert=32960</ExpertLink>
                                <Name lang="pt">Síndrome TRAPS</Name>
                                <DisorderType id="21394">
                                  <Name lang="pt">Doença</Name>
                                </DisorderType>
                              </Disorder>
                              <ClassificationNodeChildList count="0">
                              </ClassificationNodeChildList>
                            </ClassificationNode>
                            <ClassificationNode>
                              <Disorder id="18613">
                                <OrphaCode>208650</OrphaCode>
                                <ExpertLink lang="pt">http://www.orpha.net/consor/cgi-bin/OC_Exp.php?lng=pt&amp;Expert=208650</ExpertLink>
                                <Name lang="pt">Síndrome periódico associado à criopirina</Name>
                                <DisorderType id="21436">
                                  <Name lang="pt">Grupo de fenótipos</Name>
                                </DisorderType>
                              </Disorder>
                              <ClassificationNodeChildList count="4">
                                <ClassificationNode>
                                  <Disorder id="2375">
                                    <OrphaCode>575</OrphaCode>
                                    <ExpertLink lang="pt">http://www.orpha.net/consor/cgi-bin/OC_Exp.php?lng=pt&amp;Expert=575</ExpertLink>
                                    <Name lang="pt">Síndrome Muckle-Wells</Name>
                                    <DisorderType id="21394">
                                      <Name lang="pt">Doença</Name>
                                    </DisorderType>
                                  </Disorder>
                                  <ClassificationNodeChildList count="0">
                                  </ClassificationNodeChildList>
                                </ClassificationNode>
                                <ClassificationNode>
                                  <Disorder id="3395">
                                    <OrphaCode>1451</OrphaCode>
                                    <ExpertLink lang="pt">http://www.orpha.net/consor/cgi-bin/OC_Exp.php?lng=pt&amp;Expert=1451</ExpertLink>
                                    <Name lang="pt">Síndrome CINCA</Name>
                                    <DisorderType id="21394">
                                      <Name lang="pt">Doença</Name>
                                    </DisorderType>
                                  </Disorder>
                                  <ClassificationNodeChildList count="0">
                                  </ClassificationNodeChildList>
                                </ClassificationNode>
                                <ClassificationNode>
                                  <Disorder id="10608">
                                    <OrphaCode>47045</OrphaCode>
                                    <ExpertLink lang="pt">http://www.orpha.net/consor/cgi-bin/OC_Exp.php?lng=pt&amp;Expert=47045</ExpertLink>
                                    <Name lang="pt">Urticária induzida pelo frio familiar</Name>
                                    <DisorderType id="21394">
                                      <Name lang="pt">Doença</Name>
                                    </DisorderType>
                                  </Disorder>
                                  <ClassificationNodeChildList count="0">
                                  </ClassificationNodeChildList>
                                </ClassificationNode>
                                <ClassificationNode>
                                  <Disorder id="31819">
                                    <OrphaCode>647815</OrphaCode>
                                    <ExpertLink lang="pt">http://www.orpha.net/consor/cgi-bin/OC_Exp.php?lng=pt&amp;Expert=647815</ExpertLink>
                                    <Name lang="pt">Queratoendotelite fugax hereditária</Name>
                                    <DisorderType id="21394">
                                      <Name lang="pt">Doença</Name>
                                    </DisorderType>
                                  </Disorder>
                                  <ClassificationNodeChildList count="0">
                                  </ClassificationNodeChildList>
                                </ClassificationNode>
                              </ClassificationNodeChildList>
                            </ClassificationNode>
                            <ClassificationNode>
                              <Disorder id="19559">
                                <OrphaCode>247868</OrphaCode>
                                <ExpertLink lang="pt">http://www.orpha.net/consor/cgi-bin/OC_Exp.php?lng=pt&amp;Expert=247868</ExpertLink>
                                <Name lang="pt">Síndrome de febre periódica hereditária associada a NLRP12</Name>
                                <DisorderType id="21394">
                                  <Name lang="pt">Doença</Name>
                                </DisorderType>
                              </Disorder>
                              <ClassificationNodeChildList count="0">
                              </ClassificationNodeChildList>
                            </ClassificationNode>
                            <ClassificationNode>
                              <Disorder id="21338">
                                <OrphaCode>309025</OrphaCode>
                                <ExpertLink lang="pt">http://www.orpha.net/consor/cgi-bin/OC_Exp.php?lng=pt&amp;Expert=309025</ExpertLink>
                                <Name lang="pt">Défice de mevalonato quinase</Name>
                                <DisorderType id="21394">
                                  <Name lang="pt">Doença</Name>
                                </DisorderType>
                              </Disorder>
                              <ClassificationNodeChildList count="2">
                                <ClassificationNode>
                                  <Disorder id="403">
                                    <OrphaCode>29</OrphaCode>
                                    <ExpertLink lang="pt">http://www.orpha.net/consor/cgi-bin/OC_Exp.php?lng=pt&amp;Expert=29</ExpertLink>
                                    <Name lang="pt">Acidúria mevalónica</Name>
                                    <DisorderType id="21450">
                                      <Name lang="pt">Subtipo clínico</Name>
                                    </DisorderType>
                                  </Disorder>
                                  <ClassificationNodeChildList count="0">
                                  </ClassificationNodeChildList>
                                </ClassificationNode>
                                <ClassificationNode>
                                  <Disorder id="3276">
                                    <OrphaCode>343</OrphaCode>
                                    <ExpertLink lang="pt">http://www.orpha.net/consor/cgi-bin/OC_Exp.php?lng=pt&amp;Expert=343</ExpertLink>
                                    <Name lang="pt">Hiperimunoglobulinemia D com febre recorrente</Name>
                                    <DisorderType id="21450">
                                      <Name lang="pt">Subtipo clínico</Name>
                                    </DisorderType>
                                  </Disorder>
                                  <ClassificationNodeChildList count="0">
                                  </ClassificationNodeChildList>
                                </ClassificationNode>
                              </ClassificationNodeChildList>
                            </ClassificationNode>
                            <ClassificationNode>
                              <Disorder id="23330">
                                <OrphaCode>436166</OrphaCode>
                                <ExpertLink lang="pt">http://www.orpha.net/consor/cgi-bin/OC_Exp.php?lng=pt&amp;Expert=436166</ExpertLink>
                                <Name lang="pt">Síndrome autoinflamatório de febre periódica-enterocolite da infância</Name>
                                <DisorderType id="21394">
                                  <Name lang="pt">Doença</Name>
                                </DisorderType>
                              </Disorder>
                              <ClassificationNodeChildList count="0">
                              </ClassificationNodeChildList>
                            </ClassificationNode>
                            <ClassificationNode>
                              <Disorder id="28852">
                                <OrphaCode>576349</OrphaCode>
                                <ExpertLink lang="pt">http://www.orpha.net/consor/cgi-bin/OC_Exp.php?lng=pt&amp;Expert=576349</ExpertLink>
                                <Name lang="pt">Síndrome autoinflamatório ao frio familiar NLRC4-relacionada</Name>
                                <DisorderType id="21394">
                                  <Name lang="pt">Doença</Name>
                                </DisorderType>
                              </Disorder>
                              <ClassificationNodeChildList count="0">
                              </ClassificationNodeChildList>
                            </ClassificationNode>
                            <ClassificationNode>
                              <Disorder id="31896">
                                <OrphaCode>652522</OrphaCode>
                                <ExpertLink lang="pt">http://www.orpha.net/consor/cgi-bin/OC_Exp.php?lng=pt&amp;Expert=652522</ExpertLink>
                                <Name lang="pt">Síndrome de febre periódica-imunodeficiência-trombocitopenia</Name>
                                <DisorderType id="21394">
                                  <Name lang="pt">Doença</Name>
                                </DisorderType>
                              </Disorder>
                              <ClassificationNodeChildList count="0">
                              </ClassificationNodeChildList>
                            </ClassificationNode>
                            <ClassificationNode>
                              <Disorder id="31372">
                                <OrphaCode>617919</OrphaCode>
                                <ExpertLink lang="pt">http://www.orpha.net/consor/cgi-bin/OC_Exp.php?lng=pt&amp;Expert=617919</ExpertLink>
                                <Name lang="pt">Síndrome autoinflamatória induzida pelo frio F12-associada</Name>
                                <DisorderType id="21394">
                                  <Name lang="pt">Doença</Name>
                                </DisorderType>
                              </Disorder>
                              <ClassificationNodeChildList count="0">
                              </ClassificationNodeChildList>
                            </ClassificationNode>
                          </ClassificationNodeChildList>
                        </ClassificationNode>
                        <ClassificationNode>
                          <Disorder id="21816">
                            <OrphaCode>324960</OrphaCode>
                            <ExpertLink lang="pt">http://www.orpha.net/consor/cgi-bin/OC_Exp.php?lng=pt&amp;Expert=324960</ExpertLink>
                            <Name lang="pt">Síndrome da febre periódica inexplicada da infância</Name>
                            <DisorderType id="36561">
                              <Name lang="pt">Category</Name>
                            </DisorderType>
                          </Disorder>
                          <ClassificationNodeChildList count="1">
                            <ClassificationNode>
                              <Disorder id="10573">
                                <OrphaCode>42642</OrphaCode>
                                <ExpertLink lang="pt">http://www.orpha.net/consor/cgi-bin/OC_Exp.php?lng=pt&amp;Expert=42642</ExpertLink>
                                <Name lang="pt">Síndrome PFAPA</Name>
                                <DisorderType id="21394">
                                  <Name lang="pt">Doença</Name>
                                </DisorderType>
                              </Disorder>
                              <ClassificationNodeChildList count="0">
                              </ClassificationNodeChildList>
                            </ClassificationNode>
                          </ClassificationNodeChildList>
                        </ClassificationNode>
                      </ClassificationNodeChildList>
                    </ClassificationNode>
                    <ClassificationNode>
                      <Disorder id="21813">
                        <OrphaCode>324942</OrphaCode>
                        <ExpertLink lang="pt">http://www.orpha.net/consor/cgi-bin/OC_Exp.php?lng=pt&amp;Expert=324942</ExpertLink>
                        <Name lang="pt">Síndrome autoinflamatória piogénica da infância</Name>
                        <DisorderType id="36561">
                          <Name lang="pt">Category</Name>
                        </DisorderType>
                      </Disorder>
                      <ClassificationNodeChildList count="7">
                        <ClassificationNode>
                          <Disorder id="21817">
                            <OrphaCode>324964</OrphaCode>
                            <ExpertLink lang="pt">http://www.orpha.net/consor/cgi-bin/OC_Exp.php?lng=pt&amp;Expert=324964</ExpertLink>
                            <Name lang="pt">Osteomielite crónica multifocal recorrente</Name>
                            <DisorderType id="21394">
                              <Name lang="pt">Doença</Name>
                            </DisorderType>
                          </Disorder>
                          <ClassificationNodeChildList count="0">
                          </ClassificationNodeChildList>
                        </ClassificationNode>
                        <ClassificationNode>
                          <Disorder id="10924">
                            <OrphaCode>69126</OrphaCode>
                            <ExpertLink lang="pt">http://www.orpha.net/consor/cgi-bin/OC_Exp.php?lng=pt&amp;Expert=69126</ExpertLink>
                            <Name lang="pt">Síndrome PAPA</Name>
                            <DisorderType id="21394">
                              <Name lang="pt">Doença</Name>
                            </DisorderType>
                          </Disorder>
                          <ClassificationNodeChildList count="0">
                          </ClassificationNodeChildList>
                        </ClassificationNode>
                        <ClassificationNode>
                          <Disorder id="11109">
                            <OrphaCode>77297</OrphaCode>
                            <ExpertLink lang="pt">http://www.orpha.net/consor/cgi-bin/OC_Exp.php?lng=pt&amp;Expert=77297</ExpertLink>
                            <Name lang="pt">Síndrome de Majeed</Name>
                            <DisorderType id="21394">
                              <Name lang="pt">Doença</Name>
                            </DisorderType>
                          </Disorder>
                          <ClassificationNodeChildList count="0">
                          </ClassificationNodeChildList>
                        </ClassificationNode>
                        <ClassificationNode>
                          <Disorder id="18683">
                            <OrphaCode>210115</OrphaCode>
                            <ExpertLink lang="pt">http://www.orpha.net/consor/cgi-bin/OC_Exp.php?lng=pt&amp;Expert=210115</ExpertLink>
                            <Name lang="pt">Doença autoinflamatória por deficiência do antagonista do recetor da interleucina-1</Name>
                            <DisorderType id="21394">
                              <Name lang="pt">Doença</Name>
                            </DisorderType>
                          </Disorder>
                          <ClassificationNodeChildList count="0">
                          </ClassificationNodeChildList>
                        </ClassificationNode>
                        <ClassificationNode>
                          <Disorder id="20902">
                            <OrphaCode>294023</OrphaCode>
                            <ExpertLink lang="pt">http://www.orpha.net/consor/cgi-bin/OC_Exp.php?lng=pt&amp;Expert=294023</ExpertLink>
                            <Name lang="pt">Doença inflamatória do intestino e da pele neonatal</Name>
                            <DisorderType id="21394">
                              <Name lang="pt">Doença</Name>
                            </DisorderType>
                          </Disorder>
                          <ClassificationNodeChildList count="0">
                          </ClassificationNodeChildList>
                        </ClassificationNode>
                        <ClassificationNode>
                          <Disorder id="22937">
                            <OrphaCode>404546</OrphaCode>
                            <ExpertLink lang="pt">http://www.orpha.net/consor/cgi-bin/OC_Exp.php?lng=pt&amp;Expert=404546</ExpertLink>
                            <Name lang="pt">DITRA</Name>
                            <DisorderType id="21394">
                              <Name lang="pt">Doença</Name>
                            </DisorderType>
                          </Disorder>
                          <ClassificationNodeChildList count="0">
                          </ClassificationNodeChildList>
                        </ClassificationNode>
                        <ClassificationNode>
                          <Disorder id="19644">
                            <OrphaCode>251523</OrphaCode>
                            <ExpertLink lang="pt">http://www.orpha.net/consor/cgi-bin/OC_Exp.php?lng=pt&amp;Expert=251523</ExpertLink>
                            <Name lang="pt">Infecções recorrentes - síndrome inflamatório por deficiência no metabolismo do zinco</Name>
                            <DisorderType id="21394">
                              <Name lang="pt">Doença</Name>
                            </DisorderType>
                          </Disorder>
                          <ClassificationNodeChildList count="0">
                          </ClassificationNodeChildList>
                        </ClassificationNode>
                      </ClassificationNodeChildList>
                    </ClassificationNode>
                    <ClassificationNode>
                      <Disorder id="21814">
                        <OrphaCode>324950</OrphaCode>
                        <ExpertLink lang="pt">http://www.orpha.net/consor/cgi-bin/OC_Exp.php?lng=pt&amp;Expert=324950</ExpertLink>
                        <Name lang="pt">Síndrome autoinflamatória granulomatosa da infância</Name>
                        <DisorderType id="36561">
                          <Name lang="pt">Category</Name>
                        </DisorderType>
                      </Disorder>
                      <ClassificationNodeChildList count="2">
                        <ClassificationNode>
                          <Disorder id="12018">
                            <OrphaCode>90340</OrphaCode>
                            <ExpertLink lang="pt">http://www.orpha.net/consor/cgi-bin/OC_Exp.php?lng=pt&amp;Expert=90340</ExpertLink>
                            <Name lang="pt">Síndrome Blau</Name>
                            <DisorderType id="21394">
                              <Name lang="pt">Doença</Name>
                            </DisorderType>
                          </Disorder>
                          <ClassificationNodeChildList count="0">
                          </ClassificationNodeChildList>
                        </ClassificationNode>
                        <ClassificationNode>
                          <Disorder id="19624">
                            <OrphaCode>251304</OrphaCode>
                            <ExpertLink lang="pt">http://www.orpha.net/consor/cgi-bin/OC_Exp.php?lng=pt&amp;Expert=251304</ExpertLink>
                            <Name lang="pt">Paniculite de início na infância com uveíte e granulomatose sistémica</Name>
                            <DisorderType id="21394">
                              <Name lang="pt">Doença</Name>
                            </DisorderType>
                          </Disorder>
                          <ClassificationNodeChildList count="0">
                          </ClassificationNodeChildList>
                        </ClassificationNode>
                      </ClassificationNodeChildList>
                    </ClassificationNode>
                    <ClassificationNode>
                      <Disorder id="21815">
                        <OrphaCode>324953</OrphaCode>
                        <ExpertLink lang="pt">http://www.orpha.net/consor/cgi-bin/OC_Exp.php?lng=pt&amp;Expert=324953</ExpertLink>
                        <Name lang="pt">Síndrome autoinflamatória não classificada da infância</Name>
                        <DisorderType id="36561">
                          <Name lang="pt">Category</Name>
                        </DisorderType>
                      </Disorder>
                      <ClassificationNodeChildList count="4">
                        <ClassificationNode>
                          <Disorder id="703">
                            <OrphaCode>117</OrphaCode>
                            <ExpertLink lang="pt">http://www.orpha.net/consor/cgi-bin/OC_Exp.php?lng=pt&amp;Expert=117</ExpertLink>
                            <Name lang="pt">Doença de Behçet</Name>
                            <DisorderType id="21394">
                              <Name lang="pt">Doença</Name>
                            </DisorderType>
                          </Disorder>
                          <ClassificationNodeChildList count="0">
                          </ClassificationNodeChildList>
                        </ClassificationNode>
                        <ClassificationNode>
                          <Disorder id="19625">
                            <OrphaCode>251307</OrphaCode>
                            <ExpertLink lang="pt">http://www.orpha.net/consor/cgi-bin/OC_Exp.php?lng=pt&amp;Expert=251307</ExpertLink>
                            <Name lang="pt">Pericardite recorrente idiopática</Name>
                            <DisorderType id="21394">
                              <Name lang="pt">Doença</Name>
                            </DisorderType>
                          </Disorder>
                          <ClassificationNodeChildList count="0">
                          </ClassificationNodeChildList>
                        </ClassificationNode>
                        <ClassificationNode>
                          <Disorder id="32094">
                            <OrphaCode>674762</OrphaCode>
                            <ExpertLink lang="pt">http://www.orpha.net/consor/cgi-bin/OC_Exp.php?lng=pt&amp;Expert=674762</ExpertLink>
                            <Name lang="pt">Síndrome auto-inflamatório de início precoce devido a haploinsuficiência A20</Name>
                            <DisorderType id="21394">
                              <Name lang="pt">Doença</Name>
                            </DisorderType>
                          </Disorder>
                          <ClassificationNodeChildList count="0">
                          </ClassificationNodeChildList>
                        </ClassificationNode>
                        <ClassificationNode>
                          <Disorder id="996">
                            <OrphaCode>184</OrphaCode>
                            <ExpertLink lang="pt">http://www.orpha.net/consor/cgi-bin/OC_Exp.php?lng=pt&amp;Expert=184</ExpertLink>
                            <Name lang="pt">Querubismo</Name>
                            <DisorderType id="21401">
                              <Name lang="pt">Síndrome malformativo</Name>
                            </DisorderType>
                          </Disorder>
                          <ClassificationNodeChildList count="0">
                          </ClassificationNodeChildList>
                        </ClassificationNode>
                      </ClassificationNodeChildList>
                    </ClassificationNode>
                    <ClassificationNode>
                      <Disorder id="3057">
                        <OrphaCode>3243</OrphaCode>
                        <ExpertLink lang="pt">http://www.orpha.net/consor/cgi-bin/OC_Exp.php?lng=pt&amp;Expert=3243</ExpertLink>
                        <Name lang="pt">Síndrome Sweet</Name>
                        <DisorderType id="21394">
                          <Name lang="pt">Doença</Name>
                        </DisorderType>
                      </Disorder>
                      <ClassificationNodeChildList count="0">
                      </ClassificationNodeChildList>
                    </ClassificationNode>
                    <ClassificationNode>
                      <Disorder id="25241">
                        <OrphaCode>481671</OrphaCode>
                        <ExpertLink lang="pt">http://www.orpha.net/consor/cgi-bin/OC_Exp.php?lng=pt&amp;Expert=481671</ExpertLink>
                        <Name lang="pt">Interferonopatia tipo 1 da infância</Name>
                        <DisorderType id="36561">
                          <Name lang="pt">Category</Name>
                        </DisorderType>
                      </Disorder>
                      <ClassificationNodeChildList count="14">
                        <ClassificationNode>
                          <Disorder id="1309">
                            <OrphaCode>51</OrphaCode>
                            <ExpertLink lang="pt">http://www.orpha.net/consor/cgi-bin/OC_Exp.php?lng=pt&amp;Expert=51</ExpertLink>
                            <Name lang="pt">Síndrome Aicardi-Goutieres</Name>
                            <DisorderType id="21394">
                              <Name lang="pt">Doença</Name>
                            </DisorderType>
                          </Disorder>
                          <ClassificationNodeChildList count="0">
                          </ClassificationNodeChildList>
                        </ClassificationNode>
                        <ClassificationNode>
                          <Disorder id="25239">
                            <OrphaCode>481662</OrphaCode>
                            <ExpertLink lang="pt">http://www.orpha.net/consor/cgi-bin/OC_Exp.php?lng=pt&amp;Expert=481662</ExpertLink>
                            <Name lang="pt">Lupus eritematoso familiar tipo Chiblain</Name>
                            <DisorderType id="21394">
                              <Name lang="pt">Doença</Name>
                            </DisorderType>
                          </Disorder>
                          <ClassificationNodeChildList count="0">
                          </ClassificationNodeChildList>
                        </ClassificationNode>
                        <ClassificationNode>
                          <Disorder id="2842">
                            <OrphaCode>1855</OrphaCode>
                            <ExpertLink lang="pt">http://www.orpha.net/consor/cgi-bin/OC_Exp.php?lng=pt&amp;Expert=1855</ExpertLink>
                            <Name lang="pt">Espondilo-encondrodisplasia</Name>
                            <DisorderType id="21401">
                              <Name lang="pt">Síndrome malformativo</Name>
                            </DisorderType>
                          </Disorder>
                          <ClassificationNodeChildList count="0">
                          </ClassificationNodeChildList>
                        </ClassificationNode>
                        <ClassificationNode>
                          <Disorder id="21114">
                            <OrphaCode>300345</OrphaCode>
                            <ExpertLink lang="pt">http://www.orpha.net/consor/cgi-bin/OC_Exp.php?lng=pt&amp;Expert=300345</ExpertLink>
                            <Name lang="pt">Lúpus eritematoso sistémico autossómico</Name>
                            <DisorderType id="21394">
                              <Name lang="pt">Doença</Name>
                            </DisorderType>
                          </Disorder>
                          <ClassificationNodeChildList count="0">
                          </ClassificationNodeChildList>
                        </ClassificationNode>
                        <ClassificationNode>
                          <Disorder id="21819">
                            <OrphaCode>324977</OrphaCode>
                            <ExpertLink lang="pt">http://www.orpha.net/consor/cgi-bin/OC_Exp.php?lng=pt&amp;Expert=324977</ExpertLink>
                            <Name lang="pt">Síndrome autoinflamatório associado aos proteossomas</Name>
                            <DisorderType id="21394">
                              <Name lang="pt">Doença</Name>
                            </DisorderType>
                          </Disorder>
                          <ClassificationNodeChildList count="0">
                          </ClassificationNodeChildList>
                        </ClassificationNode>
                        <ClassificationNode>
                          <Disorder id="11649">
                            <OrphaCode>85191</OrphaCode>
                            <ExpertLink lang="pt">http://www.orpha.net/consor/cgi-bin/OC_Exp.php?lng=pt&amp;Expert=85191</ExpertLink>
                            <Name lang="pt">Displasia de Singleton-Merten</Name>
                            <DisorderType id="21401">
                              <Name lang="pt">Síndrome malformativo</Name>
                            </DisorderType>
                          </Disorder>
                          <ClassificationNodeChildList count="0">
                          </ClassificationNodeChildList>
                        </ClassificationNode>
                        <ClassificationNode>
                          <Disorder id="21674">
                            <OrphaCode>319563</OrphaCode>
                            <ExpertLink lang="pt">http://www.orpha.net/consor/cgi-bin/OC_Exp.php?lng=pt&amp;Expert=319563</ExpertLink>
                            <Name lang="pt">Suscetibilidade mendeliana a doenças micobacterianas por deficiência completa de ISG15</Name>
                            <DisorderType id="21394">
                              <Name lang="pt">Doença</Name>
                            </DisorderType>
                          </Disorder>
                          <ClassificationNodeChildList count="0">
                          </ClassificationNodeChildList>
                        </ClassificationNode>
                        <ClassificationNode>
                          <Disorder id="11605">
                            <OrphaCode>84064</OrphaCode>
                            <ExpertLink lang="pt">http://www.orpha.net/consor/cgi-bin/OC_Exp.php?lng=pt&amp;Expert=84064</ExpertLink>
                            <Name lang="pt">Diarreia sindromática</Name>
                            <DisorderType id="21394">
                              <Name lang="pt">Doença</Name>
                            </DisorderType>
                          </Disorder>
                          <ClassificationNodeChildList count="0">
                          </ClassificationNodeChildList>
                        </ClassificationNode>
                        <ClassificationNode>
                          <Disorder id="23209">
                            <OrphaCode>425120</OrphaCode>
                            <ExpertLink lang="pt">http://www.orpha.net/consor/cgi-bin/OC_Exp.php?lng=pt&amp;Expert=425120</ExpertLink>
                            <Name lang="pt">Vasculopatia STING-associada com início na infância</Name>
                            <DisorderType id="21394">
                              <Name lang="pt">Doença</Name>
                            </DisorderType>
                          </Disorder>
                          <ClassificationNodeChildList count="0">
                          </ClassificationNodeChildList>
                        </ClassificationNode>
                        <ClassificationNode>
                          <Disorder id="11724">
                            <OrphaCode>85453</OrphaCode>
                            <ExpertLink lang="pt">http://www.orpha.net/consor/cgi-bin/OC_Exp.php?lng=pt&amp;Expert=85453</ExpertLink>
                            <Name lang="pt">Doença de Partington</Name>
                            <DisorderType id="21394">
                              <Name lang="pt">Doença</Name>
                            </DisorderType>
                          </Disorder>
                          <ClassificationNodeChildList count="0">
                          </ClassificationNodeChildList>
                        </ClassificationNode>
                        <ClassificationNode>
                          <Disorder id="22938">
                            <OrphaCode>404553</OrphaCode>
                            <ExpertLink lang="pt">http://www.orpha.net/consor/cgi-bin/OC_Exp.php?lng=pt&amp;Expert=404553</ExpertLink>
                            <Name lang="pt">Deficiência de adenosina deaminase 2</Name>
                            <DisorderType id="21394">
                              <Name lang="pt">Doença</Name>
                            </DisorderType>
                          </Disorder>
                          <ClassificationNodeChildList count="0">
                          </ClassificationNodeChildList>
                        </ClassificationNode>
                        <ClassificationNode>
                          <Disorder id="25240">
                            <OrphaCode>481665</OrphaCode>
                            <ExpertLink lang="pt">http://www.orpha.net/consor/cgi-bin/OC_Exp.php?lng=pt&amp;Expert=481665</ExpertLink>
                            <Name lang="pt">Défice de UPS18</Name>
                            <DisorderType id="21394">
                              <Name lang="pt">Doença</Name>
                            </DisorderType>
                          </Disorder>
                          <ClassificationNodeChildList count="0">
                          </ClassificationNodeChildList>
                        </ClassificationNode>
                        <ClassificationNode>
                          <Disorder id="31416">
                            <OrphaCode>619367</OrphaCode>
                            <ExpertLink lang="pt">http://www.orpha.net/consor/cgi-bin/OC_Exp.php?lng=pt&amp;Expert=619367</ExpertLink>
                            <Name lang="pt">Síndrome autoinflamatória SAMD9L-associada</Name>
                            <DisorderType id="21394">
                              <Name lang="pt">Doença</Name>
                            </DisorderType>
                          </Disorder>
                          <ClassificationNodeChildList count="0">
                          </ClassificationNodeChildList>
                        </ClassificationNode>
                        <ClassificationNode>
                          <Disorder id="32407">
                            <OrphaCode>699605</OrphaCode>
                            <ExpertLink lang="pt">http://www.orpha.net/consor/cgi-bin/OC_Exp.php?lng=pt&amp;Expert=699605</ExpertLink>
                            <Name lang="pt">NEMO deleted exon 5 autoinflammatory syndrome</Name>
                            <DisorderType id="21394">
                              <Name lang="pt">Doença</Name>
                            </DisorderType>
                          </Disorder>
                          <ClassificationNodeChildList count="0">
                          </ClassificationNodeChildList>
                        </ClassificationNode>
                      </ClassificationNodeChildList>
                    </ClassificationNode>
                  </ClassificationNodeChildList>
                </ClassificationNode>
                <ClassificationNode>
                  <Disorder id="21950">
                    <OrphaCode>329967</OrphaCode>
                    <ExpertLink lang="pt">http://www.orpha.net/consor/cgi-bin/OC_Exp.php?lng=pt&amp;Expert=329967</ExpertLink>
                    <Name lang="pt">Hidrartrose intermitente</Name>
                    <DisorderType id="21394">
                      <Name lang="pt">Doença</Name>
                    </DisorderType>
                  </Disorder>
                  <ClassificationNodeChildList count="0">
                  </ClassificationNodeChildList>
                </ClassificationNode>
                <ClassificationNode>
                  <Disorder id="25135">
                    <OrphaCode>477650</OrphaCode>
                    <ExpertLink lang="pt">http://www.orpha.net/consor/cgi-bin/OC_Exp.php?lng=pt&amp;Expert=477650</ExpertLink>
                    <Name lang="pt">Reumatismo fibroblástico</Name>
                    <DisorderType id="21394">
                      <Name lang="pt">Doença</Name>
                    </DisorderType>
                  </Disorder>
                  <ClassificationNodeChildList count="0">
                  </ClassificationNodeChildList>
                </ClassificationNode>
              </ClassificationNodeChildList>
            </ClassificationNode>
          </ClassificationNodeChildList>
        </ClassificationNode>
      </ClassificationNodeRootList>
    </Classification>
  </ClassificationList>
</JDBOR>
