<?xml version="1.0" encoding="UTF-8"?>
<JDBOR ExtractionDate="2025-06-24 07:58:38" version="1.3.42 / 4.1.8 [2025-03-03]" copyright="Orphanet (c) 2025" dbserver="jdbc:sybase:Tds:canard.orpha.net:2020">
  <Availability> 
    <Licence>
      <FullName lang="en">Creative Commons Attribution 4.0 International</FullName>
      <ShortIdentifier>CC-BY-4.0</ShortIdentifier>
      <LegalCode>https://creativecommons.org/licenses/by/4.0/legalcode</LegalCode>
    </Licence>
  </Availability>
  <ClassificationList count="1">
    <Classification id="212">
      <OrphaNumber>164832</OrphaNumber>
      <Name lang="pt">Classificação Orphanet das doenças alérgicas raras</Name>
      <ClassificationNodeRootList count="1">
        <ClassificationNode>
          <Disorder id="13068">
            <OrphaCode>98050</OrphaCode>
            <ExpertLink lang="pt">http://www.orpha.net/consor/cgi-bin/OC_Exp.php?lng=pt&amp;Expert=98050</ExpertLink>
            <Name lang="pt">Doença alérgica rara</Name>
            <DisorderType id="36561">
              <Name lang="pt">Category</Name>
            </DisorderType>
          </Disorder>
          <ClassificationNodeChildList count="4">
            <ClassificationNode>
              <Disorder id="8618">
                <OrphaCode>658</OrphaCode>
                <ExpertLink lang="pt">http://www.orpha.net/consor/cgi-bin/OC_Exp.php?lng=pt&amp;Expert=658</ExpertLink>
                <Name lang="pt">Edema angio-neurótico</Name>
                <DisorderType id="21436">
                  <Name lang="pt">Grupo de fenótipos</Name>
                </DisorderType>
              </Disorder>
              <ClassificationNodeChildList count="2">
                <ClassificationNode>
                  <Disorder id="12136">
                    <OrphaCode>91378</OrphaCode>
                    <ExpertLink lang="pt">http://www.orpha.net/consor/cgi-bin/OC_Exp.php?lng=pt&amp;Expert=91378</ExpertLink>
                    <Name lang="pt">Angioedema hereditário</Name>
                    <DisorderType id="21436">
                      <Name lang="pt">Grupo de fenótipos</Name>
                    </DisorderType>
                  </Disorder>
                  <ClassificationNodeChildList count="2">
                    <ClassificationNode>
                      <Disorder id="27541">
                        <OrphaCode>528623</OrphaCode>
                        <ExpertLink lang="pt">http://www.orpha.net/consor/cgi-bin/OC_Exp.php?lng=pt&amp;Expert=528623</ExpertLink>
                        <Name lang="pt">Angioedema hereditário com deficiência C1Inh</Name>
                        <DisorderType id="21394">
                          <Name lang="pt">Doença</Name>
                        </DisorderType>
                      </Disorder>
                      <ClassificationNodeChildList count="2">
                        <ClassificationNode>
                          <Disorder id="14623">
                            <OrphaCode>100050</OrphaCode>
                            <ExpertLink lang="pt">http://www.orpha.net/consor/cgi-bin/OC_Exp.php?lng=pt&amp;Expert=100050</ExpertLink>
                            <Name lang="pt">Angioedema hereditário tipo 1</Name>
                            <DisorderType id="21443">
                              <Name lang="pt">Subtipo etiologico</Name>
                            </DisorderType>
                          </Disorder>
                          <ClassificationNodeChildList count="0">
                          </ClassificationNodeChildList>
                        </ClassificationNode>
                        <ClassificationNode>
                          <Disorder id="14624">
                            <OrphaCode>100051</OrphaCode>
                            <ExpertLink lang="pt">http://www.orpha.net/consor/cgi-bin/OC_Exp.php?lng=pt&amp;Expert=100051</ExpertLink>
                            <Name lang="pt">Angioedema hereditário tipo 2</Name>
                            <DisorderType id="21443">
                              <Name lang="pt">Subtipo etiologico</Name>
                            </DisorderType>
                          </Disorder>
                          <ClassificationNodeChildList count="0">
                          </ClassificationNodeChildList>
                        </ClassificationNode>
                      </ClassificationNodeChildList>
                    </ClassificationNode>
                    <ClassificationNode>
                      <Disorder id="27542">
                        <OrphaCode>528647</OrphaCode>
                        <ExpertLink lang="pt">http://www.orpha.net/consor/cgi-bin/OC_Exp.php?lng=pt&amp;Expert=528647</ExpertLink>
                        <Name lang="pt">Angioedema adquirido com C1Inh normal</Name>
                        <DisorderType id="21394">
                          <Name lang="pt">Doença</Name>
                        </DisorderType>
                      </Disorder>
                      <ClassificationNodeChildList count="3">
                        <ClassificationNode>
                          <Disorder id="14627">
                            <OrphaCode>100054</OrphaCode>
                            <ExpertLink lang="pt">http://www.orpha.net/consor/cgi-bin/OC_Exp.php?lng=pt&amp;Expert=100054</ExpertLink>
                            <Name lang="pt">Angioedema hereditário F12-relacionado com C1Inh normal</Name>
                            <DisorderType id="21450">
                              <Name lang="pt">Subtipo clínico</Name>
                            </DisorderType>
                          </Disorder>
                          <ClassificationNodeChildList count="0">
                          </ClassificationNodeChildList>
                        </ClassificationNode>
                        <ClassificationNode>
                          <Disorder id="27892">
                            <OrphaCode>537072</OrphaCode>
                            <ExpertLink lang="pt">http://www.orpha.net/consor/cgi-bin/OC_Exp.php?lng=pt&amp;Expert=537072</ExpertLink>
                            <Name lang="pt">Angioedema hereditário PLG-relacionado com C1Inh normal</Name>
                            <DisorderType id="21450">
                              <Name lang="pt">Subtipo clínico</Name>
                            </DisorderType>
                          </Disorder>
                          <ClassificationNodeChildList count="0">
                          </ClassificationNodeChildList>
                        </ClassificationNode>
                        <ClassificationNode>
                          <Disorder id="29926">
                            <OrphaCode>599418</OrphaCode>
                            <ExpertLink lang="pt">http://www.orpha.net/consor/cgi-bin/OC_Exp.php?lng=pt&amp;Expert=599418</ExpertLink>
                            <Name lang="pt">Angioedema hereditário com C1Inh normal não relacionado com F12 ou PLG</Name>
                            <DisorderType id="21450">
                              <Name lang="pt">Subtipo clínico</Name>
                            </DisorderType>
                          </Disorder>
                          <ClassificationNodeChildList count="0">
                          </ClassificationNodeChildList>
                        </ClassificationNode>
                      </ClassificationNodeChildList>
                    </ClassificationNode>
                  </ClassificationNodeChildList>
                </ClassificationNode>
                <ClassificationNode>
                  <Disorder id="12137">
                    <OrphaCode>91385</OrphaCode>
                    <ExpertLink lang="pt">http://www.orpha.net/consor/cgi-bin/OC_Exp.php?lng=pt&amp;Expert=91385</ExpertLink>
                    <Name lang="pt">Angioedema adquirido</Name>
                    <DisorderType id="21436">
                      <Name lang="pt">Grupo de fenótipos</Name>
                    </DisorderType>
                  </Disorder>
                  <ClassificationNodeChildList count="2">
                    <ClassificationNode>
                      <Disorder id="27543">
                        <OrphaCode>528663</OrphaCode>
                        <ExpertLink lang="pt">http://www.orpha.net/consor/cgi-bin/OC_Exp.php?lng=pt&amp;Expert=528663</ExpertLink>
                        <Name lang="pt">Angioedema adquirido com deficiência C1Inh</Name>
                        <DisorderType id="21394">
                          <Name lang="pt">Doença</Name>
                        </DisorderType>
                      </Disorder>
                      <ClassificationNodeChildList count="2">
                        <ClassificationNode>
                          <Disorder id="14628">
                            <OrphaCode>100055</OrphaCode>
                            <ExpertLink lang="pt">http://www.orpha.net/consor/cgi-bin/OC_Exp.php?lng=pt&amp;Expert=100055</ExpertLink>
                            <Name lang="pt">Angioedema adquirido, tipo II</Name>
                            <DisorderType id="21450">
                              <Name lang="pt">Subtipo clínico</Name>
                            </DisorderType>
                          </Disorder>
                          <ClassificationNodeChildList count="0">
                          </ClassificationNodeChildList>
                        </ClassificationNode>
                        <ClassificationNode>
                          <Disorder id="14629">
                            <OrphaCode>100056</OrphaCode>
                            <ExpertLink lang="pt">http://www.orpha.net/consor/cgi-bin/OC_Exp.php?lng=pt&amp;Expert=100056</ExpertLink>
                            <Name lang="pt">Angioedema adquirido, tipo I</Name>
                            <DisorderType id="21450">
                              <Name lang="pt">Subtipo clínico</Name>
                            </DisorderType>
                          </Disorder>
                          <ClassificationNodeChildList count="0">
                          </ClassificationNodeChildList>
                        </ClassificationNode>
                      </ClassificationNodeChildList>
                    </ClassificationNode>
                    <ClassificationNode>
                      <Disorder id="14630">
                        <OrphaCode>100057</OrphaCode>
                        <ExpertLink lang="pt">http://www.orpha.net/consor/cgi-bin/OC_Exp.php?lng=pt&amp;Expert=100057</ExpertLink>
                        <Name lang="pt">Angioedema, relacionado com o inibidor da ECA</Name>
                        <DisorderType id="21394">
                          <Name lang="pt">Doença</Name>
                        </DisorderType>
                      </Disorder>
                      <ClassificationNodeChildList count="0">
                      </ClassificationNodeChildList>
                    </ClassificationNode>
                  </ClassificationNodeChildList>
                </ClassificationNode>
              </ClassificationNodeChildList>
            </ClassificationNode>
            <ClassificationNode>
              <Disorder id="11410">
                <OrphaCode>79384</OrphaCode>
                <ExpertLink lang="pt">http://www.orpha.net/consor/cgi-bin/OC_Exp.php?lng=pt&amp;Expert=79384</ExpertLink>
                <Name lang="pt">Urticária rara</Name>
                <DisorderType id="36561">
                  <Name lang="pt">Category</Name>
                </DisorderType>
              </Disorder>
              <ClassificationNodeChildList count="3">
                <ClassificationNode>
                  <Disorder id="2296">
                    <OrphaCode>2483</OrphaCode>
                    <ExpertLink lang="pt">http://www.orpha.net/consor/cgi-bin/OC_Exp.php?lng=pt&amp;Expert=2483</ExpertLink>
                    <Name lang="pt">Síndrome Melkersson-Rosenthal</Name>
                    <DisorderType id="21401">
                      <Name lang="pt">Síndrome malformativo</Name>
                    </DisorderType>
                  </Disorder>
                  <ClassificationNodeChildList count="0">
                  </ClassificationNodeChildList>
                </ClassificationNode>
                <ClassificationNode>
                  <Disorder id="10849">
                    <OrphaCode>64745</OrphaCode>
                    <ExpertLink lang="pt">http://www.orpha.net/consor/cgi-bin/OC_Exp.php?lng=pt&amp;Expert=64745</ExpertLink>
                    <Name lang="pt">Pápulas e placas pruriginosa urticárias da gravidez</Name>
                    <DisorderType id="21394">
                      <Name lang="pt">Doença</Name>
                    </DisorderType>
                  </Disorder>
                  <ClassificationNodeChildList count="0">
                  </ClassificationNodeChildList>
                </ClassificationNode>
                <ClassificationNode>
                  <Disorder id="25553">
                    <OrphaCode>493342</OrphaCode>
                    <ExpertLink lang="pt">http://www.orpha.net/consor/cgi-bin/OC_Exp.php?lng=pt&amp;Expert=493342</ExpertLink>
                    <Name lang="pt">Urticária vibratória</Name>
                    <DisorderType id="21394">
                      <Name lang="pt">Doença</Name>
                    </DisorderType>
                  </Disorder>
                  <ClassificationNodeChildList count="0">
                  </ClassificationNodeChildList>
                </ClassificationNode>
              </ClassificationNodeChildList>
            </ClassificationNode>
            <ClassificationNode>
              <Disorder id="13070">
                <OrphaCode>98052</OrphaCode>
                <ExpertLink lang="pt">http://www.orpha.net/consor/cgi-bin/OC_Exp.php?lng=pt&amp;Expert=98052</ExpertLink>
                <Name lang="pt">Doença alérgica respiratória, rara</Name>
                <DisorderType id="36561">
                  <Name lang="pt">Category</Name>
                </DisorderType>
              </Disorder>
              <ClassificationNodeChildList count="3">
                <ClassificationNode>
                  <Disorder id="744">
                    <OrphaCode>1164</OrphaCode>
                    <ExpertLink lang="pt">http://www.orpha.net/consor/cgi-bin/OC_Exp.php?lng=pt&amp;Expert=1164</ExpertLink>
                    <Name lang="pt">Aspergilose broncopulmonar alérgica</Name>
                    <DisorderType id="21394">
                      <Name lang="pt">Doença</Name>
                    </DisorderType>
                  </Disorder>
                  <ClassificationNodeChildList count="0">
                  </ClassificationNodeChildList>
                </ClassificationNode>
                <ClassificationNode>
                  <Disorder id="7033">
                    <OrphaCode>2902</OrphaCode>
                    <ExpertLink lang="pt">http://www.orpha.net/consor/cgi-bin/OC_Exp.php?lng=pt&amp;Expert=2902</ExpertLink>
                    <Name lang="pt">Pneumopatia eosinofílica crónica idiopática</Name>
                    <DisorderType id="21394">
                      <Name lang="pt">Doença</Name>
                    </DisorderType>
                  </Disorder>
                  <ClassificationNodeChildList count="0">
                  </ClassificationNodeChildList>
                </ClassificationNode>
                <ClassificationNode>
                  <Disorder id="9794">
                    <OrphaCode>31740</OrphaCode>
                    <ExpertLink lang="pt">http://www.orpha.net/consor/cgi-bin/OC_Exp.php?lng=pt&amp;Expert=31740</ExpertLink>
                    <Name lang="pt">Pneumonite de hipersensibilidade</Name>
                    <DisorderType id="21394">
                      <Name lang="pt">Doença</Name>
                    </DisorderType>
                  </Disorder>
                  <ClassificationNodeChildList count="2">
                    <ClassificationNode>
                      <Disorder id="32172">
                        <OrphaCode>686462</OrphaCode>
                        <ExpertLink lang="pt">http://www.orpha.net/consor/cgi-bin/OC_Exp.php?lng=pt&amp;Expert=686462</ExpertLink>
                        <Name lang="pt">Pneumonite de hipersensibilidade não fibrótica</Name>
                        <DisorderType id="21450">
                          <Name lang="pt">Subtipo clínico</Name>
                        </DisorderType>
                      </Disorder>
                      <ClassificationNodeChildList count="0">
                      </ClassificationNodeChildList>
                    </ClassificationNode>
                    <ClassificationNode>
                      <Disorder id="32173">
                        <OrphaCode>686465</OrphaCode>
                        <ExpertLink lang="pt">http://www.orpha.net/consor/cgi-bin/OC_Exp.php?lng=pt&amp;Expert=686465</ExpertLink>
                        <Name lang="pt">Pneumonite de hipersensibilidade fibrótica</Name>
                        <DisorderType id="21450">
                          <Name lang="pt">Subtipo clínico</Name>
                        </DisorderType>
                      </Disorder>
                      <ClassificationNodeChildList count="0">
                      </ClassificationNodeChildList>
                    </ClassificationNode>
                  </ClassificationNodeChildList>
                </ClassificationNode>
              </ClassificationNodeChildList>
            </ClassificationNode>
            <ClassificationNode>
              <Disorder id="22459">
                <OrphaCode>369992</OrphaCode>
                <ExpertLink lang="pt">http://www.orpha.net/consor/cgi-bin/OC_Exp.php?lng=pt&amp;Expert=369992</ExpertLink>
                <Name lang="pt">Síndrome de dermatite grave  alergias múltiplas  degradação metabólica</Name>
                <DisorderType id="21394">
                  <Name lang="pt">Doença</Name>
                </DisorderType>
              </Disorder>
              <ClassificationNodeChildList count="0">
              </ClassificationNodeChildList>
            </ClassificationNode>
          </ClassificationNodeChildList>
        </ClassificationNode>
      </ClassificationNodeRootList>
    </Classification>
  </ClassificationList>
</JDBOR>
