<?xml version="1.0" encoding="UTF-8"?>
<JDBOR ExtractionDate="2025-06-24 07:59:14" version="1.3.42 / 4.1.8 [2025-03-03]" copyright="Orphanet (c) 2025" dbserver="jdbc:sybase:Tds:canard.orpha.net:2020">
  <Availability> 
    <Licence>
      <FullName lang="en">Creative Commons Attribution 4.0 International</FullName>
      <ShortIdentifier>CC-BY-4.0</ShortIdentifier>
      <LegalCode>https://creativecommons.org/licenses/by/4.0/legalcode</LegalCode>
    </Licence>
  </Availability>
  <ClassificationList count="1">
    <Classification id="216">
      <OrphaNumber>168923</OrphaNumber>
      <Name lang="pt">Classificação Orphanet das doenças teratológicas</Name>
      <ClassificationNodeRootList count="1">
        <ClassificationNode>
          <Disorder id="10701">
            <OrphaCode>52662</OrphaCode>
            <ExpertLink lang="pt">http://www.orpha.net/consor/cgi-bin/OC_Exp.php?lng=pt&amp;Expert=52662</ExpertLink>
            <Name lang="pt">Doença teratológica</Name>
            <DisorderType id="36561">
              <Name lang="pt">Category</Name>
            </DisorderType>
          </Disorder>
          <ClassificationNodeChildList count="3">
            <ClassificationNode>
              <Disorder id="19217">
                <OrphaCode>232035</OrphaCode>
                <ExpertLink lang="pt">http://www.orpha.net/consor/cgi-bin/OC_Exp.php?lng=pt&amp;Expert=232035</ExpertLink>
                <Name lang="pt">Embriofetopatia infeciosa</Name>
                <DisorderType id="36561">
                  <Name lang="pt">Category</Name>
                </DisorderType>
              </Disorder>
              <ClassificationNodeChildList count="9">
                <ClassificationNode>
                  <Disorder id="488">
                    <OrphaCode>295</OrphaCode>
                    <ExpertLink lang="pt">http://www.orpha.net/consor/cgi-bin/OC_Exp.php?lng=pt&amp;Expert=295</ExpertLink>
                    <Name lang="pt">Síndrome de parvovírus fetal</Name>
                    <DisorderType id="21401">
                      <Name lang="pt">Síndrome malformativo</Name>
                    </DisorderType>
                  </Disorder>
                  <ClassificationNodeChildList count="0">
                  </ClassificationNodeChildList>
                </ClassificationNode>
                <ClassificationNode>
                  <Disorder id="575">
                    <OrphaCode>290</OrphaCode>
                    <ExpertLink lang="pt">http://www.orpha.net/consor/cgi-bin/OC_Exp.php?lng=pt&amp;Expert=290</ExpertLink>
                    <Name lang="pt">Síndrome de rubéola congénita</Name>
                    <DisorderType id="21394">
                      <Name lang="pt">Doença</Name>
                    </DisorderType>
                  </Disorder>
                  <ClassificationNodeChildList count="0">
                  </ClassificationNodeChildList>
                </ClassificationNode>
                <ClassificationNode>
                  <Disorder id="596">
                    <OrphaCode>858</OrphaCode>
                    <ExpertLink lang="pt">http://www.orpha.net/consor/cgi-bin/OC_Exp.php?lng=pt&amp;Expert=858</ExpertLink>
                    <Name lang="pt">Toxoplasmose congénita</Name>
                    <DisorderType id="21394">
                      <Name lang="pt">Doença</Name>
                    </DisorderType>
                  </Disorder>
                  <ClassificationNodeChildList count="0">
                  </ClassificationNodeChildList>
                </ClassificationNode>
                <ClassificationNode>
                  <Disorder id="602">
                    <OrphaCode>291</OrphaCode>
                    <ExpertLink lang="pt">http://www.orpha.net/consor/cgi-bin/OC_Exp.php?lng=pt&amp;Expert=291</ExpertLink>
                    <Name lang="pt">Síndrome varicela congénita</Name>
                    <DisorderType id="21394">
                      <Name lang="pt">Doença</Name>
                    </DisorderType>
                  </Disorder>
                  <ClassificationNodeChildList count="0">
                  </ClassificationNodeChildList>
                </ClassificationNode>
                <ClassificationNode>
                  <Disorder id="804">
                    <OrphaCode>293</OrphaCode>
                    <ExpertLink lang="pt">http://www.orpha.net/consor/cgi-bin/OC_Exp.php?lng=pt&amp;Expert=293</ExpertLink>
                    <Name lang="pt">Infeção por herpes vírus congénita</Name>
                    <DisorderType id="21394">
                      <Name lang="pt">Doença</Name>
                    </DisorderType>
                  </Disorder>
                  <ClassificationNodeChildList count="0">
                  </ClassificationNodeChildList>
                </ClassificationNode>
                <ClassificationNode>
                  <Disorder id="1878">
                    <OrphaCode>294</OrphaCode>
                    <ExpertLink lang="pt">http://www.orpha.net/consor/cgi-bin/OC_Exp.php?lng=pt&amp;Expert=294</ExpertLink>
                    <Name lang="pt">Síndrome de citomegalovírus fetal</Name>
                    <DisorderType id="21394">
                      <Name lang="pt">Doença</Name>
                    </DisorderType>
                  </Disorder>
                  <ClassificationNodeChildList count="0">
                  </ClassificationNodeChildList>
                </ClassificationNode>
                <ClassificationNode>
                  <Disorder id="3402">
                    <OrphaCode>292</OrphaCode>
                    <ExpertLink lang="pt">http://www.orpha.net/consor/cgi-bin/OC_Exp.php?lng=pt&amp;Expert=292</ExpertLink>
                    <Name lang="pt">Infeção congénita por Enterovírus</Name>
                    <DisorderType id="21394">
                      <Name lang="pt">Doença</Name>
                    </DisorderType>
                  </Disorder>
                  <ClassificationNodeChildList count="0">
                  </ClassificationNodeChildList>
                </ClassificationNode>
                <ClassificationNode>
                  <Disorder id="10967">
                    <OrphaCode>70596</OrphaCode>
                    <ExpertLink lang="pt">http://www.orpha.net/consor/cgi-bin/OC_Exp.php?lng=pt&amp;Expert=70596</ExpertLink>
                    <Name lang="pt">Infeção congénita por vírus Epstein-Barr</Name>
                    <DisorderType id="21394">
                      <Name lang="pt">Doença</Name>
                    </DisorderType>
                  </Disorder>
                  <ClassificationNodeChildList count="0">
                  </ClassificationNodeChildList>
                </ClassificationNode>
                <ClassificationNode>
                  <Disorder id="25941">
                    <OrphaCode>499009</OrphaCode>
                    <ExpertLink lang="pt">http://www.orpha.net/consor/cgi-bin/OC_Exp.php?lng=pt&amp;Expert=499009</ExpertLink>
                    <Name lang="pt">Sífilis congénita</Name>
                    <DisorderType id="21394">
                      <Name lang="pt">Doença</Name>
                    </DisorderType>
                  </Disorder>
                  <ClassificationNodeChildList count="0">
                  </ClassificationNodeChildList>
                </ClassificationNode>
              </ClassificationNodeChildList>
            </ClassificationNode>
            <ClassificationNode>
              <Disorder id="19645">
                <OrphaCode>251529</OrphaCode>
                <ExpertLink lang="pt">http://www.orpha.net/consor/cgi-bin/OC_Exp.php?lng=pt&amp;Expert=251529</ExpertLink>
                <Name lang="pt">Embriofetopatia tóxica ou relacionada com fármacos</Name>
                <DisorderType id="36561">
                  <Name lang="pt">Category</Name>
                </DisorderType>
              </Disorder>
              <ClassificationNodeChildList count="17">
                <ClassificationNode>
                  <Disorder id="25307">
                    <OrphaCode>485358</OrphaCode>
                    <ExpertLink lang="pt">http://www.orpha.net/consor/cgi-bin/OC_Exp.php?lng=pt&amp;Expert=485358</ExpertLink>
                    <Name lang="pt">Propiltiouracil embriofetopatia</Name>
                    <DisorderType id="21401">
                      <Name lang="pt">Síndrome malformativo</Name>
                    </DisorderType>
                  </Disorder>
                  <ClassificationNodeChildList count="0">
                  </ClassificationNodeChildList>
                </ClassificationNode>
                <ClassificationNode>
                  <Disorder id="487">
                    <OrphaCode>1915</OrphaCode>
                    <ExpertLink lang="pt">http://www.orpha.net/consor/cgi-bin/OC_Exp.php?lng=pt&amp;Expert=1915</ExpertLink>
                    <Name lang="pt">Síndrome alcoólico fetal</Name>
                    <DisorderType id="21401">
                      <Name lang="pt">Síndrome malformativo</Name>
                    </DisorderType>
                  </Disorder>
                  <ClassificationNodeChildList count="0">
                  </ClassificationNodeChildList>
                </ClassificationNode>
                <ClassificationNode>
                  <Disorder id="1870">
                    <OrphaCode>1908</OrphaCode>
                    <ExpertLink lang="pt">http://www.orpha.net/consor/cgi-bin/OC_Exp.php?lng=pt&amp;Expert=1908</ExpertLink>
                    <Name lang="pt">Embriofetopatia por aminopterina/metotrexato</Name>
                    <DisorderType id="21401">
                      <Name lang="pt">Síndrome malformativo</Name>
                    </DisorderType>
                  </Disorder>
                  <ClassificationNodeChildList count="0">
                  </ClassificationNodeChildList>
                </ClassificationNode>
                <ClassificationNode>
                  <Disorder id="1871">
                    <OrphaCode>1909</OrphaCode>
                    <ExpertLink lang="pt">http://www.orpha.net/consor/cgi-bin/OC_Exp.php?lng=pt&amp;Expert=1909</ExpertLink>
                    <Name lang="pt">Embriofetopatia por indometacina</Name>
                    <DisorderType id="21401">
                      <Name lang="pt">Síndrome malformativo</Name>
                    </DisorderType>
                  </Disorder>
                  <ClassificationNodeChildList count="0">
                  </ClassificationNodeChildList>
                </ClassificationNode>
                <ClassificationNode>
                  <Disorder id="1872">
                    <OrphaCode>1910</OrphaCode>
                    <ExpertLink lang="pt">http://www.orpha.net/consor/cgi-bin/OC_Exp.php?lng=pt&amp;Expert=1910</ExpertLink>
                    <Name lang="pt">Síndrome iodo fetal</Name>
                    <DisorderType id="21401">
                      <Name lang="pt">Síndrome malformativo</Name>
                    </DisorderType>
                  </Disorder>
                  <ClassificationNodeChildList count="0">
                  </ClassificationNodeChildList>
                </ClassificationNode>
                <ClassificationNode>
                  <Disorder id="1873">
                    <OrphaCode>1911</OrphaCode>
                    <ExpertLink lang="pt">http://www.orpha.net/consor/cgi-bin/OC_Exp.php?lng=pt&amp;Expert=1911</ExpertLink>
                    <Name lang="pt">Embriofetopatia por cocaína</Name>
                    <DisorderType id="21401">
                      <Name lang="pt">Síndrome malformativo</Name>
                    </DisorderType>
                  </Disorder>
                  <ClassificationNodeChildList count="0">
                  </ClassificationNodeChildList>
                </ClassificationNode>
                <ClassificationNode>
                  <Disorder id="1874">
                    <OrphaCode>1918</OrphaCode>
                    <ExpertLink lang="pt">http://www.orpha.net/consor/cgi-bin/OC_Exp.php?lng=pt&amp;Expert=1918</ExpertLink>
                    <Name lang="pt">Síndrome de minoxidil fetal</Name>
                    <DisorderType id="21401">
                      <Name lang="pt">Síndrome malformativo</Name>
                    </DisorderType>
                  </Disorder>
                  <ClassificationNodeChildList count="0">
                  </ClassificationNodeChildList>
                </ClassificationNode>
                <ClassificationNode>
                  <Disorder id="1877">
                    <OrphaCode>1914</OrphaCode>
                    <ExpertLink lang="pt">http://www.orpha.net/consor/cgi-bin/OC_Exp.php?lng=pt&amp;Expert=1914</ExpertLink>
                    <Name lang="pt">Embriofetopatia por antagonistas da vitamina K</Name>
                    <DisorderType id="21401">
                      <Name lang="pt">Síndrome malformativo</Name>
                    </DisorderType>
                  </Disorder>
                  <ClassificationNodeChildList count="0">
                  </ClassificationNodeChildList>
                </ClassificationNode>
                <ClassificationNode>
                  <Disorder id="1879">
                    <OrphaCode>1916</OrphaCode>
                    <ExpertLink lang="pt">http://www.orpha.net/consor/cgi-bin/OC_Exp.php?lng=pt&amp;Expert=1916</ExpertLink>
                    <Name lang="pt">Embriofetopatia por dietilstilbestrol</Name>
                    <DisorderType id="21401">
                      <Name lang="pt">Síndrome malformativo</Name>
                    </DisorderType>
                  </Disorder>
                  <ClassificationNodeChildList count="0">
                  </ClassificationNodeChildList>
                </ClassificationNode>
                <ClassificationNode>
                  <Disorder id="1880">
                    <OrphaCode>1917</OrphaCode>
                    <ExpertLink lang="pt">http://www.orpha.net/consor/cgi-bin/OC_Exp.php?lng=pt&amp;Expert=1917</ExpertLink>
                    <Name lang="pt">Síndrome de metilmercúrio fetal</Name>
                    <DisorderType id="21401">
                      <Name lang="pt">Síndrome malformativo</Name>
                    </DisorderType>
                  </Disorder>
                  <ClassificationNodeChildList count="0">
                  </ClassificationNodeChildList>
                </ClassificationNode>
                <ClassificationNode>
                  <Disorder id="1882">
                    <OrphaCode>1920</OrphaCode>
                    <ExpertLink lang="pt">http://www.orpha.net/consor/cgi-bin/OC_Exp.php?lng=pt&amp;Expert=1920</ExpertLink>
                    <Name lang="pt">Embriofetopatia por tolueno</Name>
                    <DisorderType id="21401">
                      <Name lang="pt">Síndrome malformativo</Name>
                    </DisorderType>
                  </Disorder>
                  <ClassificationNodeChildList count="0">
                  </ClassificationNodeChildList>
                </ClassificationNode>
                <ClassificationNode>
                  <Disorder id="1885">
                    <OrphaCode>1923</OrphaCode>
                    <ExpertLink lang="pt">http://www.orpha.net/consor/cgi-bin/OC_Exp.php?lng=pt&amp;Expert=1923</ExpertLink>
                    <Name lang="pt">Embriofetopatia por metimazol</Name>
                    <DisorderType id="21401">
                      <Name lang="pt">Síndrome malformativo</Name>
                    </DisorderType>
                  </Disorder>
                  <ClassificationNodeChildList count="0">
                  </ClassificationNodeChildList>
                </ClassificationNode>
                <ClassificationNode>
                  <Disorder id="2166">
                    <OrphaCode>2305</OrphaCode>
                    <ExpertLink lang="pt">http://www.orpha.net/consor/cgi-bin/OC_Exp.php?lng=pt&amp;Expert=2305</ExpertLink>
                    <Name lang="pt">Síndrome isotretinoína</Name>
                    <DisorderType id="21401">
                      <Name lang="pt">Síndrome malformativo</Name>
                    </DisorderType>
                  </Disorder>
                  <ClassificationNodeChildList count="0">
                  </ClassificationNodeChildList>
                </ClassificationNode>
                <ClassificationNode>
                  <Disorder id="2943">
                    <OrphaCode>3312</OrphaCode>
                    <ExpertLink lang="pt">http://www.orpha.net/consor/cgi-bin/OC_Exp.php?lng=pt&amp;Expert=3312</ExpertLink>
                    <Name lang="pt">Embriopatia por talidomida</Name>
                    <DisorderType id="21401">
                      <Name lang="pt">Síndrome malformativo</Name>
                    </DisorderType>
                  </Disorder>
                  <ClassificationNodeChildList count="0">
                  </ClassificationNodeChildList>
                </ClassificationNode>
                <ClassificationNode>
                  <Disorder id="10462">
                    <OrphaCode>40366</OrphaCode>
                    <ExpertLink lang="pt">http://www.orpha.net/consor/cgi-bin/OC_Exp.php?lng=pt&amp;Expert=40366</ExpertLink>
                    <Name lang="pt">Embriofetopatia por acitretina/etretinato</Name>
                    <DisorderType id="21401">
                      <Name lang="pt">Síndrome malformativo</Name>
                    </DisorderType>
                  </Disorder>
                  <ClassificationNodeChildList count="0">
                  </ClassificationNodeChildList>
                </ClassificationNode>
                <ClassificationNode>
                  <Disorder id="20172">
                    <OrphaCode>268249</OrphaCode>
                    <ExpertLink lang="pt">http://www.orpha.net/consor/cgi-bin/OC_Exp.php?lng=pt&amp;Expert=268249</ExpertLink>
                    <Name lang="pt">Embriopatia por micofenolato de mofetil</Name>
                    <DisorderType id="21401">
                      <Name lang="pt">Síndrome malformativo</Name>
                    </DisorderType>
                  </Disorder>
                  <ClassificationNodeChildList count="0">
                  </ClassificationNodeChildList>
                </ClassificationNode>
                <ClassificationNode>
                  <Disorder id="22475">
                    <OrphaCode>370068</OrphaCode>
                    <ExpertLink lang="pt">http://www.orpha.net/consor/cgi-bin/OC_Exp.php?lng=pt&amp;Expert=370068</ExpertLink>
                    <Name lang="pt">Síndrome anticonvulsiva fetal</Name>
                    <DisorderType id="21436">
                      <Name lang="pt">Grupo de fenótipos</Name>
                    </DisorderType>
                  </Disorder>
                  <ClassificationNodeChildList count="5">
                    <ClassificationNode>
                      <Disorder id="1868">
                        <OrphaCode>1906</OrphaCode>
                        <ExpertLink lang="pt">http://www.orpha.net/consor/cgi-bin/OC_Exp.php?lng=pt&amp;Expert=1906</ExpertLink>
                        <Name lang="pt">Espectro clínico do valproato fetal</Name>
                        <DisorderType id="21401">
                          <Name lang="pt">Síndrome malformativo</Name>
                        </DisorderType>
                      </Disorder>
                      <ClassificationNodeChildList count="0">
                      </ClassificationNodeChildList>
                    </ClassificationNode>
                    <ClassificationNode>
                      <Disorder id="1875">
                        <OrphaCode>1912</OrphaCode>
                        <ExpertLink lang="pt">http://www.orpha.net/consor/cgi-bin/OC_Exp.php?lng=pt&amp;Expert=1912</ExpertLink>
                        <Name lang="pt">Síndrome de hidantoína fetal</Name>
                        <DisorderType id="21401">
                          <Name lang="pt">Síndrome malformativo</Name>
                        </DisorderType>
                      </Disorder>
                      <ClassificationNodeChildList count="0">
                      </ClassificationNodeChildList>
                    </ClassificationNode>
                    <ClassificationNode>
                      <Disorder id="1876">
                        <OrphaCode>1913</OrphaCode>
                        <ExpertLink lang="pt">http://www.orpha.net/consor/cgi-bin/OC_Exp.php?lng=pt&amp;Expert=1913</ExpertLink>
                        <Name lang="pt">Síndrome trimetadiona fetal</Name>
                        <DisorderType id="21401">
                          <Name lang="pt">Síndrome malformativo</Name>
                        </DisorderType>
                      </Disorder>
                      <ClassificationNodeChildList count="0">
                      </ClassificationNodeChildList>
                    </ClassificationNode>
                    <ClassificationNode>
                      <Disorder id="1881">
                        <OrphaCode>1919</OrphaCode>
                        <ExpertLink lang="pt">http://www.orpha.net/consor/cgi-bin/OC_Exp.php?lng=pt&amp;Expert=1919</ExpertLink>
                        <Name lang="pt">Embriofetopatia por fenobarbital</Name>
                        <DisorderType id="21401">
                          <Name lang="pt">Síndrome malformativo</Name>
                        </DisorderType>
                      </Disorder>
                      <ClassificationNodeChildList count="0">
                      </ClassificationNodeChildList>
                    </ClassificationNode>
                    <ClassificationNode>
                      <Disorder id="22476">
                        <OrphaCode>370076</OrphaCode>
                        <ExpertLink lang="pt">http://www.orpha.net/consor/cgi-bin/OC_Exp.php?lng=pt&amp;Expert=370076</ExpertLink>
                        <Name lang="pt">Síndrome da carbamazepina fetal</Name>
                        <DisorderType id="21401">
                          <Name lang="pt">Síndrome malformativo</Name>
                        </DisorderType>
                      </Disorder>
                      <ClassificationNodeChildList count="0">
                      </ClassificationNodeChildList>
                    </ClassificationNode>
                  </ClassificationNodeChildList>
                </ClassificationNode>
              </ClassificationNodeChildList>
            </ClassificationNode>
            <ClassificationNode>
              <Disorder id="19646">
                <OrphaCode>251535</OrphaCode>
                <ExpertLink lang="pt">http://www.orpha.net/consor/cgi-bin/OC_Exp.php?lng=pt&amp;Expert=251535</ExpertLink>
                <Name lang="pt">Embriofetopatia relacionada com doença materna</Name>
                <DisorderType id="36561">
                  <Name lang="pt">Category</Name>
                </DisorderType>
              </Disorder>
              <ClassificationNodeChildList count="3">
                <ClassificationNode>
                  <Disorder id="1888">
                    <OrphaCode>1926</OrphaCode>
                    <ExpertLink lang="pt">http://www.orpha.net/consor/cgi-bin/OC_Exp.php?lng=pt&amp;Expert=1926</ExpertLink>
                    <Name lang="pt">Embriopatia diabética</Name>
                    <DisorderType id="21401">
                      <Name lang="pt">Síndrome malformativo</Name>
                    </DisorderType>
                  </Disorder>
                  <ClassificationNodeChildList count="0">
                  </ClassificationNodeChildList>
                </ClassificationNode>
                <ClassificationNode>
                  <Disorder id="1889">
                    <OrphaCode>2209</OrphaCode>
                    <ExpertLink lang="pt">http://www.orpha.net/consor/cgi-bin/OC_Exp.php?lng=pt&amp;Expert=2209</ExpertLink>
                    <Name lang="pt">Fenilcetonúria materna</Name>
                    <DisorderType id="21401">
                      <Name lang="pt">Síndrome malformativo</Name>
                    </DisorderType>
                  </Disorder>
                  <ClassificationNodeChildList count="0">
                  </ClassificationNodeChildList>
                </ClassificationNode>
                <ClassificationNode>
                  <Disorder id="2093">
                    <OrphaCode>2216</OrphaCode>
                    <ExpertLink lang="pt">http://www.orpha.net/consor/cgi-bin/OC_Exp.php?lng=pt&amp;Expert=2216</ExpertLink>
                    <Name lang="pt">Anomalias fetais induzidas por hipertermia materna</Name>
                    <DisorderType id="21401">
                      <Name lang="pt">Síndrome malformativo</Name>
                    </DisorderType>
                  </Disorder>
                  <ClassificationNodeChildList count="0">
                  </ClassificationNodeChildList>
                </ClassificationNode>
              </ClassificationNodeChildList>
            </ClassificationNode>
          </ClassificationNodeChildList>
        </ClassificationNode>
      </ClassificationNodeRootList>
    </Classification>
  </ClassificationList>
</JDBOR>
